ISO-10303-21;
HEADER;
FILE_DESCRIPTION(('ViewDefinition[DesignTransferView]'),'2;1');
FILE_NAME('s04-activity.ifc','2026-10-05T19:06:22+08:00',(''),(''),'IfcOpenShell 0.8.5-post1','Bonsai 0.8.5-post1','Nobody');
FILE_SCHEMA(('IFC4'));
ENDSEC;
DATA;
#1=IFCPROJECT('1IUzXrMWr1zQRY5O5W7uGL',$,'My Project',$,$,$,$,(#10,#22),#5);
#2=IFCSIUNIT(*,.LENGTHUNIT.,$,.METRE.);
#3=IFCSIUNIT(*,.AREAUNIT.,$,.SQUARE_METRE.);
#4=IFCSIUNIT(*,.VOLUMEUNIT.,$,.CUBIC_METRE.);
#5=IFCUNITASSIGNMENT((#4,#2,#3));
#6=IFCCARTESIANPOINT((0.,0.,0.));
#7=IFCDIRECTION((0.,0.,1.));
#8=IFCDIRECTION((1.,0.,0.));
#9=IFCAXIS2PLACEMENT3D(#6,#7,#8);
#10=IFCGEOMETRICREPRESENTATIONCONTEXT($,'Model',3,1.0000000000000001E-05,#9,$);
#11=IFCGEOMETRICREPRESENTATIONSUBCONTEXT('Body','Model',*,*,*,*,#10,$,.MODEL_VIEW.,$);
#12=IFCGEOMETRICREPRESENTATIONSUBCONTEXT('Axis','Model',*,*,*,*,#10,$,.GRAPH_VIEW.,$);
#13=IFCGEOMETRICREPRESENTATIONSUBCONTEXT('Box','Model',*,*,*,*,#10,$,.MODEL_VIEW.,$);
#14=IFCGEOMETRICREPRESENTATIONSUBCONTEXT('Annotation','Model',*,*,*,*,#10,$,.SECTION_VIEW.,$);
#15=IFCGEOMETRICREPRESENTATIONSUBCONTEXT('Annotation','Model',*,*,*,*,#10,$,.ELEVATION_VIEW.,$);
#16=IFCGEOMETRICREPRESENTATIONSUBCONTEXT('Annotation','Model',*,*,*,*,#10,$,.MODEL_VIEW.,$);
#17=IFCGEOMETRICREPRESENTATIONSUBCONTEXT('Annotation','Model',*,*,*,*,#10,$,.PLAN_VIEW.,$);
#18=IFCGEOMETRICREPRESENTATIONSUBCONTEXT('Profile','Model',*,*,*,*,#10,$,.ELEVATION_VIEW.,$);
#19=IFCCARTESIANPOINT((0.,0.));
#20=IFCDIRECTION((1.,0.));
#21=IFCAXIS2PLACEMENT2D(#19,#20);
#22=IFCGEOMETRICREPRESENTATIONCONTEXT($,'Plan',2,1.0000000000000001E-05,#21,$);
#23=IFCGEOMETRICREPRESENTATIONSUBCONTEXT('Axis','Plan',*,*,*,*,#22,$,.GRAPH_VIEW.,$);
#24=IFCGEOMETRICREPRESENTATIONSUBCONTEXT('Body','Plan',*,*,*,*,#22,$,.PLAN_VIEW.,$);
#25=IFCGEOMETRICREPRESENTATIONSUBCONTEXT('Annotation','Plan',*,*,*,*,#22,$,.PLAN_VIEW.,$);
#26=IFCGEOMETRICREPRESENTATIONSUBCONTEXT('Annotation','Plan',*,*,*,*,#22,$,.REFLECTED_PLAN_VIEW.,$);
#27=IFCSITE('1jHhmAtr5CJR3Biy$fm_OU',$,'My Site',$,$,#50,$,$,$,$,$,$,$,$);
#33=IFCBUILDING('17xI3WGMfFUwdTD9NqPrMc',$,'My Building',$,$,#56,$,$,$,$,$,$);
#39=IFCBUILDINGSTOREY('2cIWdJRrX2w9pzrNxfcdn6',$,'2F',$,$,#10836,$,$,$,$);
#45=IFCRELAGGREGATES('2qztsQDQ58ogjWsrHvKNU5',$,$,$,#1,(#27));
#46=IFCCARTESIANPOINT((0.,0.,0.));
#47=IFCDIRECTION((0.,0.,1.));
#48=IFCDIRECTION((1.,0.,0.));
#49=IFCAXIS2PLACEMENT3D(#46,#47,#48);
#50=IFCLOCALPLACEMENT($,#49);
#51=IFCRELAGGREGATES('3ocyKVgpjAYQfI2vDSTjMK',$,$,$,#27,(#33));
#52=IFCCARTESIANPOINT((0.,0.,0.));
#53=IFCDIRECTION((0.,0.,1.));
#54=IFCDIRECTION((1.,0.,0.));
#55=IFCAXIS2PLACEMENT3D(#52,#53,#54);
#56=IFCLOCALPLACEMENT(#50,#55);
#57=IFCRELAGGREGATES('1CU0rYPPL90844YU4BSA4E',$,$,$,#33,(#3758,#39,#63));
#63=IFCBUILDINGSTOREY('2PzZj_0j90KBhXZPOhxdd$',$,'GF',$,$,#79,$,$,$,$);
#75=IFCCARTESIANPOINT((0.,0.,0.));
#76=IFCDIRECTION((0.,0.,1.));
#77=IFCDIRECTION((1.,0.,0.));
#78=IFCAXIS2PLACEMENT3D(#75,#76,#77);
#79=IFCLOCALPLACEMENT(#56,#78);
#87=IFCWALLTYPE('0DqVFTKwP3Mv$WuygiAgnN',$,'WALL',$,$,(#92),$,$,$,.SOLIDWALL.);
#88=IFCMATERIAL('Unknown',$,$);
#89=IFCMATERIALLAYERSET((#91),$,$);
#90=IFCRELASSOCIATESMATERIAL('0oYTnmVhb2TgBkGgF_cbdo',$,$,$,(#87),#89);
#91=IFCMATERIALLAYER(#88,0.10000000149011612,$,$,$,$,$);
#92=IFCPROPERTYSET('0w5jAcxALEh8hT4nNIvHoM',$,'EPset_Parametric',$,(#93));
#93=IFCPROPERTYSINGLEVALUE('LayerSetDirection',$,IFCLABEL('AXIS2'),$);
#94=IFCWALL('0JgttBVirA$R1YJ7Z9cfrU',$,'Wall',$,$,#1226,#102,$,$);
#95=IFCRELCONTAINEDINSPATIALSTRUCTURE('2XRQduVYP87PgHtCGrBMoo',$,$,$,(#2883,#13593,#1884,#1404,#801,#13804,#13826,#638,#891,#310,#235,#11178,#10938,#13848,#13698,#13295,#94,#160,#285,#3373,#613,#866,#2457,#12269,#1592,#210,#1273,#3212,#11344,#2296,#12339,#260,#185,#12497),#63);
#96=IFCRELDEFINESBYTYPE('0a5n9zx5fBFw3yWDsp_pYa',$,$,$,(#94,#613,#160,#638,#310,#210,#801,#866,#260,#891,#285,#185,#235),#87);
#97=IFCMATERIALLAYERSETUSAGE(#89,.AXIS2.,.POSITIVE.,0.,$);
#98=IFCRELASSOCIATESMATERIAL('3u6dAkAeXEzuuSTrfFlufY',$,$,$,(#94),#97);
#102=IFCPRODUCTDEFINITIONSHAPE($,$,(#11100,#11097));
#118=IFCPROPERTYSET('0435uEabTBWBqeh6b6nNxp',$,'EPset_Parametric',$,(#120));
#119=IFCRELDEFINESBYPROPERTIES('1Zhg6hUvH7bRMSnZuNwbWj',$,$,$,(#94),#118);
#120=IFCPROPERTYSINGLEVALUE('Engine',$,IFCLABEL('Bonsai.DumbLayer2'),$);
#160=IFCWALL('3LRPN3RRbCx9zQEvJOlAqR',$,'Wall',$,$,#171,#166,$,$);
#161=IFCMATERIALLAYERSETUSAGE(#89,.AXIS2.,.POSITIVE.,0.,$);
#162=IFCRELASSOCIATESMATERIAL('2BViiT9Ar44PnQGCcCOIos',$,$,$,(#160),#161);
#166=IFCPRODUCTDEFINITIONSHAPE($,$,(#11048,#11045));
#167=IFCCARTESIANPOINT((4.2266049385070801,-2.5901062488555908,0.));
#168=IFCDIRECTION((0.,0.,1.));
#169=IFCDIRECTION((7.5497901264043109E-08,0.99999999999999711,0.));
#170=IFCAXIS2PLACEMENT3D(#167,#168,#169);
#171=IFCLOCALPLACEMENT(#79,#170);
#182=IFCPROPERTYSET('1$Dd$NRkfD0OAJw4ecczHT',$,'EPset_Parametric',$,(#184));
#183=IFCRELDEFINESBYPROPERTIES('1TjDSld5TCn88f6ThlXdji',$,$,$,(#160),#182);
#184=IFCPROPERTYSINGLEVALUE('Engine',$,IFCLABEL('Bonsai.DumbLayer2'),$);
#185=IFCWALL('3kwhFU9wv9e9YOMbUKm7m8',$,'Wall',$,$,#444,#191,$,$);
#186=IFCMATERIALLAYERSETUSAGE(#89,.AXIS2.,.POSITIVE.,0.,$);
#187=IFCRELASSOCIATESMATERIAL('2dqAA5qrrEBA0tpRsIc38R',$,$,$,(#185),#186);
#191=IFCPRODUCTDEFINITIONSHAPE($,$,(#11035,#11032));
#207=IFCPROPERTYSET('2gYsXas5P1EwlOj3leWN_v',$,'EPset_Parametric',$,(#209));
#208=IFCRELDEFINESBYPROPERTIES('3mcl$FcP19gOsVHFN3yzO3',$,$,$,(#185),#207);
#209=IFCPROPERTYSINGLEVALUE('Engine',$,IFCLABEL('Bonsai.DumbLayer2'),$);
#210=IFCWALL('1r1KDgWbT06P5mlQ7T8GjO',$,'Wall',$,$,#476,#216,$,$);
#211=IFCMATERIALLAYERSETUSAGE(#89,.AXIS2.,.POSITIVE.,0.,$);
#212=IFCRELASSOCIATESMATERIAL('3GF97XFFP5Le4yKPiQDBop',$,$,$,(#210),#211);
#216=IFCPRODUCTDEFINITIONSHAPE($,$,(#11126,#11123));
#232=IFCPROPERTYSET('2CMD0BUJzD2xA2ZwbtMtim',$,'EPset_Parametric',$,(#234));
#233=IFCRELDEFINESBYPROPERTIES('0SvOW$oXHC28yDC6Xr9eur',$,$,$,(#210),#232);
#234=IFCPROPERTYSINGLEVALUE('Engine',$,IFCLABEL('Bonsai.DumbLayer2'),$);
#235=IFCWALL('0k3Rn7Ei9A7fnDH2cUlHhF',$,'Wall',$,$,#246,#241,$,$);
#236=IFCMATERIALLAYERSETUSAGE(#89,.AXIS2.,.POSITIVE.,0.,$);
#237=IFCRELASSOCIATESMATERIAL('3f7vgeRcD3mekQVeTmlT4u',$,$,$,(#235),#236);
#241=IFCPRODUCTDEFINITIONSHAPE($,$,(#11022,#11019));
#242=IFCCARTESIANPOINT((0.77660548686981201,5.0598936080932617,0.));
#243=IFCDIRECTION((0.,0.,1.));
#244=IFCDIRECTION((-0.99999999999992428,3.8941436741876494E-07,0.));
#245=IFCAXIS2PLACEMENT3D(#242,#243,#244);
#246=IFCLOCALPLACEMENT(#79,#245);
#257=IFCPROPERTYSET('1$W9fLP4jFCvEXqH4XdVTJ',$,'EPset_Parametric',$,(#259));
#258=IFCRELDEFINESBYPROPERTIES('38mbKkmSX2PBQdT4izenBd',$,$,$,(#235),#257);
#259=IFCPROPERTYSINGLEVALUE('Engine',$,IFCLABEL('Bonsai.DumbLayer2'),$);
#260=IFCWALL('04n$bsr4T6PeIeXRIMP65Y',$,'Wall',$,$,#535,#266,$,$);
#261=IFCMATERIALLAYERSETUSAGE(#89,.AXIS2.,.POSITIVE.,0.,$);
#262=IFCRELASSOCIATESMATERIAL('2rIjaC2gb2JhBIPiXrrt$O',$,$,$,(#260),#261);
#266=IFCPRODUCTDEFINITIONSHAPE($,$,(#11009,#11006));
#282=IFCPROPERTYSET('3Uy7xCTwL5qPpI1cipzjMZ',$,'EPset_Parametric',$,(#284));
#283=IFCRELDEFINESBYPROPERTIES('0_85PAWEH6PQ82_enN6$Ip',$,$,$,(#260),#282);
#284=IFCPROPERTYSINGLEVALUE('Engine',$,IFCLABEL('Bonsai.DumbLayer2'),$);
#285=IFCWALL('3UCXXVUnDEMwube65kRROI',$,'Wall',$,$,#567,#291,$,$);
#286=IFCMATERIALLAYERSETUSAGE(#89,.AXIS2.,.POSITIVE.,0.,$);
#287=IFCRELASSOCIATESMATERIAL('1uEtRDE0P7zwVHtd8raDnO',$,$,$,(#285),#286);
#291=IFCPRODUCTDEFINITIONSHAPE($,$,(#10996,#10993));
#307=IFCPROPERTYSET('10nquAeaj06uugI35kkJHs',$,'EPset_Parametric',$,(#309));
#308=IFCRELDEFINESBYPROPERTIES('1KSkcSa656Hf$pbuazHVYY',$,$,$,(#285),#307);
#309=IFCPROPERTYSINGLEVALUE('Engine',$,IFCLABEL('Bonsai.DumbLayer2'),$);
#310=IFCWALL('0SGC3qaxf7RfMupk9gGOKm',$,'Wall',$,$,#599,#316,$,$);
#311=IFCMATERIALLAYERSETUSAGE(#89,.AXIS2.,.POSITIVE.,0.,$);
#312=IFCRELASSOCIATESMATERIAL('1wjHCwTYj4TvKx9dP5a901',$,$,$,(#310),#311);
#316=IFCPRODUCTDEFINITIONSHAPE($,$,(#10983,#10980));
#332=IFCPROPERTYSET('3DUhG$ZsPF4Blo$0TznXd7',$,'EPset_Parametric',$,(#334));
#333=IFCRELDEFINESBYPROPERTIES('3YcPIBr8z8uOldcD4rdfE9',$,$,$,(#310),#332);
#334=IFCPROPERTYSINGLEVALUE('Engine',$,IFCLABEL('Bonsai.DumbLayer2'),$);
#426=IFCRELCONNECTSPATHELEMENTS('12932euPD098O_8oD$ywfW',$,$,$,$,#185,#160,(),(),.ATEND.,.ATSTART.);
#440=IFCCARTESIANPOINT((4.2266056255380287,6.5098943710327468,0.));
#441=IFCDIRECTION((0.,0.,1.));
#442=IFCDIRECTION((-0.99999999999998868,-1.5099580252808492E-07,0.));
#443=IFCAXIS2PLACEMENT3D(#440,#441,#442);
#444=IFCLOCALPLACEMENT(#79,#443);
#458=IFCRELCONNECTSPATHELEMENTS('3BstP6E2z9ohJrad9LoLgE',$,$,$,$,#210,#185,(),(),.ATEND.,.ATSTART.);
#472=IFCCARTESIANPOINT((0.77660536766052579,6.5098938500971899,0.));
#473=IFCDIRECTION((0.,0.,1.));
#474=IFCDIRECTION((7.5497901264043123E-08,-0.99999999999999722,0.));
#475=IFCAXIS2PLACEMENT3D(#472,#473,#474);
#476=IFCLOCALPLACEMENT(#79,#475);
#490=IFCRELCONNECTSPATHELEMENTS('3Tp$B8$lbFweCDrdlYFLw6',$,$,$,$,#235,#210,(),(),.ATEND.,.ATSTART.);
#517=IFCRELCONNECTSPATHELEMENTS('0R_7$nfBr4DvXUW9ceg6g7',$,$,$,$,#260,#235,(),(),.ATEND.,.ATSTART.);
#531=IFCCARTESIANPOINT((-2.7733941078186719,5.0598949905141088,0.));
#532=IFCDIRECTION((0.,0.,1.));
#533=IFCDIRECTION((7.5497901264043123E-08,-0.99999999999999722,0.));
#534=IFCAXIS2PLACEMENT3D(#531,#532,#533);
#535=IFCLOCALPLACEMENT(#79,#534);
#549=IFCRELCONNECTSPATHELEMENTS('1cmi9w8S55pB4hfhu44Yt5',$,$,$,$,#285,#260,(),(),.ATEND.,.ATSTART.);
#563=IFCCARTESIANPOINT((-2.7733937190044049,-0.090106010437011719,0.));
#564=IFCDIRECTION((0.,0.,1.));
#565=IFCDIRECTION((1.,0.,0.));
#566=IFCAXIS2PLACEMENT3D(#563,#564,#565);
#567=IFCLOCALPLACEMENT(#79,#566);
#581=IFCRELCONNECTSPATHELEMENTS('3wy8_MqaL2o97iyE0Wy8E4',$,$,$,$,#310,#285,(),(),.ATEND.,.ATSTART.);
#595=IFCCARTESIANPOINT((0.22660636901843834,-0.090106010437011719,0.));
#596=IFCDIRECTION((0.,0.,1.));
#597=IFCDIRECTION((-5.2054855359521977E-07,-0.99999999999986455,0.));
#598=IFCAXIS2PLACEMENT3D(#595,#596,#597);
#599=IFCLOCALPLACEMENT(#79,#598);
#613=IFCWALL('0Ti9ujm2TAd80JOR9kKrq3',$,'Wall',$,$,#624,#619,$,$);
#614=IFCMATERIALLAYERSETUSAGE(#89,.AXIS2.,.POSITIVE.,0.,$);
#615=IFCRELASSOCIATESMATERIAL('2O6_59PuTAY8CNtBXMCZzt',$,$,$,(#613),#614);
#619=IFCPRODUCTDEFINITIONSHAPE($,$,(#11113,#11110));
#620=IFCCARTESIANPOINT((0.32660642266273499,0.0098939910531044006,0.));
#621=IFCDIRECTION((0.,0.,1.));
#622=IFCDIRECTION((7.5497901264043109E-08,0.99999999999999711,0.));
#623=IFCAXIS2PLACEMENT3D(#620,#621,#622);
#624=IFCLOCALPLACEMENT(#79,#623);
#635=IFCPROPERTYSET('3m54Fj4jrAUA236pYGsTek',$,'EPset_Parametric',$,(#637));
#636=IFCRELDEFINESBYPROPERTIES('3tn40kXPHFsAW_VlOr7nfN',$,$,$,(#613),#635);
#637=IFCPROPERTYSINGLEVALUE('Engine',$,IFCLABEL('Bonsai.DumbLayer2'),$);
#638=IFCWALL('0RZN4ISEz14wKZRPeP99LO',$,'Wall',$,$,#707,#644,$,$);
#639=IFCMATERIALLAYERSETUSAGE(#89,.AXIS2.,.POSITIVE.,0.,$);
#640=IFCRELASSOCIATESMATERIAL('3YKVmTgar5MANMiWgaFo9N',$,$,$,(#638),#639);
#644=IFCPRODUCTDEFINITIONSHAPE($,$,(#11061,#11058));
#660=IFCPROPERTYSET('1neD4bd7X4hPHv75CBlBgZ',$,'EPset_Parametric',$,(#662));
#661=IFCRELDEFINESBYPROPERTIES('09rFhzzjD5jxjMMJRVvuwV',$,$,$,(#638),#660);
#662=IFCPROPERTYSINGLEVALUE('Engine',$,IFCLABEL('Bonsai.DumbLayer2'),$);
#689=IFCRELCONNECTSPATHELEMENTS('2iPThSGiL4xv$XU3AL1K$t',$,$,$,$,#638,#613,(),(),.ATEND.,.ATSTART.);
#703=IFCCARTESIANPOINT((0.32660662122221668,2.6398940086364733,0.));
#704=IFCDIRECTION((0.,0.,1.));
#705=IFCDIRECTION((-0.99999999999998868,-1.5099580252808492E-07,0.));
#706=IFCAXIS2PLACEMENT3D(#703,#704,#705);
#707=IFCLOCALPLACEMENT(#79,#706);
#774=IFCRELCONNECTSPATHELEMENTS('27FpZECEHBF85FQ92Hredz',$,$,$,$,#638,#260,(),(),.ATPATH.,.ATEND.);
#801=IFCWALL('0fwxgpeU1AuwOV1SFaVNrN',$,'Wall',$,$,#973,#807,$,$);
#802=IFCMATERIALLAYERSETUSAGE(#89,.AXIS2.,.POSITIVE.,0.,$);
#803=IFCRELASSOCIATESMATERIAL('3XOeQ59q18wgnmMDUYKjNO',$,$,$,(#801),#802);
#807=IFCPRODUCTDEFINITIONSHAPE($,$,(#10970,#10967));
#823=IFCPROPERTYSET('1XiLVyVdL61ObtT03CWXa5',$,'EPset_Parametric',$,(#825));
#824=IFCRELDEFINESBYPROPERTIES('3VERc$yEv2rhqJtojk3ikD',$,$,$,(#801),#823);
#825=IFCPROPERTYSINGLEVALUE('Engine',$,IFCLABEL('Bonsai.DumbLayer2'),$);
#839=IFCRELCONNECTSPATHELEMENTS('3aTictD01EihXjhNCGcAxW',$,$,$,$,#801,#235,(),(),.ATPATH.,.ATEND.);
#866=IFCWALL('1dPkQnMq17mhdLlzoY78JC',$,'Wall',$,$,#1103,#872,$,$);
#867=IFCMATERIALLAYERSETUSAGE(#89,.AXIS2.,.POSITIVE.,0.,$);
#868=IFCRELASSOCIATESMATERIAL('3lN6RdWx92EwmilpAUAVhI',$,$,$,(#866),#867);
#872=IFCPRODUCTDEFINITIONSHAPE($,$,(#11074,#11071));
#888=IFCPROPERTYSET('3l3If2sU55pQaKXaNuqjMr',$,'EPset_Parametric',$,(#890));
#889=IFCRELDEFINESBYPROPERTIES('1Igl_A_zHBHQgGpq9oWtv1',$,$,$,(#866),#888);
#890=IFCPROPERTYSINGLEVALUE('Engine',$,IFCLABEL('Bonsai.DumbLayer2'),$);
#891=IFCWALL('3EurYj1uP4GQj1mC54W6w0',$,'Wall',$,$,#1207,#897,$,$);
#892=IFCMATERIALLAYERSETUSAGE(#89,.AXIS2.,.POSITIVE.,0.,$);
#893=IFCRELASSOCIATESMATERIAL('09Qa4Ux_90dBIitKok138l',$,$,$,(#891),#892);
#897=IFCPRODUCTDEFINITIONSHAPE($,$,(#11087,#11084));
#913=IFCPROPERTYSET('09Q3PTbbH4k8tAqlB7ZAnO',$,'EPset_Parametric',$,(#915));
#914=IFCRELDEFINESBYPROPERTIES('2TkgorGBT9CA0weSywazhG',$,$,$,(#891),#913);
#915=IFCPROPERTYSINGLEVALUE('Engine',$,IFCLABEL('Bonsai.DumbLayer2'),$);
#969=IFCCARTESIANPOINT((-1.1801300048828125,2.6398940086364746,0.));
#970=IFCDIRECTION((0.,0.,1.));
#971=IFCDIRECTION((1.9470718370939353E-07,0.99999999999998113,0.));
#972=IFCAXIS2PLACEMENT3D(#969,#970,#971);
#973=IFCLOCALPLACEMENT(#79,#972);
#979=IFCRELCONNECTSPATHELEMENTS('0SU5TcPs9DNOvmyoLX$mlm',$,$,$,$,#891,#801,(),(),.ATPATH.,.ATEND.);
#1085=IFCRELCONNECTSPATHELEMENTS('1C8lPHgJfDsAZHB$mY8w1r',$,$,$,$,#866,#235,(),(),.ATPATH.,.ATSTART.);
#1099=IFCCARTESIANPOINT((0.77660548839272592,5.0598936080932608,0.));
#1100=IFCDIRECTION((0.,0.,1.));
#1101=IFCDIRECTION((1.9470718370939353E-07,-0.99999999999998113,0.));
#1102=IFCAXIS2PLACEMENT3D(#1099,#1100,#1101);
#1103=IFCLOCALPLACEMENT(#79,#1102);
#1176=IFCRELCONNECTSPATHELEMENTS('3hY0dyKoT9QBooioguV7LQ',$,$,$,$,#866,#891,(),(),.ATSTART.,.ATEND.);
#1203=IFCCARTESIANPOINT((0.77660578087761112,3.5577154159545681,0.));
#1204=IFCDIRECTION((0.,0.,1.));
#1205=IFCDIRECTION((-0.99999999999992428,3.8941436741876494E-07,0.));
#1206=IFCAXIS2PLACEMENT3D(#1203,#1204,#1205);
#1207=IFCLOCALPLACEMENT(#79,#1206);
#1208=IFCRELCONNECTSPATHELEMENTS('3ukBJTZZz1lgczM5ujH8cH',$,$,$,$,#94,#310,(),(),.ATEND.,.ATSTART.);
#1222=IFCCARTESIANPOINT((0.22660506764693025,-2.5901062488555908,0.));
#1223=IFCDIRECTION((0.,0.,1.));
#1224=IFCDIRECTION((1.,0.,0.));
#1225=IFCAXIS2PLACEMENT3D(#1222,#1223,#1224);
#1226=IFCLOCALPLACEMENT(#79,#1225);
#1240=IFCRELCONNECTSPATHELEMENTS('3sQHbBFn1DrR84NJ7IP8gX',$,$,$,$,#160,#94,(),(),.ATEND.,.ATSTART.);
#1267=IFCSLABTYPE('1LsGjFBO1AEBrCLFu_U2wK',$,'SLAB',$,$,(#1271),$,$,$,.FLOOR.);
#1268=IFCMATERIALLAYERSET((#1270),$,$);
#1269=IFCRELASSOCIATESMATERIAL('1hL5x7sV1Eggj6JLagW12f',$,$,$,(#1267),#1268);
#1270=IFCMATERIALLAYER(#88,0.10000000000000001,$,$,$,$,$);
#1271=IFCPROPERTYSET('3KEavxLWn9HRL6M7HC$nsE',$,'EPset_Parametric',$,(#1272));
#1272=IFCPROPERTYSINGLEVALUE('LayerSetDirection',$,IFCLABEL('AXIS3'),$);
#1273=IFCSLAB('0IzSlQHEb5jQ3jwJWQbyIa',$,'Slab',$,$,#1281,#1288,$,$);
#1274=IFCRELDEFINESBYTYPE('0jS9ff_W51tugw49aq603A',$,$,$,(#6351,#3552,#10184,#1273),#1267);
#1275=IFCMATERIALLAYERSETUSAGE(#1268,.AXIS3.,.POSITIVE.,-0.10000000149011612,$);
#1276=IFCRELASSOCIATESMATERIAL('2KIaaV635CDQqYCYKEayXW',$,$,$,(#1273),#1275);
#1277=IFCCARTESIANPOINT((4.2266049385070801,-2.5901062488555908,0.));
#1278=IFCDIRECTION((0.,0.,1.));
#1279=IFCDIRECTION((1.,0.,0.));
#1280=IFCAXIS2PLACEMENT3D(#1277,#1278,#1279);
#1281=IFCLOCALPLACEMENT(#79,#1280);
#1282=IFCCARTESIANPOINTLIST2D(((0.,0.),(4.76837158203125E-07,9.1000003814697266),(-3.4499995708465576,9.1000003814697266),(-3.4499993324279785,7.6499996185302734),(-6.9999990463256836,7.6500015258789062),(-6.9999985694885254,2.5000002384185791),(-3.9999985694885254,2.5000002384185791),(-3.9999997615814209,0.),(0.,0.)));
#1283=IFCINDEXEDPOLYCURVE(#1282,$,$);
#1284=IFCDIRECTION((0.,0.,1.));
#1285=IFCARBITRARYCLOSEDPROFILEDEF(.AREA.,$,#1283);
#1286=IFCEXTRUDEDAREASOLID(#1285,#1295,#1284,0.10000000000000001);
#1287=IFCSHAPEREPRESENTATION(#11,'Body','SweptSolid',(#1286));
#1288=IFCPRODUCTDEFINITIONSHAPE($,$,(#1287));
#1289=IFCPROPERTYSET('1bdW628FHFg81G1PxaIAD6',$,'EPset_Parametric',$,(#1291));
#1290=IFCRELDEFINESBYPROPERTIES('18XSzl$Z95YOAEQ7o_5801',$,$,$,(#1273),#1289);
#1291=IFCPROPERTYSINGLEVALUE('Engine',$,IFCLABEL('Bonsai.DumbLayer3'),$);
#1292=IFCCARTESIANPOINT((-0.,-0.,-0.10000000149011612));
#1293=IFCDIRECTION((0.,0.,1.));
#1294=IFCDIRECTION((1.,0.,0.));
#1295=IFCAXIS2PLACEMENT3D(#1292,#1293,#1294);
#1296=IFCDOORTYPE('2RKv8vi6z9Tu2ngQvu6isO',$,'MAIN-GF',$,$,(#1297),(#1306,#1384,#1403),$,$,.DOOR.,.SINGLE_SWING_LEFT.,$,$);
#1297=IFCPROPERTYSET('2yE$uiTvL4hxAqrIhwIFA$',$,'BBIM_Door',$,(#1298));
#1298=IFCPROPERTYSINGLEVALUE('Data',$,IFCTEXT('{"door_type": "SINGLE_SWING_LEFT", "overall_height": 2.0, "overall_width": 0.8999999761581421, "lining_properties": {"lining_depth": 0.05000000074505806, "lining_thickness": 0.05000000074505806, "lining_offset": 0.0, "lining_to_panel_offset_x": 0.02500000037252903, "lining_to_panel_offset_y": 0.02500000037252903, "transom_thickness": 0.0, "casing_thickness": 0.07500000298023224, "casing_depth": 0.004999999888241291, "threshold_thickness": 0.02500000037252903, "threshold_depth": 0.10000000149011612, "threshold_offset": 0.0}, "panel_properties": {"panel_depth": 0.03500000014901161, "panel_width_ratio": 1.0}}'),$);
#1299=IFCCARTESIANPOINTLIST3D(((0.,0.,0.),(0.89999997615814209,0.,0.),(0.89999997615814209,0.,2.),(0.,0.,2.)));
#1300=IFCINDEXEDPOLYCURVE(#1299,(IFCLINEINDEX((1,2,3,4,1))),$);
#1301=IFCSHAPEREPRESENTATION(#18,'Profile','Curve3D',(#1300));
#1302=IFCCARTESIANPOINT((0.,0.,0.));
#1303=IFCDIRECTION((1.,0.,0.));
#1304=IFCDIRECTION((0.,0.,1.));
#1305=IFCAXIS2PLACEMENT3D(#1302,#1304,#1303);
#1306=IFCREPRESENTATIONMAP(#1305,#1301);
#1307=IFCCARTESIANPOINTLIST2D(((0.,0.),(0.,2.),(0.89999997615814209,2.),(0.89999997615814209,0.),(0.87499997578561306,0.),(0.87499997578561306,1.974999999627471),(0.02500000037252903,1.974999999627471),(0.02500000037252903,0.)));
#1308=IFCINDEXEDPOLYCURVE(#1307,(IFCLINEINDEX((1,2,3,4,5,6,7,8,1))),$);
#1309=IFCARBITRARYCLOSEDPROFILEDEF(.AREA.,$,#1308);
#1310=IFCCARTESIANPOINT((0.,0.02500000037252903,0.));
#1311=IFCDIRECTION((0.,-1.,0.));
#1312=IFCDIRECTION((1.,0.,0.));
#1313=IFCAXIS2PLACEMENT3D(#1310,#1311,#1312);
#1314=IFCDIRECTION((0.,0.,-1.));
#1315=IFCEXTRUDEDAREASOLID(#1309,#1313,#1314,0.02500000037252903);
#1316=IFCCARTESIANPOINTLIST2D(((0.,0.),(0.,2.),(0.89999997615814209,2.),(0.89999997615814209,0.),(0.84999997541308403,0.),(0.84999997541308403,1.9499999992549419),(0.05000000074505806,1.9499999992549419),(0.05000000074505806,0.)));
#1317=IFCINDEXEDPOLYCURVE(#1316,(IFCLINEINDEX((1,2,3,4,5,6,7,8,1))),$);
#1318=IFCARBITRARYCLOSEDPROFILEDEF(.AREA.,$,#1317);
#1319=IFCCARTESIANPOINT((0.,0.,0.));
#1320=IFCDIRECTION((0.,-1.,0.));
#1321=IFCDIRECTION((1.,0.,0.));
#1322=IFCAXIS2PLACEMENT3D(#1319,#1320,#1321);
#1323=IFCDIRECTION((0.,0.,-1.));
#1324=IFCEXTRUDEDAREASOLID(#1318,#1322,#1323,0.02500000037252903);
#1325=IFCCARTESIANPOINTLIST2D(((0.,0.),(0.79999997466802597,0.),(0.79999997466802597,0.10000000149011612),(0.,0.10000000149011612)));
#1326=IFCINDEXEDPOLYCURVE(#1325,(IFCLINEINDEX((1,2,3,4,1))),$);
#1327=IFCARBITRARYCLOSEDPROFILEDEF(.AREA.,$,#1326);
#1328=IFCCARTESIANPOINT((0.05000000074505806,0.,0.));
#1329=IFCDIRECTION((0.,0.,1.));
#1330=IFCDIRECTION((1.,0.,0.));
#1331=IFCAXIS2PLACEMENT3D(#1328,#1329,#1330);
#1332=IFCDIRECTION((0.,0.,1.));
#1333=IFCEXTRUDEDAREASOLID(#1327,#1331,#1332,0.02500000037252903);
#1334=IFCCARTESIANPOINTLIST2D(((0.,0.),(0.,2.0250000022351742),(0.94999998062849045,2.0250000022351742),(0.94999998062849045,0.),(0.87499997764825821,0.),(0.87499997764825821,1.9499999992549419),(0.075000002980232239,1.9499999992549419),(0.075000002980232239,0.)));
#1335=IFCINDEXEDPOLYCURVE(#1334,(IFCLINEINDEX((1,2,3,4,5,6,7,8,1))),$);
#1336=IFCARBITRARYCLOSEDPROFILEDEF(.AREA.,$,#1335);
#1337=IFCCARTESIANPOINT((-0.025000002235174179,-0.004999999888241291,0.));
#1338=IFCDIRECTION((0.,-1.,0.));
#1339=IFCDIRECTION((1.,0.,0.));
#1340=IFCAXIS2PLACEMENT3D(#1337,#1338,#1339);
#1341=IFCDIRECTION((0.,0.,-1.));
#1342=IFCEXTRUDEDAREASOLID(#1336,#1340,#1341,0.004999999888241291);
#1343=IFCCARTESIANPOINTLIST2D(((0.,0.),(0.,2.0250000022351742),(0.94999998062849045,2.0250000022351742),(0.94999998062849045,0.),(0.89999997802078724,0.),(0.89999997802078724,1.974999999627471),(0.050000002607703209,1.974999999627471),(0.050000002607703209,0.)));
#1344=IFCINDEXEDPOLYCURVE(#1343,(IFCLINEINDEX((1,2,3,4,5,6,7,8,1))),$);
#1345=IFCARBITRARYCLOSEDPROFILEDEF(.AREA.,$,#1344);
#1346=IFCCARTESIANPOINT((-0.025000002235174179,0.05000000074505806,0.));
#1347=IFCDIRECTION((0.,-1.,0.));
#1348=IFCDIRECTION((1.,0.,0.));
#1349=IFCAXIS2PLACEMENT3D(#1346,#1347,#1348);
#1350=IFCDIRECTION((0.,0.,-1.));
#1351=IFCEXTRUDEDAREASOLID(#1345,#1349,#1350,0.004999999888241291);
#1352=IFCCARTESIANPOINTLIST2D(((0.,0.),(0.84999997541308403,0.),(0.84999997541308403,0.035000000149011612),(0.,0.035000000149011612)));
#1353=IFCINDEXEDPOLYCURVE(#1352,(IFCLINEINDEX((1,2,3,4,1))),$);
#1354=IFCARBITRARYCLOSEDPROFILEDEF(.AREA.,$,#1353);
#1355=IFCCARTESIANPOINT((0.02500000037252903,0.02500000037252903,0.02500000037252903));
#1356=IFCDIRECTION((0.,0.,1.));
#1357=IFCDIRECTION((1.,0.,0.));
#1358=IFCAXIS2PLACEMENT3D(#1355,#1356,#1357);
#1359=IFCDIRECTION((0.,0.,1.));
#1360=IFCEXTRUDEDAREASOLID(#1354,#1358,#1359,1.9499999992549419);
#1361=IFCCARTESIANPOINTLIST2D(((0.,0.),(0.,-0.040000000000000001),(-0.11999999999999988,-0.040000000000000001),(-0.11999999999999988,-0.02),(-0.020000000000000018,-0.02),(-0.020000000000000018,0.)));
#1362=IFCINDEXEDPOLYCURVE(#1361,(IFCLINEINDEX((1,2,3,4,5,6,1))),$);
#1363=IFCARBITRARYCLOSEDPROFILEDEF(.AREA.,$,#1362);
#1364=IFCCARTESIANPOINT((0.82499997578561302,0.02500000037252903,1.015000000372529));
#1365=IFCDIRECTION((0.,0.,1.));
#1366=IFCDIRECTION((1.,0.,0.));
#1367=IFCAXIS2PLACEMENT3D(#1364,#1365,#1366);
#1368=IFCDIRECTION((0.,0.,1.));
#1369=IFCEXTRUDEDAREASOLID(#1363,#1367,#1368,0.02);
#1370=IFCEXTRUDEDAREASOLID(#1371,#1374,#1378,0.02);
#1371=IFCARBITRARYCLOSEDPROFILEDEF(.AREA.,$,#1372);
#1372=IFCINDEXEDPOLYCURVE(#1373,(IFCLINEINDEX((1,2,3,4,5,6,1))),$);
#1373=IFCCARTESIANPOINTLIST2D(((0.,0.),(0.,0.040000000000000008),(-0.11999999999999988,0.040000000000000008),(-0.11999999999999988,0.020000000000000004),(-0.020000000000000018,0.020000000000000004),(-0.020000000000000018,0.)));
#1374=IFCAXIS2PLACEMENT3D(#1375,#1376,#1377);
#1375=IFCCARTESIANPOINT((0.82499997578561302,0.060000000521540642,1.015000000372529));
#1376=IFCDIRECTION((0.,0.,1.));
#1377=IFCDIRECTION((1.,0.,0.));
#1378=IFCDIRECTION((0.,0.,1.));
#1379=IFCSHAPEREPRESENTATION(#11,'Body','SweptSolid',(#1315,#1324,#1360,#1369,#1370,#1333,#1342,#1351));
#1380=IFCCARTESIANPOINT((0.,0.,0.));
#1381=IFCDIRECTION((1.,0.,0.));
#1382=IFCDIRECTION((0.,0.,1.));
#1383=IFCAXIS2PLACEMENT3D(#1380,#1382,#1381);
#1384=IFCREPRESENTATIONMAP(#1383,#1379);
#1385=IFCCARTESIANPOINTLIST2D(((0.,0.),(0.,0.05000000074505806),(0.02500000037252903,0.05000000074505806),(0.02500000037252903,0.02500000037252903),(0.05000000074505806,0.02500000037252903),(0.05000000074505806,0.)));
#1386=IFCINDEXEDPOLYCURVE(#1385,(IFCLINEINDEX((1,2,3,4,5,6,1))),$);
#1387=IFCINDEXEDPOLYCURVE(#1388,(IFCLINEINDEX((1,2,3,4,5,6,1))),$);
#1388=IFCCARTESIANPOINTLIST2D(((0.89999997615814209,0.),(0.89999997615814209,0.05000000074505806),(0.87499997578561306,0.05000000074505806),(0.87499997578561306,0.02500000037252903),(0.84999997541308403,0.02500000037252903),(0.84999997541308403,0.)));
#1389=IFCDIRECTION((1.,0.));
#1390=IFCCARTESIANPOINT((0.060000000521540642,0.05000000074505806));
#1391=IFCAXIS2PLACEMENT2D(#1390,#1389);
#1392=IFCELLIPSE(#1391,0.81499997526407242,0.84999997541308403);
#1393=IFCCARTESIANPOINT((0.87499997578561306,0.05000000074505806));
#1394=IFCCARTESIANPOINT((0.060000000521540642,0.89999997615814209));
#1395=IFCTRIMMEDCURVE(#1392,(#1393),(#1394),.T.,.CARTESIAN.);
#1396=IFCCARTESIANPOINTLIST2D(((0.02500000037252903,0.05000000074505806),(0.060000000521540642,0.05000000074505806),(0.060000000521540642,0.89999997615814209),(0.02500000037252903,0.89999997615814209)));
#1397=IFCINDEXEDPOLYCURVE(#1396,(IFCLINEINDEX((1,2,3,4,1))),$);
#1398=IFCSHAPEREPRESENTATION(#24,'Body','Curve2D',(#1386,#1387,#1395,#1397));
#1399=IFCCARTESIANPOINT((0.,0.,0.));
#1400=IFCDIRECTION((1.,0.,0.));
#1401=IFCDIRECTION((0.,0.,1.));
#1402=IFCAXIS2PLACEMENT3D(#1399,#1401,#1400);
#1403=IFCREPRESENTATIONMAP(#1402,#1398);
#1404=IFCDOOR('3kJZL6yNb0tAv7gVCHSB5u',$,'Door',$,$,#1953,#1413,$,2.,0.89999997615814209,$,$,$);
#1405=IFCRELDEFINESBYTYPE('33LwBWGVz9Kw_siSa8gIZp',$,$,$,(#1404),#1296);
#1406=IFCCARTESIANPOINT((0.,0.,0.));
#1407=IFCDIRECTION((1.,0.,0.));
#1408=IFCDIRECTION((0.,1.,0.));
#1409=IFCDIRECTION((0.,0.,1.));
#1410=IFCCARTESIANTRANSFORMATIONOPERATOR3D(#1407,#1408,#1406,1.,#1409);
#1411=IFCMAPPEDITEM(#1306,#1410);
#1412=IFCSHAPEREPRESENTATION(#18,'Profile','MappedRepresentation',(#1411));
#1413=IFCPRODUCTDEFINITIONSHAPE($,$,(#1412,#1420,#1427));
#1414=IFCCARTESIANPOINT((0.,0.,0.));
#1415=IFCDIRECTION((1.,0.,0.));
#1416=IFCDIRECTION((0.,1.,0.));
#1417=IFCDIRECTION((0.,0.,1.));
#1418=IFCCARTESIANTRANSFORMATIONOPERATOR3D(#1415,#1416,#1414,1.,#1417);
#1419=IFCMAPPEDITEM(#1384,#1418);
#1420=IFCSHAPEREPRESENTATION(#11,'Body','MappedRepresentation',(#1419));
#1421=IFCCARTESIANPOINT((0.,0.,0.));
#1422=IFCDIRECTION((1.,0.,0.));
#1423=IFCDIRECTION((0.,1.,0.));
#1424=IFCDIRECTION((0.,0.,1.));
#1425=IFCCARTESIANTRANSFORMATIONOPERATOR3D(#1422,#1423,#1421,1.,#1424);
#1426=IFCMAPPEDITEM(#1403,#1425);
#1427=IFCSHAPEREPRESENTATION(#24,'Body','MappedRepresentation',(#1426));
#1428=IFCOPENINGELEMENT('1fDkfdMQ53afXMIAYhurRL',$,'Opening',$,$,#1478,#1456,$,.OPENING.);
#1434=IFCCARTESIANPOINTLIST2D(((0.,0.),(0.89999997615814209,0.),(0.89999997615814209,2.),(0.,2.)));
#1435=IFCINDEXEDPOLYCURVE(#1434,(IFCLINEINDEX((1,2,3,4,1))),$);
#1436=IFCARBITRARYCLOSEDPROFILEDEF(.AREA.,$,#1435);
#1437=IFCCARTESIANPOINT((0.,-0.60000002384185791,0.));
#1438=IFCDIRECTION((0.,-1.,0.));
#1439=IFCDIRECTION((1.,0.,0.));
#1440=IFCAXIS2PLACEMENT3D(#1437,#1438,#1439);
#1441=IFCDIRECTION((0.,0.,-1.));
#1442=IFCEXTRUDEDAREASOLID(#1436,#1440,#1441,1.2);
#1443=IFCSHAPEREPRESENTATION(#11,'Body','SweptSolid',(#1442));
#1444=IFCCARTESIANPOINT((0.,0.,0.));
#1445=IFCDIRECTION((1.,0.,0.));
#1446=IFCDIRECTION((0.,0.,1.));
#1447=IFCAXIS2PLACEMENT3D(#1444,#1446,#1445);
#1448=IFCREPRESENTATIONMAP(#1447,#1443);
#1449=IFCCARTESIANPOINT((0.,0.,0.));
#1450=IFCDIRECTION((1.,0.,0.));
#1451=IFCDIRECTION((0.,1.,0.));
#1452=IFCDIRECTION((0.,0.,1.));
#1453=IFCCARTESIANTRANSFORMATIONOPERATOR3D(#1450,#1451,#1449,1.,#1452);
#1454=IFCMAPPEDITEM(#1448,#1453);
#1455=IFCSHAPEREPRESENTATION(#11,'Body','MappedRepresentation',(#1454));
#1456=IFCPRODUCTDEFINITIONSHAPE($,$,(#1455));
#1457=IFCRELVOIDSELEMENT('1fMsZbh8v128DXkuTL3aMC',$,$,$,#94,#1428);
#1463=IFCRELFILLSELEMENT('2fMWEo2P58$wPPdefgO4$M',$,$,$,#1428,#1404);
#1474=IFCCARTESIANPOINT((0.35670041044907808,4.76837158203125E-07,0.));
#1475=IFCDIRECTION((0.,0.,1.));
#1476=IFCDIRECTION((0.99999999999997158,-2.3841857910155572E-07,0.));
#1477=IFCAXIS2PLACEMENT3D(#1474,#1475,#1476);
#1478=IFCLOCALPLACEMENT(#1226,#1477);
#1484=IFCDOORTYPE('1QEA3uS19EHBWwn9ClRYlW',$,'GUEST-GF',$,$,(#1485),(#1487,#1495,#1573),$,$,.DOOR.,.SINGLE_SWING_LEFT.,$,$);
#1485=IFCPROPERTYSET('05gCKuTSn46OcvhOLKivyL',$,'BBIM_Door',$,(#1486));
#1486=IFCPROPERTYSINGLEVALUE('Data',$,IFCTEXT('{"door_type": "SINGLE_SWING_RIGHT", "overall_height": 2.0, "overall_width": 0.8999999761581421, "lining_properties": {"lining_depth": 0.05000000074505806, "lining_thickness": 0.05000000074505806, "lining_offset": 0.0, "lining_to_panel_offset_x": 0.02500000037252903, "lining_to_panel_offset_y": 0.02500000037252903, "transom_thickness": 0.0, "casing_thickness": 0.07500000298023224, "casing_depth": 0.004999999888241291, "threshold_thickness": 0.02500000037252903, "threshold_depth": 0.10000000149011612, "threshold_offset": 0.0}, "panel_properties": {"panel_depth": 0.03500000014901161, "panel_width_ratio": 1.0}}'),$);
#1487=IFCREPRESENTATIONMAP(#1488,#1659);
#1488=IFCAXIS2PLACEMENT3D(#1489,#1490,#1491);
#1489=IFCCARTESIANPOINT((0.,0.,0.));
#1490=IFCDIRECTION((0.,0.,1.));
#1491=IFCDIRECTION((1.,0.,0.));
#1495=IFCREPRESENTATIONMAP(#1496,#1732);
#1496=IFCAXIS2PLACEMENT3D(#1497,#1498,#1499);
#1497=IFCCARTESIANPOINT((0.,0.,0.));
#1498=IFCDIRECTION((0.,0.,1.));
#1499=IFCDIRECTION((1.,0.,0.));
#1573=IFCREPRESENTATIONMAP(#1574,#1750);
#1574=IFCAXIS2PLACEMENT3D(#1575,#1576,#1577);
#1575=IFCCARTESIANPOINT((0.,0.,0.));
#1576=IFCDIRECTION((0.,0.,1.));
#1577=IFCDIRECTION((1.,0.,0.));
#1592=IFCDOOR('3V3a4i1zLExBlujBeJFIjX',$,'Door',$,$,#1775,#1601,$,2.,0.89999997615814209,$,.SINGLE_SWING_RIGHT.,$);
#1593=IFCRELDEFINESBYTYPE('3Gajdfsbf6aPU$_kK$2CMI',$,$,$,(#1592),#1484);
#1594=IFCCARTESIANPOINT((0.,0.,0.));
#1595=IFCDIRECTION((1.,0.,0.));
#1596=IFCDIRECTION((0.,1.,0.));
#1597=IFCDIRECTION((0.,0.,1.));
#1598=IFCCARTESIANTRANSFORMATIONOPERATOR3D(#1595,#1596,#1594,1.,#1597);
#1599=IFCMAPPEDITEM(#1487,#1598);
#1600=IFCSHAPEREPRESENTATION(#18,'Profile','MappedRepresentation',(#1599));
#1601=IFCPRODUCTDEFINITIONSHAPE($,$,(#1600,#1608,#1615));
#1602=IFCCARTESIANPOINT((0.,0.,0.));
#1603=IFCDIRECTION((1.,0.,0.));
#1604=IFCDIRECTION((0.,1.,0.));
#1605=IFCDIRECTION((0.,0.,1.));
#1606=IFCCARTESIANTRANSFORMATIONOPERATOR3D(#1603,#1604,#1602,1.,#1605);
#1607=IFCMAPPEDITEM(#1495,#1606);
#1608=IFCSHAPEREPRESENTATION(#11,'Body','MappedRepresentation',(#1607));
#1609=IFCCARTESIANPOINT((0.,0.,0.));
#1610=IFCDIRECTION((1.,0.,0.));
#1611=IFCDIRECTION((0.,1.,0.));
#1612=IFCDIRECTION((0.,0.,1.));
#1613=IFCCARTESIANTRANSFORMATIONOPERATOR3D(#1610,#1611,#1609,1.,#1612);
#1614=IFCMAPPEDITEM(#1573,#1613);
#1615=IFCSHAPEREPRESENTATION(#24,'Body','MappedRepresentation',(#1614));
#1616=IFCOPENINGELEMENT('31E1qzjwz6BAX_7nR61Hy7',$,'Opening',$,$,#1770,#1644,$,.OPENING.);
#1632=IFCCARTESIANPOINT((0.,0.,0.));
#1633=IFCDIRECTION((1.,0.,0.));
#1634=IFCDIRECTION((0.,0.,1.));
#1635=IFCAXIS2PLACEMENT3D(#1632,#1634,#1633);
#1636=IFCREPRESENTATIONMAP(#1635,#1760);
#1637=IFCCARTESIANPOINT((0.,0.,0.));
#1638=IFCDIRECTION((1.,0.,0.));
#1639=IFCDIRECTION((0.,1.,0.));
#1640=IFCDIRECTION((0.,0.,1.));
#1641=IFCCARTESIANTRANSFORMATIONOPERATOR3D(#1638,#1639,#1637,1.,#1640);
#1642=IFCMAPPEDITEM(#1636,#1641);
#1643=IFCSHAPEREPRESENTATION(#11,'Body','MappedRepresentation',(#1642));
#1644=IFCPRODUCTDEFINITIONSHAPE($,$,(#1643));
#1645=IFCRELVOIDSELEMENT('3yfLpNeTz00g1tolEt3gN6',$,$,$,#613,#1616);
#1651=IFCRELFILLSELEMENT('3U_BwtY556rO_OG51E6MGM',$,$,$,#1616,#1592);
#1657=IFCCARTESIANPOINTLIST3D(((0.,0.,0.),(0.89999997615814209,0.,0.),(0.89999997615814209,0.,2.),(0.,0.,2.)));
#1658=IFCINDEXEDPOLYCURVE(#1657,(IFCLINEINDEX((1,2,3,4,1))),$);
#1659=IFCSHAPEREPRESENTATION(#18,'Profile','Curve3D',(#1658));
#1660=IFCCARTESIANPOINTLIST2D(((0.,0.),(0.,2.),(0.89999997615814209,2.),(0.89999997615814209,0.),(0.87499997578561306,0.),(0.87499997578561306,1.974999999627471),(0.02500000037252903,1.974999999627471),(0.02500000037252903,0.)));
#1661=IFCINDEXEDPOLYCURVE(#1660,(IFCLINEINDEX((1,2,3,4,5,6,7,8,1))),$);
#1662=IFCARBITRARYCLOSEDPROFILEDEF(.AREA.,$,#1661);
#1663=IFCCARTESIANPOINT((0.,0.02500000037252903,0.));
#1664=IFCDIRECTION((0.,-1.,0.));
#1665=IFCDIRECTION((1.,0.,0.));
#1666=IFCAXIS2PLACEMENT3D(#1663,#1664,#1665);
#1667=IFCDIRECTION((0.,0.,-1.));
#1668=IFCEXTRUDEDAREASOLID(#1662,#1666,#1667,0.02500000037252903);
#1669=IFCCARTESIANPOINTLIST2D(((0.,0.),(0.,2.),(0.89999997615814209,2.),(0.89999997615814209,0.),(0.84999997541308403,0.),(0.84999997541308403,1.9499999992549419),(0.05000000074505806,1.9499999992549419),(0.05000000074505806,0.)));
#1670=IFCINDEXEDPOLYCURVE(#1669,(IFCLINEINDEX((1,2,3,4,5,6,7,8,1))),$);
#1671=IFCARBITRARYCLOSEDPROFILEDEF(.AREA.,$,#1670);
#1672=IFCCARTESIANPOINT((0.,0.,0.));
#1673=IFCDIRECTION((0.,-1.,0.));
#1674=IFCDIRECTION((1.,0.,0.));
#1675=IFCAXIS2PLACEMENT3D(#1672,#1673,#1674);
#1676=IFCDIRECTION((0.,0.,-1.));
#1677=IFCEXTRUDEDAREASOLID(#1671,#1675,#1676,0.02500000037252903);
#1678=IFCCARTESIANPOINTLIST2D(((0.,0.),(0.79999997466802597,0.),(0.79999997466802597,0.10000000149011612),(0.,0.10000000149011612)));
#1679=IFCINDEXEDPOLYCURVE(#1678,(IFCLINEINDEX((1,2,3,4,1))),$);
#1680=IFCARBITRARYCLOSEDPROFILEDEF(.AREA.,$,#1679);
#1681=IFCCARTESIANPOINT((0.05000000074505806,0.,0.));
#1682=IFCDIRECTION((0.,0.,1.));
#1683=IFCDIRECTION((1.,0.,0.));
#1684=IFCAXIS2PLACEMENT3D(#1681,#1682,#1683);
#1685=IFCDIRECTION((0.,0.,1.));
#1686=IFCEXTRUDEDAREASOLID(#1680,#1684,#1685,0.02500000037252903);
#1687=IFCCARTESIANPOINTLIST2D(((0.,0.),(0.,2.0250000022351742),(0.94999998062849045,2.0250000022351742),(0.94999998062849045,0.),(0.87499997764825821,0.),(0.87499997764825821,1.9499999992549419),(0.075000002980232239,1.9499999992549419),(0.075000002980232239,0.)));
#1688=IFCINDEXEDPOLYCURVE(#1687,(IFCLINEINDEX((1,2,3,4,5,6,7,8,1))),$);
#1689=IFCARBITRARYCLOSEDPROFILEDEF(.AREA.,$,#1688);
#1690=IFCCARTESIANPOINT((-0.025000002235174179,-0.004999999888241291,0.));
#1691=IFCDIRECTION((0.,-1.,0.));
#1692=IFCDIRECTION((1.,0.,0.));
#1693=IFCAXIS2PLACEMENT3D(#1690,#1691,#1692);
#1694=IFCDIRECTION((0.,0.,-1.));
#1695=IFCEXTRUDEDAREASOLID(#1689,#1693,#1694,0.004999999888241291);
#1696=IFCCARTESIANPOINTLIST2D(((0.,0.),(0.,2.0250000022351742),(0.94999998062849045,2.0250000022351742),(0.94999998062849045,0.),(0.89999997802078724,0.),(0.89999997802078724,1.974999999627471),(0.050000002607703209,1.974999999627471),(0.050000002607703209,0.)));
#1697=IFCINDEXEDPOLYCURVE(#1696,(IFCLINEINDEX((1,2,3,4,5,6,7,8,1))),$);
#1698=IFCARBITRARYCLOSEDPROFILEDEF(.AREA.,$,#1697);
#1699=IFCCARTESIANPOINT((-0.025000002235174179,0.05000000074505806,0.));
#1700=IFCDIRECTION((0.,-1.,0.));
#1701=IFCDIRECTION((1.,0.,0.));
#1702=IFCAXIS2PLACEMENT3D(#1699,#1700,#1701);
#1703=IFCDIRECTION((0.,0.,-1.));
#1704=IFCEXTRUDEDAREASOLID(#1698,#1702,#1703,0.004999999888241291);
#1705=IFCCARTESIANPOINTLIST2D(((0.,0.),(0.84999997541308403,0.),(0.84999997541308403,0.035000000149011612),(0.,0.035000000149011612)));
#1706=IFCINDEXEDPOLYCURVE(#1705,(IFCLINEINDEX((1,2,3,4,1))),$);
#1707=IFCARBITRARYCLOSEDPROFILEDEF(.AREA.,$,#1706);
#1708=IFCCARTESIANPOINT((0.02500000037252903,0.02500000037252903,0.02500000037252903));
#1709=IFCDIRECTION((0.,0.,1.));
#1710=IFCDIRECTION((1.,0.,0.));
#1711=IFCAXIS2PLACEMENT3D(#1708,#1709,#1710);
#1712=IFCDIRECTION((0.,0.,1.));
#1713=IFCEXTRUDEDAREASOLID(#1707,#1711,#1712,1.9499999992549419);
#1714=IFCCARTESIANPOINTLIST2D(((0.,0.),(0.,-0.040000000000000001),(0.12,-0.040000000000000001),(0.12,-0.02),(0.02,-0.02),(0.02,0.)));
#1715=IFCINDEXEDPOLYCURVE(#1714,(IFCLINEINDEX((1,2,3,4,5,6,1))),$);
#1716=IFCARBITRARYCLOSEDPROFILEDEF(.AREA.,$,#1715);
#1717=IFCCARTESIANPOINT((0.075000000372529033,0.02500000037252903,1.015000000372529));
#1718=IFCDIRECTION((0.,0.,1.));
#1719=IFCDIRECTION((1.,0.,0.));
#1720=IFCAXIS2PLACEMENT3D(#1717,#1718,#1719);
#1721=IFCDIRECTION((0.,0.,1.));
#1722=IFCEXTRUDEDAREASOLID(#1716,#1720,#1721,0.02);
#1723=IFCEXTRUDEDAREASOLID(#1724,#1727,#1731,0.02);
#1724=IFCARBITRARYCLOSEDPROFILEDEF(.AREA.,$,#1725);
#1725=IFCINDEXEDPOLYCURVE(#1726,(IFCLINEINDEX((1,2,3,4,5,6,1))),$);
#1726=IFCCARTESIANPOINTLIST2D(((0.,0.),(0.,0.040000000000000008),(0.11999999999999998,0.040000000000000008),(0.11999999999999998,0.020000000000000004),(0.020000000000000004,0.020000000000000004),(0.020000000000000004,0.)));
#1727=IFCAXIS2PLACEMENT3D(#1728,#1729,#1730);
#1728=IFCCARTESIANPOINT((0.075000000372529033,0.060000000521540642,1.015000000372529));
#1729=IFCDIRECTION((0.,0.,1.));
#1730=IFCDIRECTION((1.,0.,0.));
#1731=IFCDIRECTION((0.,0.,1.));
#1732=IFCSHAPEREPRESENTATION(#11,'Body','SweptSolid',(#1668,#1677,#1713,#1722,#1723,#1686,#1695,#1704));
#1733=IFCSHAPEREPRESENTATION(#11,'Body','SweptSolid',(#1668,#1677,#1686,#1695,#1704));
#1734=IFCSHAPEASPECT((#1733),'Lining',$,.T.,#1601);
#1735=IFCSHAPEREPRESENTATION(#11,'Body','SweptSolid',(#1713,#1722,#1723));
#1736=IFCSHAPEASPECT((#1735),'Framing',$,.T.,#1601);
#1737=IFCCARTESIANPOINTLIST2D(((0.,0.),(0.,0.05000000074505806),(0.02500000037252903,0.05000000074505806),(0.02500000037252903,0.02500000037252903),(0.05000000074505806,0.02500000037252903),(0.05000000074505806,0.)));
#1738=IFCINDEXEDPOLYCURVE(#1737,(IFCLINEINDEX((1,2,3,4,5,6,1))),$);
#1739=IFCINDEXEDPOLYCURVE(#1740,(IFCLINEINDEX((1,2,3,4,5,6,1))),$);
#1740=IFCCARTESIANPOINTLIST2D(((0.89999997615814209,0.),(0.89999997615814209,0.05000000074505806),(0.87499997578561306,0.05000000074505806),(0.87499997578561306,0.02500000037252903),(0.84999997541308403,0.02500000037252903),(0.84999997541308403,0.)));
#1741=IFCDIRECTION((1.,0.));
#1742=IFCCARTESIANPOINT((0.83999997563660145,0.05000000074505806));
#1743=IFCAXIS2PLACEMENT2D(#1742,#1741);
#1744=IFCELLIPSE(#1743,0.81499997526407242,0.84999997541308403);
#1745=IFCCARTESIANPOINT((0.83999997563660145,0.89999997615814209));
#1746=IFCCARTESIANPOINT((0.02500000037252903,0.05000000074505806));
#1747=IFCTRIMMEDCURVE(#1744,(#1745),(#1746),.T.,.CARTESIAN.);
#1748=IFCCARTESIANPOINTLIST2D(((0.87499997578561306,0.05000000074505806),(0.83999997563660145,0.05000000074505806),(0.83999997563660145,0.89999997615814209),(0.87499997578561306,0.89999997615814209)));
#1749=IFCINDEXEDPOLYCURVE(#1748,(IFCLINEINDEX((1,2,3,4,1))),$);
#1750=IFCSHAPEREPRESENTATION(#24,'Body','Curve2D',(#1738,#1739,#1747,#1749));
#1751=IFCCARTESIANPOINTLIST2D(((0.,0.),(0.89999997615814209,0.),(0.89999997615814209,2.),(0.,2.)));
#1752=IFCINDEXEDPOLYCURVE(#1751,(IFCLINEINDEX((1,2,3,4,1))),$);
#1753=IFCARBITRARYCLOSEDPROFILEDEF(.AREA.,$,#1752);
#1754=IFCCARTESIANPOINT((0.,-0.60000002384185791,0.));
#1755=IFCDIRECTION((0.,-1.,0.));
#1756=IFCDIRECTION((1.,0.,0.));
#1757=IFCAXIS2PLACEMENT3D(#1754,#1755,#1756);
#1758=IFCDIRECTION((0.,0.,-1.));
#1759=IFCEXTRUDEDAREASOLID(#1753,#1757,#1758,1.2);
#1760=IFCSHAPEREPRESENTATION(#11,'Body','SweptSolid',(#1759));
#1766=IFCCARTESIANPOINT((1.5364481434226218,-1.8202461360417033E-07,0.));
#1767=IFCDIRECTION((0.,0.,1.));
#1768=IFCDIRECTION((0.99999999999997147,-2.384185719961227E-07,0.));
#1769=IFCAXIS2PLACEMENT3D(#1766,#1767,#1768);
#1770=IFCLOCALPLACEMENT(#624,#1769);
#1771=IFCCARTESIANPOINT((-6.6613381477509392E-16,-5.5511151231257827E-17,0.));
#1772=IFCDIRECTION((0.,0.,1.));
#1773=IFCDIRECTION((1.,5.2939559203393771E-23,0.));
#1774=IFCAXIS2PLACEMENT3D(#1771,#1772,#1773);
#1775=IFCLOCALPLACEMENT(#1770,#1774);
#1776=IFCDOORTYPE('1DHe6aGOP33wkqQulUHDKn',$,'BATHROOM-GF',$,$,(#1777),(#1779,#1787,#1865),$,$,.DOOR.,.SINGLE_SWING_LEFT.,$,$);
#1777=IFCPROPERTYSET('0BW_1vJWLEFAlFEJ9S0jWn',$,'BBIM_Door',$,(#1778));
#1778=IFCPROPERTYSINGLEVALUE('Data',$,IFCTEXT('{"door_type": "SINGLE_SWING_RIGHT", "overall_height": 2.0, "overall_width": 0.6994229555130005, "lining_properties": {"lining_depth": 0.05000000074505806, "lining_thickness": 0.05000000074505806, "lining_offset": 0.0, "lining_to_panel_offset_x": 0.02500000037252903, "lining_to_panel_offset_y": 0.02500000037252903, "transom_thickness": 0.0, "casing_thickness": 0.07500000298023224, "casing_depth": 0.004999999888241291, "threshold_thickness": 0.02500000037252903, "threshold_depth": 0.10000000149011612, "threshold_offset": 0.0}, "panel_properties": {"panel_depth": 0.03500000014901161, "panel_width_ratio": 1.0}}'),$);
#1779=IFCREPRESENTATIONMAP(#1780,#2075);
#1780=IFCAXIS2PLACEMENT3D(#1781,#1782,#1783);
#1781=IFCCARTESIANPOINT((0.,0.,0.));
#1782=IFCDIRECTION((0.,0.,1.));
#1783=IFCDIRECTION((1.,0.,0.));
#1787=IFCREPRESENTATIONMAP(#1788,#2148);
#1788=IFCAXIS2PLACEMENT3D(#1789,#1790,#1791);
#1789=IFCCARTESIANPOINT((0.,0.,0.));
#1790=IFCDIRECTION((0.,0.,1.));
#1791=IFCDIRECTION((1.,0.,0.));
#1865=IFCREPRESENTATIONMAP(#1866,#2162);
#1866=IFCAXIS2PLACEMENT3D(#1867,#1868,#1869);
#1867=IFCCARTESIANPOINT((0.,0.,0.));
#1868=IFCDIRECTION((0.,0.,1.));
#1869=IFCDIRECTION((1.,0.,0.));
#1884=IFCDOOR('2INT7QCT97wuZSGOXkFjzC',$,'Door',$,$,#2187,#1893,$,2.,0.69942295551300049,$,.SINGLE_SWING_RIGHT.,$);
#1885=IFCRELDEFINESBYTYPE('2YPuT_BgTEg9cxZfmcMb1N',$,$,$,(#1884),#1776);
#1886=IFCCARTESIANPOINT((0.,0.,0.));
#1887=IFCDIRECTION((1.,0.,0.));
#1888=IFCDIRECTION((0.,1.,0.));
#1889=IFCDIRECTION((0.,0.,1.));
#1890=IFCCARTESIANTRANSFORMATIONOPERATOR3D(#1887,#1888,#1886,1.,#1889);
#1891=IFCMAPPEDITEM(#1779,#1890);
#1892=IFCSHAPEREPRESENTATION(#18,'Profile','MappedRepresentation',(#1891));
#1893=IFCPRODUCTDEFINITIONSHAPE($,$,(#1892,#1900,#1907));
#1894=IFCCARTESIANPOINT((0.,0.,0.));
#1895=IFCDIRECTION((1.,0.,0.));
#1896=IFCDIRECTION((0.,1.,0.));
#1897=IFCDIRECTION((0.,0.,1.));
#1898=IFCCARTESIANTRANSFORMATIONOPERATOR3D(#1895,#1896,#1894,1.,#1897);
#1899=IFCMAPPEDITEM(#1787,#1898);
#1900=IFCSHAPEREPRESENTATION(#11,'Body','MappedRepresentation',(#1899));
#1901=IFCCARTESIANPOINT((0.,0.,0.));
#1902=IFCDIRECTION((1.,0.,0.));
#1903=IFCDIRECTION((0.,1.,0.));
#1904=IFCDIRECTION((0.,0.,1.));
#1905=IFCCARTESIANTRANSFORMATIONOPERATOR3D(#1902,#1903,#1901,1.,#1904);
#1906=IFCMAPPEDITEM(#1865,#1905);
#1907=IFCSHAPEREPRESENTATION(#24,'Body','MappedRepresentation',(#1906));
#1908=IFCOPENINGELEMENT('0$kzr1_0L8sfRjd21l_5L4',$,'Opening',$,$,#2182,#1936,$,.OPENING.);
#1924=IFCCARTESIANPOINT((0.,0.,0.));
#1925=IFCDIRECTION((1.,0.,0.));
#1926=IFCDIRECTION((0.,0.,1.));
#1927=IFCAXIS2PLACEMENT3D(#1924,#1926,#1925);
#1928=IFCREPRESENTATIONMAP(#1927,#2172);
#1929=IFCCARTESIANPOINT((0.,0.,0.));
#1930=IFCDIRECTION((1.,0.,0.));
#1931=IFCDIRECTION((0.,1.,0.));
#1932=IFCDIRECTION((0.,0.,1.));
#1933=IFCCARTESIANTRANSFORMATIONOPERATOR3D(#1930,#1931,#1929,1.,#1932);
#1934=IFCMAPPEDITEM(#1928,#1933);
#1935=IFCSHAPEREPRESENTATION(#11,'Body','MappedRepresentation',(#1934));
#1936=IFCPRODUCTDEFINITIONSHAPE($,$,(#1935));
#1937=IFCRELVOIDSELEMENT('1Nnb0uHJH3sv0Istml_lFL',$,$,$,#801,#1908);
#1943=IFCRELFILLSELEMENT('3icYoLdzTB6AY9C8BtijH2',$,$,$,#1908,#1884);
#1949=IFCCARTESIANPOINT((1.1102230246251565E-16,0.,0.));
#1950=IFCDIRECTION((0.,0.,1.));
#1951=IFCDIRECTION((1.,0.,0.));
#1952=IFCAXIS2PLACEMENT3D(#1949,#1950,#1951);
#1953=IFCLOCALPLACEMENT(#1478,#1952);
#1957=IFCCARTESIANPOINTLIST2D(((0.,0.),(0.,2.),(0.7343975305557251,2.),(0.7343975305557251,0.),(0.70939753018319607,0.),(0.70939753018319607,1.974999999627471),(0.02500000037252903,1.974999999627471),(0.02500000037252903,0.)));
#1958=IFCINDEXEDPOLYCURVE(#1957,(IFCLINEINDEX((1,2,3,4,5,6,7,8,1))),$);
#1959=IFCARBITRARYCLOSEDPROFILEDEF(.AREA.,$,#1958);
#1960=IFCCARTESIANPOINT((0.,0.02500000037252903,0.));
#1961=IFCDIRECTION((0.,-1.,0.));
#1962=IFCDIRECTION((1.,0.,0.));
#1963=IFCAXIS2PLACEMENT3D(#1960,#1961,#1962);
#1964=IFCDIRECTION((0.,0.,-1.));
#1965=IFCEXTRUDEDAREASOLID(#1959,#1963,#1964,0.02500000037252903);
#1966=IFCCARTESIANPOINTLIST2D(((0.,0.),(0.,2.),(0.7343975305557251,2.),(0.7343975305557251,0.),(0.68439752981066704,0.),(0.68439752981066704,1.9499999992549419),(0.05000000074505806,1.9499999992549419),(0.05000000074505806,0.)));
#1967=IFCINDEXEDPOLYCURVE(#1966,(IFCLINEINDEX((1,2,3,4,5,6,7,8,1))),$);
#1968=IFCARBITRARYCLOSEDPROFILEDEF(.AREA.,$,#1967);
#1969=IFCCARTESIANPOINT((0.,0.,0.));
#1970=IFCDIRECTION((0.,-1.,0.));
#1971=IFCDIRECTION((1.,0.,0.));
#1972=IFCAXIS2PLACEMENT3D(#1969,#1970,#1971);
#1973=IFCDIRECTION((0.,0.,-1.));
#1974=IFCEXTRUDEDAREASOLID(#1968,#1972,#1973,0.02500000037252903);
#1975=IFCCARTESIANPOINTLIST2D(((0.,0.),(0.63439752906560898,0.),(0.63439752906560898,0.10000000149011612),(0.,0.10000000149011612)));
#1976=IFCINDEXEDPOLYCURVE(#1975,(IFCLINEINDEX((1,2,3,4,1))),$);
#1977=IFCARBITRARYCLOSEDPROFILEDEF(.AREA.,$,#1976);
#1978=IFCCARTESIANPOINT((0.05000000074505806,0.,0.));
#1979=IFCDIRECTION((0.,0.,1.));
#1980=IFCDIRECTION((1.,0.,0.));
#1981=IFCAXIS2PLACEMENT3D(#1978,#1979,#1980);
#1982=IFCDIRECTION((0.,0.,1.));
#1983=IFCEXTRUDEDAREASOLID(#1977,#1981,#1982,0.02500000037252903);
#1984=IFCCARTESIANPOINTLIST2D(((0.,0.),(0.,2.0250000022351742),(0.78439753502607346,2.0250000022351742),(0.78439753502607346,0.),(0.70939753204584122,0.),(0.70939753204584122,1.9499999992549419),(0.075000002980232239,1.9499999992549419),(0.075000002980232239,0.)));
#1985=IFCINDEXEDPOLYCURVE(#1984,(IFCLINEINDEX((1,2,3,4,5,6,7,8,1))),$);
#1986=IFCARBITRARYCLOSEDPROFILEDEF(.AREA.,$,#1985);
#1987=IFCCARTESIANPOINT((-0.025000002235174179,-0.004999999888241291,0.));
#1988=IFCDIRECTION((0.,-1.,0.));
#1989=IFCDIRECTION((1.,0.,0.));
#1990=IFCAXIS2PLACEMENT3D(#1987,#1988,#1989);
#1991=IFCDIRECTION((0.,0.,-1.));
#1992=IFCEXTRUDEDAREASOLID(#1986,#1990,#1991,0.004999999888241291);
#1993=IFCCARTESIANPOINTLIST2D(((0.,0.),(0.,2.0250000022351742),(0.78439753502607346,2.0250000022351742),(0.78439753502607346,0.),(0.73439753241837025,0.),(0.73439753241837025,1.974999999627471),(0.050000002607703209,1.974999999627471),(0.050000002607703209,0.)));
#1994=IFCINDEXEDPOLYCURVE(#1993,(IFCLINEINDEX((1,2,3,4,5,6,7,8,1))),$);
#1995=IFCARBITRARYCLOSEDPROFILEDEF(.AREA.,$,#1994);
#1996=IFCCARTESIANPOINT((-0.025000002235174179,0.05000000074505806,0.));
#1997=IFCDIRECTION((0.,-1.,0.));
#1998=IFCDIRECTION((1.,0.,0.));
#1999=IFCAXIS2PLACEMENT3D(#1996,#1997,#1998);
#2000=IFCDIRECTION((0.,0.,-1.));
#2001=IFCEXTRUDEDAREASOLID(#1995,#1999,#2000,0.004999999888241291);
#2002=IFCCARTESIANPOINTLIST2D(((0.,0.),(0.68439752981066704,0.),(0.68439752981066704,0.035000000149011612),(0.,0.035000000149011612)));
#2003=IFCINDEXEDPOLYCURVE(#2002,(IFCLINEINDEX((1,2,3,4,1))),$);
#2004=IFCARBITRARYCLOSEDPROFILEDEF(.AREA.,$,#2003);
#2005=IFCCARTESIANPOINT((0.02500000037252903,0.02500000037252903,0.02500000037252903));
#2006=IFCDIRECTION((0.,0.,1.));
#2007=IFCDIRECTION((1.,0.,0.));
#2008=IFCAXIS2PLACEMENT3D(#2005,#2006,#2007);
#2009=IFCDIRECTION((0.,0.,1.));
#2010=IFCEXTRUDEDAREASOLID(#2004,#2008,#2009,1.9499999992549419);
#2011=IFCCARTESIANPOINTLIST2D(((0.,0.),(0.,-0.040000000000000001),(-0.11999999999999988,-0.040000000000000001),(-0.11999999999999988,-0.02),(-0.020000000000000018,-0.02),(-0.020000000000000018,0.)));
#2012=IFCINDEXEDPOLYCURVE(#2011,(IFCLINEINDEX((1,2,3,4,5,6,1))),$);
#2013=IFCARBITRARYCLOSEDPROFILEDEF(.AREA.,$,#2012);
#2014=IFCCARTESIANPOINT((0.65939753018319602,0.02500000037252903,1.015000000372529));
#2015=IFCDIRECTION((0.,0.,1.));
#2016=IFCDIRECTION((1.,0.,0.));
#2017=IFCAXIS2PLACEMENT3D(#2014,#2015,#2016);
#2018=IFCDIRECTION((0.,0.,1.));
#2019=IFCEXTRUDEDAREASOLID(#2013,#2017,#2018,0.02);
#2020=IFCEXTRUDEDAREASOLID(#2021,#2024,#2028,0.02);
#2021=IFCARBITRARYCLOSEDPROFILEDEF(.AREA.,$,#2022);
#2022=IFCINDEXEDPOLYCURVE(#2023,(IFCLINEINDEX((1,2,3,4,5,6,1))),$);
#2023=IFCCARTESIANPOINTLIST2D(((0.,0.),(0.,0.040000000000000008),(-0.11999999999999988,0.040000000000000008),(-0.11999999999999988,0.020000000000000004),(-0.020000000000000018,0.020000000000000004),(-0.020000000000000018,0.)));
#2024=IFCAXIS2PLACEMENT3D(#2025,#2026,#2027);
#2025=IFCCARTESIANPOINT((0.65939753018319602,0.060000000521540642,1.015000000372529));
#2026=IFCDIRECTION((0.,0.,1.));
#2027=IFCDIRECTION((1.,0.,0.));
#2028=IFCDIRECTION((0.,0.,1.));
#2030=IFCSHAPEREPRESENTATION(#11,'Body','SweptSolid',(#1983,#2111,#2120,#2001,#1974,#2093,#2102,#1965,#2084,#1992));
#2031=IFCSHAPEASPECT((#2030),'Lining',$,.T.,#1893);
#2032=IFCSHAPEREPRESENTATION(#11,'Body','SweptSolid',(#2020,#2129,#2010,#2139,#2138,#2019));
#2033=IFCSHAPEASPECT((#2032),'Framing',$,.T.,#1893);
#2073=IFCCARTESIANPOINTLIST3D(((0.,0.,0.),(0.69942295551300049,0.,0.),(0.69942295551300049,0.,2.),(0.,0.,2.)));
#2074=IFCINDEXEDPOLYCURVE(#2073,(IFCLINEINDEX((1,2,3,4,1))),$);
#2075=IFCSHAPEREPRESENTATION(#18,'Profile','Curve3D',(#2074));
#2076=IFCCARTESIANPOINTLIST2D(((0.,0.),(0.,2.),(0.69942295551300049,2.),(0.69942295551300049,0.),(0.67442295514047146,0.),(0.67442295514047146,1.974999999627471),(0.02500000037252903,1.974999999627471),(0.02500000037252903,0.)));
#2077=IFCINDEXEDPOLYCURVE(#2076,(IFCLINEINDEX((1,2,3,4,5,6,7,8,1))),$);
#2078=IFCARBITRARYCLOSEDPROFILEDEF(.AREA.,$,#2077);
#2079=IFCCARTESIANPOINT((0.,0.02500000037252903,0.));
#2080=IFCDIRECTION((0.,-1.,0.));
#2081=IFCDIRECTION((1.,0.,0.));
#2082=IFCAXIS2PLACEMENT3D(#2079,#2080,#2081);
#2083=IFCDIRECTION((0.,0.,-1.));
#2084=IFCEXTRUDEDAREASOLID(#2078,#2082,#2083,0.02500000037252903);
#2085=IFCCARTESIANPOINTLIST2D(((0.,0.),(0.,2.),(0.69942295551300049,2.),(0.69942295551300049,0.),(0.64942295476794243,0.),(0.64942295476794243,1.9499999992549419),(0.05000000074505806,1.9499999992549419),(0.05000000074505806,0.)));
#2086=IFCINDEXEDPOLYCURVE(#2085,(IFCLINEINDEX((1,2,3,4,5,6,7,8,1))),$);
#2087=IFCARBITRARYCLOSEDPROFILEDEF(.AREA.,$,#2086);
#2088=IFCCARTESIANPOINT((0.,0.,0.));
#2089=IFCDIRECTION((0.,-1.,0.));
#2090=IFCDIRECTION((1.,0.,0.));
#2091=IFCAXIS2PLACEMENT3D(#2088,#2089,#2090);
#2092=IFCDIRECTION((0.,0.,-1.));
#2093=IFCEXTRUDEDAREASOLID(#2087,#2091,#2092,0.02500000037252903);
#2094=IFCCARTESIANPOINTLIST2D(((0.,0.),(0.59942295402288437,0.),(0.59942295402288437,0.10000000149011612),(0.,0.10000000149011612)));
#2095=IFCINDEXEDPOLYCURVE(#2094,(IFCLINEINDEX((1,2,3,4,1))),$);
#2096=IFCARBITRARYCLOSEDPROFILEDEF(.AREA.,$,#2095);
#2097=IFCCARTESIANPOINT((0.05000000074505806,0.,0.));
#2098=IFCDIRECTION((0.,0.,1.));
#2099=IFCDIRECTION((1.,0.,0.));
#2100=IFCAXIS2PLACEMENT3D(#2097,#2098,#2099);
#2101=IFCDIRECTION((0.,0.,1.));
#2102=IFCEXTRUDEDAREASOLID(#2096,#2100,#2101,0.02500000037252903);
#2103=IFCCARTESIANPOINTLIST2D(((0.,0.),(0.,2.0250000022351742),(0.74942295998334885,2.0250000022351742),(0.74942295998334885,0.),(0.67442295700311661,0.),(0.67442295700311661,1.9499999992549419),(0.075000002980232239,1.9499999992549419),(0.075000002980232239,0.)));
#2104=IFCINDEXEDPOLYCURVE(#2103,(IFCLINEINDEX((1,2,3,4,5,6,7,8,1))),$);
#2105=IFCARBITRARYCLOSEDPROFILEDEF(.AREA.,$,#2104);
#2106=IFCCARTESIANPOINT((-0.025000002235174179,-0.004999999888241291,0.));
#2107=IFCDIRECTION((0.,-1.,0.));
#2108=IFCDIRECTION((1.,0.,0.));
#2109=IFCAXIS2PLACEMENT3D(#2106,#2107,#2108);
#2110=IFCDIRECTION((0.,0.,-1.));
#2111=IFCEXTRUDEDAREASOLID(#2105,#2109,#2110,0.004999999888241291);
#2112=IFCCARTESIANPOINTLIST2D(((0.,0.),(0.,2.0250000022351742),(0.74942295998334885,2.0250000022351742),(0.74942295998334885,0.),(0.69942295737564564,0.),(0.69942295737564564,1.974999999627471),(0.050000002607703209,1.974999999627471),(0.050000002607703209,0.)));
#2113=IFCINDEXEDPOLYCURVE(#2112,(IFCLINEINDEX((1,2,3,4,5,6,7,8,1))),$);
#2114=IFCARBITRARYCLOSEDPROFILEDEF(.AREA.,$,#2113);
#2115=IFCCARTESIANPOINT((-0.025000002235174179,0.05000000074505806,0.));
#2116=IFCDIRECTION((0.,-1.,0.));
#2117=IFCDIRECTION((1.,0.,0.));
#2118=IFCAXIS2PLACEMENT3D(#2115,#2116,#2117);
#2119=IFCDIRECTION((0.,0.,-1.));
#2120=IFCEXTRUDEDAREASOLID(#2114,#2118,#2119,0.004999999888241291);
#2121=IFCCARTESIANPOINTLIST2D(((0.,0.),(0.64942295476794243,0.),(0.64942295476794243,0.035000000149011612),(0.,0.035000000149011612)));
#2122=IFCINDEXEDPOLYCURVE(#2121,(IFCLINEINDEX((1,2,3,4,1))),$);
#2123=IFCARBITRARYCLOSEDPROFILEDEF(.AREA.,$,#2122);
#2124=IFCCARTESIANPOINT((0.02500000037252903,0.02500000037252903,0.02500000037252903));
#2125=IFCDIRECTION((0.,0.,1.));
#2126=IFCDIRECTION((1.,0.,0.));
#2127=IFCAXIS2PLACEMENT3D(#2124,#2125,#2126);
#2128=IFCDIRECTION((0.,0.,1.));
#2129=IFCEXTRUDEDAREASOLID(#2123,#2127,#2128,1.9499999992549419);
#2130=IFCCARTESIANPOINTLIST2D(((0.,0.),(0.,-0.040000000000000001),(0.12,-0.040000000000000001),(0.12,-0.02),(0.02,-0.02),(0.02,0.)));
#2131=IFCINDEXEDPOLYCURVE(#2130,(IFCLINEINDEX((1,2,3,4,5,6,1))),$);
#2132=IFCARBITRARYCLOSEDPROFILEDEF(.AREA.,$,#2131);
#2133=IFCCARTESIANPOINT((0.075000000372529033,0.02500000037252903,1.015000000372529));
#2134=IFCDIRECTION((0.,0.,1.));
#2135=IFCDIRECTION((1.,0.,0.));
#2136=IFCAXIS2PLACEMENT3D(#2133,#2134,#2135);
#2137=IFCDIRECTION((0.,0.,1.));
#2138=IFCEXTRUDEDAREASOLID(#2132,#2136,#2137,0.02);
#2139=IFCEXTRUDEDAREASOLID(#2140,#2143,#2147,0.02);
#2140=IFCARBITRARYCLOSEDPROFILEDEF(.AREA.,$,#2141);
#2141=IFCINDEXEDPOLYCURVE(#2142,(IFCLINEINDEX((1,2,3,4,5,6,1))),$);
#2142=IFCCARTESIANPOINTLIST2D(((0.,0.),(0.,0.040000000000000008),(0.11999999999999998,0.040000000000000008),(0.11999999999999998,0.020000000000000004),(0.020000000000000004,0.020000000000000004),(0.020000000000000004,0.)));
#2143=IFCAXIS2PLACEMENT3D(#2144,#2145,#2146);
#2144=IFCCARTESIANPOINT((0.075000000372529033,0.060000000521540642,1.015000000372529));
#2145=IFCDIRECTION((0.,0.,1.));
#2146=IFCDIRECTION((1.,0.,0.));
#2147=IFCDIRECTION((0.,0.,1.));
#2148=IFCSHAPEREPRESENTATION(#11,'Body','SweptSolid',(#2084,#2093,#2129,#2138,#2139,#2102,#2111,#2120));
#2149=IFCCARTESIANPOINTLIST2D(((0.,0.),(0.,0.05000000074505806),(0.02500000037252903,0.05000000074505806),(0.02500000037252903,0.02500000037252903),(0.05000000074505806,0.02500000037252903),(0.05000000074505806,0.)));
#2150=IFCINDEXEDPOLYCURVE(#2149,(IFCLINEINDEX((1,2,3,4,5,6,1))),$);
#2151=IFCINDEXEDPOLYCURVE(#2152,(IFCLINEINDEX((1,2,3,4,5,6,1))),$);
#2152=IFCCARTESIANPOINTLIST2D(((0.69942295551300049,0.),(0.69942295551300049,0.05000000074505806),(0.67442295514047146,0.05000000074505806),(0.67442295514047146,0.02500000037252903),(0.64942295476794243,0.02500000037252903),(0.64942295476794243,0.)));
#2153=IFCDIRECTION((1.,0.));
#2154=IFCCARTESIANPOINT((0.63942295499145985,0.05000000074505806));
#2155=IFCAXIS2PLACEMENT2D(#2154,#2153);
#2156=IFCELLIPSE(#2155,0.61442295461893082,0.64942295476794243);
#2157=IFCCARTESIANPOINT((0.63942295499145985,0.69942295551300049));
#2158=IFCCARTESIANPOINT((0.02500000037252903,0.05000000074505806));
#2159=IFCTRIMMEDCURVE(#2156,(#2157),(#2158),.T.,.CARTESIAN.);
#2160=IFCCARTESIANPOINTLIST2D(((0.67442295514047146,0.05000000074505806),(0.63942295499145985,0.05000000074505806),(0.63942295499145985,0.69942295551300049),(0.67442295514047146,0.69942295551300049)));
#2161=IFCINDEXEDPOLYCURVE(#2160,(IFCLINEINDEX((1,2,3,4,1))),$);
#2162=IFCSHAPEREPRESENTATION(#24,'Body','Curve2D',(#2150,#2151,#2159,#2161));
#2163=IFCCARTESIANPOINTLIST2D(((0.,0.),(0.69942295551300049,0.),(0.69942295551300049,2.),(0.,2.)));
#2164=IFCINDEXEDPOLYCURVE(#2163,(IFCLINEINDEX((1,2,3,4,1))),$);
#2165=IFCARBITRARYCLOSEDPROFILEDEF(.AREA.,$,#2164);
#2166=IFCCARTESIANPOINT((0.,-0.60000002384185791,0.));
#2167=IFCDIRECTION((0.,-1.,0.));
#2168=IFCDIRECTION((1.,0.,0.));
#2169=IFCAXIS2PLACEMENT3D(#2166,#2167,#2168);
#2170=IFCDIRECTION((0.,0.,-1.));
#2171=IFCEXTRUDEDAREASOLID(#2165,#2169,#2170,1.2);
#2172=IFCSHAPEREPRESENTATION(#11,'Body','SweptSolid',(#2171));
#2178=IFCCARTESIANPOINT((0.059461113870142412,0.01500011648168087,0.));
#2179=IFCDIRECTION((0.,0.,1.));
#2180=IFCDIRECTION((0.99999999999999289,-1.1920928955077312E-07,0.));
#2181=IFCAXIS2PLACEMENT3D(#2178,#2179,#2180);
#2182=IFCLOCALPLACEMENT(#973,#2181);
#2183=IFCCARTESIANPOINT((0.,2.2204460492503131E-16,0.));
#2184=IFCDIRECTION((0.,0.,1.));
#2185=IFCDIRECTION((0.99999999999999989,0.,0.));
#2186=IFCAXIS2PLACEMENT3D(#2183,#2184,#2185);
#2187=IFCLOCALPLACEMENT(#2182,#2186);
#2188=IFCDOORTYPE('02WDS3jMz25ARoK2SA_lsC',$,'MAIDS-GF',$,$,(#2189),(#2191,#2199,#2277,#9887),$,$,.DOOR.,.SINGLE_SWING_LEFT.,$,$);
#2189=IFCPROPERTYSET('3gi9NnQiHE08hKqI_q5tGX',$,'BBIM_Door',$,(#2190));
#2190=IFCPROPERTYSINGLEVALUE('Data',$,IFCTEXT('{"door_type": "SLIDING_TO_RIGHT", "overall_height": 2.0, "overall_width": 1.399999976158142, "lining_properties": {"lining_depth": 0.05000000074505806, "lining_thickness": 0.05000000074505806, "lining_offset": 0.0, "transom_thickness": 0.0, "casing_thickness": 0.07500000298023224, "casing_depth": 0.004999999888241291, "threshold_thickness": 0.02500000037252903, "threshold_depth": 0.10000000149011612, "threshold_offset": 0.0}, "panel_properties": {"panel_depth": 0.03500000014901161, "panel_width_ratio": 1.0}}'),$);
#2191=IFCREPRESENTATIONMAP(#2192,#9802);
#2192=IFCAXIS2PLACEMENT3D(#2193,#2194,#2195);
#2193=IFCCARTESIANPOINT((0.,0.,0.));
#2194=IFCDIRECTION((0.,0.,1.));
#2195=IFCDIRECTION((1.,0.,0.));
#2199=IFCREPRESENTATIONMAP(#2200,#9866);
#2200=IFCAXIS2PLACEMENT3D(#2201,#2202,#2203);
#2201=IFCCARTESIANPOINT((0.,0.,0.));
#2202=IFCDIRECTION((0.,0.,1.));
#2203=IFCDIRECTION((1.,0.,0.));
#2277=IFCREPRESENTATIONMAP(#2278,#9877);
#2278=IFCAXIS2PLACEMENT3D(#2279,#2280,#2281);
#2279=IFCCARTESIANPOINT((0.,0.,0.));
#2280=IFCDIRECTION((0.,0.,1.));
#2281=IFCDIRECTION((1.,0.,0.));
#2296=IFCDOOR('20tQwwo_z1LRNDQVu9ENFS',$,'Door',$,$,#9919,#2305,$,2.,1.3999999761581421,$,.SLIDING_TO_RIGHT.,$);
#2297=IFCRELDEFINESBYTYPE('0lZFPtzdr4VQczY62qnA6z',$,$,$,(#2296),#2188);
#2298=IFCCARTESIANPOINT((0.,0.,0.));
#2299=IFCDIRECTION((1.,0.,0.));
#2300=IFCDIRECTION((0.,1.,0.));
#2301=IFCDIRECTION((0.,0.,1.));
#2302=IFCCARTESIANTRANSFORMATIONOPERATOR3D(#2299,#2300,#2298,1.,#2301);
#2303=IFCMAPPEDITEM(#2191,#2302);
#2304=IFCSHAPEREPRESENTATION(#18,'Profile','MappedRepresentation',(#2303));
#2305=IFCPRODUCTDEFINITIONSHAPE($,$,(#2304,#2312,#2319,#9894));
#2306=IFCCARTESIANPOINT((0.,0.,0.));
#2307=IFCDIRECTION((1.,0.,0.));
#2308=IFCDIRECTION((0.,1.,0.));
#2309=IFCDIRECTION((0.,0.,1.));
#2310=IFCCARTESIANTRANSFORMATIONOPERATOR3D(#2307,#2308,#2306,1.,#2309);
#2311=IFCMAPPEDITEM(#2199,#2310);
#2312=IFCSHAPEREPRESENTATION(#11,'Body','MappedRepresentation',(#2311));
#2313=IFCCARTESIANPOINT((0.,0.,0.));
#2314=IFCDIRECTION((1.,0.,0.));
#2315=IFCDIRECTION((0.,1.,0.));
#2316=IFCDIRECTION((0.,0.,1.));
#2317=IFCCARTESIANTRANSFORMATIONOPERATOR3D(#2314,#2315,#2313,1.,#2316);
#2318=IFCMAPPEDITEM(#2277,#2317);
#2319=IFCSHAPEREPRESENTATION(#24,'Body','MappedRepresentation',(#2318));
#2320=IFCOPENINGELEMENT('0Y0CXFs1T6H9VP1U$3jIIr',$,'Opening',$,$,#9914,#2348,$,.OPENING.);
#2336=IFCCARTESIANPOINT((0.,0.,0.));
#2337=IFCDIRECTION((1.,0.,0.));
#2338=IFCDIRECTION((0.,0.,1.));
#2339=IFCAXIS2PLACEMENT3D(#2336,#2338,#2337);
#2340=IFCREPRESENTATIONMAP(#2339,#9904);
#2341=IFCCARTESIANPOINT((0.,0.,0.));
#2342=IFCDIRECTION((1.,0.,0.));
#2343=IFCDIRECTION((0.,1.,0.));
#2344=IFCDIRECTION((0.,0.,1.));
#2345=IFCCARTESIANTRANSFORMATIONOPERATOR3D(#2342,#2343,#2341,1.,#2344);
#2346=IFCMAPPEDITEM(#2340,#2345);
#2347=IFCSHAPEREPRESENTATION(#11,'Body','MappedRepresentation',(#2346));
#2348=IFCPRODUCTDEFINITIONSHAPE($,$,(#2347));
#2349=IFCRELVOIDSELEMENT('1m$tD4UBH1pfMODxjtZNox',$,$,$,#891,#2320);
#2355=IFCRELFILLSELEMENT('1I0gjKINPEBxpChcI5mFPA',$,$,$,#2320,#2296);
#2376=IFCWINDOWTYPE('3D0Hd$PqrFGP8DKjozKlpw',$,'LIVING-GF',$,$,(#2377),(#2386,#2434,#2456),$,$,.WINDOW.,.SINGLE_PANEL.,$,$);
#2377=IFCPROPERTYSET('3CfgBAMN5AwgDikz5u99Bq',$,'BBIM_Window',$,(#2378));
#2378=IFCPROPERTYSINGLEVALUE('Data',$,IFCTEXT('{"window_type": "SINGLE_PANEL", "overall_height": 0.8999999761581421, "overall_width": 0.6000000238418579, "lining_properties": {"lining_depth": 0.05000000074505806, "lining_thickness": 0.05000000074505806, "lining_offset": 0.05000000074505806, "lining_to_panel_offset_x": 0.02500000037252903, "lining_to_panel_offset_y": 0.02500000037252903}, "panel_properties": {"frame_depth": [0.03500000014901161, 0.03500000014901161, 0.03500000014901161], "frame_thickness": [0.03500000014901161, 0.03500000014901161, 0.03500000014901161]}}'),$);
#2379=IFCCARTESIANPOINTLIST3D(((0.,0.,0.),(0.60000002384185791,0.,0.),(0.60000002384185791,0.,0.89999997615814209),(0.,0.,0.89999997615814209)));
#2380=IFCINDEXEDPOLYCURVE(#2379,(IFCLINEINDEX((1,2,3,4,1))),$);
#2381=IFCSHAPEREPRESENTATION(#18,'Profile','Curve3D',(#2380));
#2382=IFCCARTESIANPOINT((0.,0.,0.));
#2383=IFCDIRECTION((1.,0.,0.));
#2384=IFCDIRECTION((0.,0.,1.));
#2385=IFCAXIS2PLACEMENT3D(#2382,#2384,#2383);
#2386=IFCREPRESENTATIONMAP(#2385,#2381);
#2387=IFCCARTESIANPOINTLIST2D(((0.,0.),(0.60000002384185791,0.),(0.60000002384185791,0.89999997615814209),(0.,0.89999997615814209)));
#2388=IFCINDEXEDPOLYCURVE(#2387,(IFCLINEINDEX((1,2,3,4,1))),$);
#2389=IFCCARTESIANPOINTLIST2D(((0.02500000037252903,0.02500000037252903),(0.57500002346932888,0.02500000037252903),(0.57500002346932888,0.87499997578561306),(0.02500000037252903,0.87499997578561306)));
#2390=IFCINDEXEDPOLYCURVE(#2389,(IFCLINEINDEX((1,2,3,4,1))),$);
#2391=IFCARBITRARYPROFILEDEFWITHVOIDS(.AREA.,$,#2388,(#2390));
#2392=IFCCARTESIANPOINT((0.,0.090000001713633537,0.));
#2393=IFCDIRECTION((0.,-1.,0.));
#2394=IFCDIRECTION((1.,0.,0.));
#2395=IFCAXIS2PLACEMENT3D(#2392,#2393,#2394);
#2396=IFCDIRECTION((0.,0.,-1.));
#2397=IFCEXTRUDEDAREASOLID(#2391,#2395,#2396,0.0099999997764825821);
#2398=IFCCARTESIANPOINTLIST2D(((0.,0.),(0.60000002384185791,0.),(0.60000002384185791,0.89999997615814209),(0.,0.89999997615814209)));
#2399=IFCINDEXEDPOLYCURVE(#2398,(IFCLINEINDEX((1,2,3,4,1))),$);
#2400=IFCCARTESIANPOINTLIST2D(((0.05000000074505806,0.05000000074505806),(0.55000002309679985,0.05000000074505806),(0.55000002309679985,0.84999997541308403),(0.05000000074505806,0.84999997541308403)));
#2401=IFCINDEXEDPOLYCURVE(#2400,(IFCLINEINDEX((1,2,3,4,1))),$);
#2402=IFCARBITRARYPROFILEDEFWITHVOIDS(.AREA.,$,#2399,(#2401));
#2403=IFCCARTESIANPOINT((0.,0.05000000074505806,0.));
#2404=IFCDIRECTION((0.,-1.,0.));
#2405=IFCDIRECTION((1.,0.,0.));
#2406=IFCAXIS2PLACEMENT3D(#2403,#2404,#2405);
#2407=IFCDIRECTION((0.,0.,-1.));
#2408=IFCEXTRUDEDAREASOLID(#2402,#2406,#2407,0.040000000968575478);
#2409=IFCCARTESIANPOINTLIST2D(((0.,0.),(0.55000002309679985,0.),(0.55000002309679985,0.84999997541308403),(0.,0.84999997541308403)));
#2410=IFCINDEXEDPOLYCURVE(#2409,(IFCLINEINDEX((1,2,3,4,1))),$);
#2411=IFCCARTESIANPOINTLIST2D(((0.035000000149011612,0.035000000149011612),(0.51500002294778824,0.035000000149011612),(0.51500002294778824,0.81499997526407242),(0.035000000149011612,0.81499997526407242)));
#2412=IFCINDEXEDPOLYCURVE(#2411,(IFCLINEINDEX((1,2,3,4,1))),$);
#2413=IFCARBITRARYPROFILEDEFWITHVOIDS(.AREA.,$,#2410,(#2412));
#2414=IFCCARTESIANPOINT((0.02500000037252903,0.090000001713633537,0.02500000037252903));
#2415=IFCDIRECTION((0.,-1.,0.));
#2416=IFCDIRECTION((1.,0.,0.));
#2417=IFCAXIS2PLACEMENT3D(#2414,#2415,#2416);
#2418=IFCDIRECTION((0.,0.,-1.));
#2419=IFCEXTRUDEDAREASOLID(#2413,#2417,#2418,0.035000000149011612);
#2420=IFCINDEXEDPOLYCURVE(#2421,(IFCLINEINDEX((1,2,3,4,1))),$);
#2421=IFCCARTESIANPOINTLIST2D(((0.035000000149011612,0.035000000149011612),(0.51500002294778824,0.035000000149011612),(0.51500002294778824,0.81499997526407242),(0.035000000149011612,0.81499997526407242)));
#2422=IFCARBITRARYCLOSEDPROFILEDEF(.AREA.,$,#2420);
#2423=IFCCARTESIANPOINT((0.02500000037252903,0.10250000178813934,0.02500000037252903));
#2424=IFCDIRECTION((0.,-1.,0.));
#2425=IFCDIRECTION((1.,0.,0.));
#2426=IFCAXIS2PLACEMENT3D(#2423,#2424,#2425);
#2427=IFCDIRECTION((0.,0.,-1.));
#2428=IFCEXTRUDEDAREASOLID(#2422,#2426,#2427,0.01);
#2429=IFCSHAPEREPRESENTATION(#11,'Body','SweptSolid',(#2397,#2408,#2419,#2428));
#2430=IFCCARTESIANPOINT((0.,0.,0.));
#2431=IFCDIRECTION((1.,0.,0.));
#2432=IFCDIRECTION((0.,0.,1.));
#2433=IFCAXIS2PLACEMENT3D(#2430,#2432,#2431);
#2434=IFCREPRESENTATIONMAP(#2433,#2429);
#2435=IFCCARTESIANPOINTLIST2D(((0.05000000074505806,0.05000000074505806),(0.55000002309679985,0.05000000074505806)));
#2436=IFCINDEXEDPOLYCURVE(#2435,$,$);
#2437=IFCCARTESIANPOINTLIST2D(((0.,0.10000000149011612),(0.02500000037252903,0.10000000149011612),(0.02500000037252903,0.090000001713633537),(0.05000000074505806,0.090000001713633537),(0.05000000074505806,0.05000000074505806),(0.,0.05000000074505806)));
#2438=IFCINDEXEDPOLYCURVE(#2437,(IFCLINEINDEX((1,2,3,4,5,6,1))),$);
#2439=IFCCARTESIANPOINTLIST2D(((0.60000002384185791,0.10000000149011612),(0.57500002346932888,0.10000000149011612),(0.57500002346932888,0.090000001713633537),(0.55000002309679985,0.090000001713633537),(0.55000002309679985,0.05000000074505806),(0.60000002384185791,0.05000000074505806)));
#2440=IFCINDEXEDPOLYCURVE(#2439,(IFCLINEINDEX((1,2,3,4,5,6,1))),$);
#2441=IFCCARTESIANPOINTLIST2D(((0.02500000037252903,0.090000001713633537),(0.060000000521540642,0.090000001713633537),(0.060000000521540642,0.12500000186264515),(0.02500000037252903,0.12500000186264515)));
#2442=IFCINDEXEDPOLYCURVE(#2441,(IFCLINEINDEX((1,2,3,4,1))),$);
#2443=IFCINDEXEDPOLYCURVE(#2444,(IFCLINEINDEX((1,2,3,4,1))),$);
#2444=IFCCARTESIANPOINTLIST2D(((0.57500002346932888,0.090000001713633537),(0.54000002332031727,0.090000001713633537),(0.54000002332031727,0.12500000186264515),(0.57500002346932888,0.12500000186264515)));
#2445=IFCCARTESIANPOINTLIST2D(((0.060000000521540642,0.090000001713633537),(0.54000002332031727,0.090000001713633537)));
#2446=IFCINDEXEDPOLYCURVE(#2445,$,$);
#2447=IFCINDEXEDPOLYCURVE(#2448,$,$);
#2448=IFCCARTESIANPOINTLIST2D(((0.060000000521540642,0.12500000186264515),(0.54000002332031727,0.12500000186264515)));
#2449=IFCINDEXEDPOLYCURVE(#2450,$,$);
#2450=IFCCARTESIANPOINTLIST2D(((0.060000000521540642,0.10750000178813934),(0.54000002332031727,0.10750000178813934)));
#2451=IFCSHAPEREPRESENTATION(#24,'Body','Curve2D',(#2436,#2438,#2440,#2442,#2443,#2446,#2447,#2449));
#2452=IFCCARTESIANPOINT((0.,0.,0.));
#2453=IFCDIRECTION((1.,0.,0.));
#2454=IFCDIRECTION((0.,0.,1.));
#2455=IFCAXIS2PLACEMENT3D(#2452,#2454,#2453);
#2456=IFCREPRESENTATIONMAP(#2455,#2451);
#2457=IFCWINDOW('3fN8uYyk55de$UPNznqJGf',$,'Window',$,$,#2817,#2466,$,0.89999997615814209,0.60000002384185791,$,$,$);
#2458=IFCRELDEFINESBYTYPE('0Fmb0JOzbDRukjGwWTp1O_',$,$,$,(#2457),#2376);
#2459=IFCCARTESIANPOINT((0.,0.,0.));
#2460=IFCDIRECTION((1.,0.,0.));
#2461=IFCDIRECTION((0.,1.,0.));
#2462=IFCDIRECTION((0.,0.,1.));
#2463=IFCCARTESIANTRANSFORMATIONOPERATOR3D(#2460,#2461,#2459,1.,#2462);
#2464=IFCMAPPEDITEM(#2386,#2463);
#2465=IFCSHAPEREPRESENTATION(#18,'Profile','MappedRepresentation',(#2464));
#2466=IFCPRODUCTDEFINITIONSHAPE($,$,(#2465,#2473,#2480));
#2467=IFCCARTESIANPOINT((0.,0.,0.));
#2468=IFCDIRECTION((1.,0.,0.));
#2469=IFCDIRECTION((0.,1.,0.));
#2470=IFCDIRECTION((0.,0.,1.));
#2471=IFCCARTESIANTRANSFORMATIONOPERATOR3D(#2468,#2469,#2467,1.,#2470);
#2472=IFCMAPPEDITEM(#2434,#2471);
#2473=IFCSHAPEREPRESENTATION(#11,'Body','MappedRepresentation',(#2472));
#2474=IFCCARTESIANPOINT((0.,0.,0.));
#2475=IFCDIRECTION((1.,0.,0.));
#2476=IFCDIRECTION((0.,1.,0.));
#2477=IFCDIRECTION((0.,0.,1.));
#2478=IFCCARTESIANTRANSFORMATIONOPERATOR3D(#2475,#2476,#2474,1.,#2477);
#2479=IFCMAPPEDITEM(#2456,#2478);
#2480=IFCSHAPEREPRESENTATION(#24,'Body','MappedRepresentation',(#2479));
#2481=IFCOPENINGELEMENT('3VYAwld0T50e5$1CByE36H',$,'Opening',$,$,#2726,#2509,$,.OPENING.);
#2487=IFCCARTESIANPOINTLIST2D(((0.,0.),(0.60000002384185791,0.),(0.60000002384185791,0.89999997615814209),(0.,0.89999997615814209)));
#2488=IFCINDEXEDPOLYCURVE(#2487,(IFCLINEINDEX((1,2,3,4,1))),$);
#2489=IFCARBITRARYCLOSEDPROFILEDEF(.AREA.,$,#2488);
#2490=IFCCARTESIANPOINT((0.,-0.60000002384185791,0.));
#2491=IFCDIRECTION((0.,-1.,0.));
#2492=IFCDIRECTION((1.,0.,0.));
#2493=IFCAXIS2PLACEMENT3D(#2490,#2491,#2492);
#2494=IFCDIRECTION((0.,0.,-1.));
#2495=IFCEXTRUDEDAREASOLID(#2489,#2493,#2494,1.2);
#2496=IFCSHAPEREPRESENTATION(#11,'Body','SweptSolid',(#2495));
#2497=IFCCARTESIANPOINT((0.,0.,0.));
#2498=IFCDIRECTION((1.,0.,0.));
#2499=IFCDIRECTION((0.,0.,1.));
#2500=IFCAXIS2PLACEMENT3D(#2497,#2499,#2498);
#2501=IFCREPRESENTATIONMAP(#2500,#2496);
#2502=IFCCARTESIANPOINT((0.,0.,0.));
#2503=IFCDIRECTION((1.,0.,0.));
#2504=IFCDIRECTION((0.,1.,0.));
#2505=IFCDIRECTION((0.,0.,1.));
#2506=IFCCARTESIANTRANSFORMATIONOPERATOR3D(#2503,#2504,#2502,1.,#2505);
#2507=IFCMAPPEDITEM(#2501,#2506);
#2508=IFCSHAPEREPRESENTATION(#11,'Body','MappedRepresentation',(#2507));
#2509=IFCPRODUCTDEFINITIONSHAPE($,$,(#2508));
#2510=IFCRELVOIDSELEMENT('1pL8Qz1XvDUeeB0bFwH9m$',$,$,$,#94,#2481);
#2516=IFCRELFILLSELEMENT('3XW25PxSrApgs66egl8lx0',$,$,$,#2481,#2457);
#2722=IFCCARTESIANPOINT((1.7550963064070249,5.0067901611328125E-06,1.));
#2723=IFCDIRECTION((0.,0.,1.));
#2724=IFCDIRECTION((0.99999999999928946,-1.1920928955069655E-06,0.));
#2725=IFCAXIS2PLACEMENT3D(#2722,#2723,#2724);
#2726=IFCLOCALPLACEMENT(#1226,#2725);
#2732=IFCWINDOWTYPE('3f8k35hTjEcg0b7pfuWtiE',$,'GUEST-1-GF',$,$,(#2733),(#2735,#2743,#2791),$,$,.WINDOW.,.SINGLE_PANEL.,$,$);
#2733=IFCPROPERTYSET('2G7STha0XB1uZE5AmR4sUY',$,'BBIM_Window',$,(#2734));
#2734=IFCPROPERTYSINGLEVALUE('Data',$,IFCTEXT('{"window_type": "DOUBLE_PANEL_VERTICAL", "overall_height": 0.8999999761581421, "overall_width": 1.2000000476837158, "lining_properties": {"lining_depth": 0.05000000074505806, "lining_thickness": 0.05000000074505806, "lining_offset": 0.05000000074505806, "lining_to_panel_offset_x": 0.02500000037252903, "lining_to_panel_offset_y": 0.02500000037252903, "mullion_thickness": 0.05000000074505806, "first_mullion_offset": 0.6000000238418579}, "panel_properties": {"frame_depth": [0.03500000014901161, 0.03500000014901161, 0.03500000014901161], "frame_thickness": [0.03500000014901161, 0.03500000014901161, 0.03500000014901161]}}'),$);
#2735=IFCREPRESENTATIONMAP(#2736,#10330);
#2736=IFCAXIS2PLACEMENT3D(#2737,#2738,#2739);
#2737=IFCCARTESIANPOINT((0.,0.,0.));
#2738=IFCDIRECTION((0.,0.,1.));
#2739=IFCDIRECTION((1.,0.,0.));
#2743=IFCREPRESENTATIONMAP(#2744,#10411);
#2744=IFCAXIS2PLACEMENT3D(#2745,#2746,#2747);
#2745=IFCCARTESIANPOINT((0.,0.,0.));
#2746=IFCDIRECTION((0.,0.,1.));
#2747=IFCDIRECTION((1.,0.,0.));
#2791=IFCREPRESENTATIONMAP(#2792,#10450);
#2792=IFCAXIS2PLACEMENT3D(#2793,#2794,#2795);
#2793=IFCCARTESIANPOINT((0.,0.,0.));
#2794=IFCDIRECTION((0.,0.,1.));
#2795=IFCDIRECTION((1.,0.,0.));
#2813=IFCCARTESIANPOINT((2.2204460492503131E-16,0.,0.));
#2814=IFCDIRECTION((0.,0.,1.));
#2815=IFCDIRECTION((1.,0.,0.));
#2816=IFCAXIS2PLACEMENT3D(#2813,#2814,#2815);
#2817=IFCLOCALPLACEMENT(#2726,#2816);
#2883=IFCWINDOW('3rsOWDiaDFAQyU$4jfgcPh',$,'Window',$,$,#10475,#2892,$,0.89999997615814209,1.2000000476837158,$,.DOUBLE_PANEL_VERTICAL.,$);
#2884=IFCRELDEFINESBYTYPE('0Vfis41yDAvxUN6SjjZj9s',$,$,$,(#2883),#2732);
#2885=IFCCARTESIANPOINT((0.,0.,0.));
#2886=IFCDIRECTION((1.,0.,0.));
#2887=IFCDIRECTION((0.,1.,0.));
#2888=IFCDIRECTION((0.,0.,1.));
#2889=IFCCARTESIANTRANSFORMATIONOPERATOR3D(#2886,#2887,#2885,1.,#2888);
#2890=IFCMAPPEDITEM(#2735,#2889);
#2891=IFCSHAPEREPRESENTATION(#18,'Profile','MappedRepresentation',(#2890));
#2892=IFCPRODUCTDEFINITIONSHAPE($,$,(#2891,#2899,#2906));
#2893=IFCCARTESIANPOINT((0.,0.,0.));
#2894=IFCDIRECTION((1.,0.,0.));
#2895=IFCDIRECTION((0.,1.,0.));
#2896=IFCDIRECTION((0.,0.,1.));
#2897=IFCCARTESIANTRANSFORMATIONOPERATOR3D(#2894,#2895,#2893,1.,#2896);
#2898=IFCMAPPEDITEM(#2743,#2897);
#2899=IFCSHAPEREPRESENTATION(#11,'Body','MappedRepresentation',(#2898));
#2900=IFCCARTESIANPOINT((0.,0.,0.));
#2901=IFCDIRECTION((1.,0.,0.));
#2902=IFCDIRECTION((0.,1.,0.));
#2903=IFCDIRECTION((0.,0.,1.));
#2904=IFCCARTESIANTRANSFORMATIONOPERATOR3D(#2901,#2902,#2900,1.,#2903);
#2905=IFCMAPPEDITEM(#2791,#2904);
#2906=IFCSHAPEREPRESENTATION(#24,'Body','MappedRepresentation',(#2905));
#2907=IFCOPENINGELEMENT('2u33GRVIv428moKb32JGKE',$,'Opening',$,$,#10470,#2935,$,.OPENING.);
#2923=IFCCARTESIANPOINT((0.,0.,0.));
#2924=IFCDIRECTION((1.,0.,0.));
#2925=IFCDIRECTION((0.,0.,1.));
#2926=IFCAXIS2PLACEMENT3D(#2923,#2925,#2924);
#2927=IFCREPRESENTATIONMAP(#2926,#10460);
#2928=IFCCARTESIANPOINT((0.,0.,0.));
#2929=IFCDIRECTION((1.,0.,0.));
#2930=IFCDIRECTION((0.,1.,0.));
#2931=IFCDIRECTION((0.,0.,1.));
#2932=IFCCARTESIANTRANSFORMATIONOPERATOR3D(#2929,#2930,#2928,1.,#2931);
#2933=IFCMAPPEDITEM(#2927,#2932);
#2934=IFCSHAPEREPRESENTATION(#11,'Body','MappedRepresentation',(#2933));
#2935=IFCPRODUCTDEFINITIONSHAPE($,$,(#2934));
#2936=IFCRELVOIDSELEMENT('0h004xoYf3iQmZnJdcrlfG',$,$,$,#285,#2907);
#2942=IFCRELFILLSELEMENT('35K4qgf456sxPLLtGuNrg1',$,$,$,#2907,#2883);
#3131=IFCWINDOWTYPE('3SCUiyXjDAJw6S3ELJ0IS9',$,'GUEST-2-GF',$,$,(#3132),(#3134,#3142,#3190),$,$,.WINDOW.,.SINGLE_PANEL.,$,$);
#3132=IFCPROPERTYSET('22vfMA2a9Bw8UHM1AiExVu',$,'BBIM_Window',$,(#3133));
#3133=IFCPROPERTYSINGLEVALUE('Data',$,IFCTEXT('{"window_type": "SINGLE_PANEL", "overall_height": 0.8999999761581421, "overall_width": 0.800000011920929, "lining_properties": {"lining_depth": 0.05000000074505806, "lining_thickness": 0.05000000074505806, "lining_offset": 0.05000000074505806, "lining_to_panel_offset_x": 0.02500000037252903, "lining_to_panel_offset_y": 0.02500000037252903}, "panel_properties": {"frame_depth": [0.03500000014901161, 0.03500000014901161, 0.03500000014901161], "frame_thickness": [0.03500000014901161, 0.03500000014901161, 0.03500000014901161]}}'),$);
#3134=IFCREPRESENTATIONMAP(#3135,#10236);
#3135=IFCAXIS2PLACEMENT3D(#3136,#3137,#3138);
#3136=IFCCARTESIANPOINT((0.,0.,0.));
#3137=IFCDIRECTION((0.,0.,1.));
#3138=IFCDIRECTION((1.,0.,0.));
#3142=IFCREPRESENTATIONMAP(#3143,#10279);
#3143=IFCAXIS2PLACEMENT3D(#3144,#3145,#3146);
#3144=IFCCARTESIANPOINT((0.,0.,0.));
#3145=IFCDIRECTION((0.,0.,1.));
#3146=IFCDIRECTION((1.,0.,0.));
#3190=IFCREPRESENTATIONMAP(#3191,#10302);
#3191=IFCAXIS2PLACEMENT3D(#3192,#3193,#3194);
#3192=IFCCARTESIANPOINT((0.,0.,0.));
#3193=IFCDIRECTION((0.,0.,1.));
#3194=IFCDIRECTION((1.,0.,0.));
#3212=IFCWINDOW('3uGcoC7ILFiQFqTDdLP68B',$,'Window',$,$,#10327,#3221,$,0.89999997615814209,0.80000001192092896,$,.SINGLE_PANEL.,$);
#3213=IFCRELDEFINESBYTYPE('1hmaFyz4v4n93LMYRtitG0',$,$,$,(#3212),#3131);
#3214=IFCCARTESIANPOINT((0.,0.,0.));
#3215=IFCDIRECTION((1.,0.,0.));
#3216=IFCDIRECTION((0.,1.,0.));
#3217=IFCDIRECTION((0.,0.,1.));
#3218=IFCCARTESIANTRANSFORMATIONOPERATOR3D(#3215,#3216,#3214,1.,#3217);
#3219=IFCMAPPEDITEM(#3134,#3218);
#3220=IFCSHAPEREPRESENTATION(#18,'Profile','MappedRepresentation',(#3219));
#3221=IFCPRODUCTDEFINITIONSHAPE($,$,(#3220,#3228,#3235));
#3222=IFCCARTESIANPOINT((0.,0.,0.));
#3223=IFCDIRECTION((1.,0.,0.));
#3224=IFCDIRECTION((0.,1.,0.));
#3225=IFCDIRECTION((0.,0.,1.));
#3226=IFCCARTESIANTRANSFORMATIONOPERATOR3D(#3223,#3224,#3222,1.,#3225);
#3227=IFCMAPPEDITEM(#3142,#3226);
#3228=IFCSHAPEREPRESENTATION(#11,'Body','MappedRepresentation',(#3227));
#3229=IFCCARTESIANPOINT((0.,0.,0.));
#3230=IFCDIRECTION((1.,0.,0.));
#3231=IFCDIRECTION((0.,1.,0.));
#3232=IFCDIRECTION((0.,0.,1.));
#3233=IFCCARTESIANTRANSFORMATIONOPERATOR3D(#3230,#3231,#3229,1.,#3232);
#3234=IFCMAPPEDITEM(#3190,#3233);
#3235=IFCSHAPEREPRESENTATION(#24,'Body','MappedRepresentation',(#3234));
#3236=IFCOPENINGELEMENT('34BOXL1XL3JwCPg0NUc70k',$,'Opening',$,$,#10322,#3264,$,.OPENING.);
#3252=IFCCARTESIANPOINT((0.,0.,0.));
#3253=IFCDIRECTION((1.,0.,0.));
#3254=IFCDIRECTION((0.,0.,1.));
#3255=IFCAXIS2PLACEMENT3D(#3252,#3254,#3253);
#3256=IFCREPRESENTATIONMAP(#3255,#10312);
#3257=IFCCARTESIANPOINT((0.,0.,0.));
#3258=IFCDIRECTION((1.,0.,0.));
#3259=IFCDIRECTION((0.,1.,0.));
#3260=IFCDIRECTION((0.,0.,1.));
#3261=IFCCARTESIANTRANSFORMATIONOPERATOR3D(#3258,#3259,#3257,1.,#3260);
#3262=IFCMAPPEDITEM(#3256,#3261);
#3263=IFCSHAPEREPRESENTATION(#11,'Body','MappedRepresentation',(#3262));
#3264=IFCPRODUCTDEFINITIONSHAPE($,$,(#3263));
#3265=IFCRELVOIDSELEMENT('06lK3njUP9XAJFWt9SiO5K',$,$,$,#260,#3236);
#3271=IFCRELFILLSELEMENT('2exwiYoAXDeumosp7A6QGa',$,$,$,#3236,#3212);
#3292=IFCWINDOWTYPE('1KyGCIUO19Q9CKQrjGHvri',$,'MAID-GF',$,$,(#3293),(#3295,#3303,#3351),$,$,.WINDOW.,.SINGLE_PANEL.,$,$);
#3293=IFCPROPERTYSET('1UpDsB$1n35PiNDDIWYyj1',$,'BBIM_Window',$,(#3294));
#3294=IFCPROPERTYSINGLEVALUE('Data',$,IFCTEXT('{"window_type": "SINGLE_PANEL", "overall_height": 0.8999999761581421, "overall_width": 0.800000011920929, "lining_properties": {"lining_depth": 0.05000000074505806, "lining_thickness": 0.05000000074505806, "lining_offset": 0.05000000074505806, "lining_to_panel_offset_x": 0.02500000037252903, "lining_to_panel_offset_y": 0.02500000037252903}, "panel_properties": {"frame_depth": [0.03500000014901161, 0.03500000014901161, 0.03500000014901161], "frame_thickness": [0.03500000014901161, 0.03500000014901161, 0.03500000014901161]}}'),$);
#3295=IFCREPRESENTATIONMAP(#3296,#3455);
#3296=IFCAXIS2PLACEMENT3D(#3297,#3298,#3299);
#3297=IFCCARTESIANPOINT((0.,0.,0.));
#3298=IFCDIRECTION((0.,0.,1.));
#3299=IFCDIRECTION((1.,0.,0.));
#3303=IFCREPRESENTATIONMAP(#3304,#3498);
#3304=IFCAXIS2PLACEMENT3D(#3305,#3306,#3307);
#3305=IFCCARTESIANPOINT((0.,0.,0.));
#3306=IFCDIRECTION((0.,0.,1.));
#3307=IFCDIRECTION((1.,0.,0.));
#3351=IFCREPRESENTATIONMAP(#3352,#3521);
#3352=IFCAXIS2PLACEMENT3D(#3353,#3354,#3355);
#3353=IFCCARTESIANPOINT((0.,0.,0.));
#3354=IFCDIRECTION((0.,0.,1.));
#3355=IFCDIRECTION((1.,0.,0.));
#3373=IFCWINDOW('3d0tAlHpjBle4o2Gjjyf2G',$,'Window',$,$,#3546,#3382,$,0.89999997615814209,0.80000001192092896,$,.SINGLE_PANEL.,$);
#3374=IFCRELDEFINESBYTYPE('1jJfZWHDb8UvxZJYiuGkMj',$,$,$,(#3373),#3292);
#3375=IFCCARTESIANPOINT((0.,0.,0.));
#3376=IFCDIRECTION((1.,0.,0.));
#3377=IFCDIRECTION((0.,1.,0.));
#3378=IFCDIRECTION((0.,0.,1.));
#3379=IFCCARTESIANTRANSFORMATIONOPERATOR3D(#3376,#3377,#3375,1.,#3378);
#3380=IFCMAPPEDITEM(#3295,#3379);
#3381=IFCSHAPEREPRESENTATION(#18,'Profile','MappedRepresentation',(#3380));
#3382=IFCPRODUCTDEFINITIONSHAPE($,$,(#3381,#3389,#3396));
#3383=IFCCARTESIANPOINT((0.,0.,0.));
#3384=IFCDIRECTION((1.,0.,0.));
#3385=IFCDIRECTION((0.,1.,0.));
#3386=IFCDIRECTION((0.,0.,1.));
#3387=IFCCARTESIANTRANSFORMATIONOPERATOR3D(#3384,#3385,#3383,1.,#3386);
#3388=IFCMAPPEDITEM(#3303,#3387);
#3389=IFCSHAPEREPRESENTATION(#11,'Body','MappedRepresentation',(#3388));
#3390=IFCCARTESIANPOINT((0.,0.,0.));
#3391=IFCDIRECTION((1.,0.,0.));
#3392=IFCDIRECTION((0.,1.,0.));
#3393=IFCDIRECTION((0.,0.,1.));
#3394=IFCCARTESIANTRANSFORMATIONOPERATOR3D(#3391,#3392,#3390,1.,#3393);
#3395=IFCMAPPEDITEM(#3351,#3394);
#3396=IFCSHAPEREPRESENTATION(#24,'Body','MappedRepresentation',(#3395));
#3397=IFCOPENINGELEMENT('04pyFyc$D4kPF3BeRx0KWJ',$,'Opening',$,$,#3541,#3425,$,.OPENING.);
#3413=IFCCARTESIANPOINT((0.,0.,0.));
#3414=IFCDIRECTION((1.,0.,0.));
#3415=IFCDIRECTION((0.,0.,1.));
#3416=IFCAXIS2PLACEMENT3D(#3413,#3415,#3414);
#3417=IFCREPRESENTATIONMAP(#3416,#3531);
#3418=IFCCARTESIANPOINT((0.,0.,0.));
#3419=IFCDIRECTION((1.,0.,0.));
#3420=IFCDIRECTION((0.,1.,0.));
#3421=IFCDIRECTION((0.,0.,1.));
#3422=IFCCARTESIANTRANSFORMATIONOPERATOR3D(#3419,#3420,#3418,1.,#3421);
#3423=IFCMAPPEDITEM(#3417,#3422);
#3424=IFCSHAPEREPRESENTATION(#11,'Body','MappedRepresentation',(#3423));
#3425=IFCPRODUCTDEFINITIONSHAPE($,$,(#3424));
#3426=IFCRELVOIDSELEMENT('1iQqxkLhD88hz4p1blQwJi',$,$,$,#235,#3397);
#3432=IFCRELFILLSELEMENT('0yXjRNv4H6zB_MhhiC2vaB',$,$,$,#3397,#3373);
#3453=IFCCARTESIANPOINTLIST3D(((0.,0.,0.),(0.80000001192092896,0.,0.),(0.80000001192092896,0.,0.89999997615814209),(0.,0.,0.89999997615814209)));
#3454=IFCINDEXEDPOLYCURVE(#3453,(IFCLINEINDEX((1,2,3,4,1))),$);
#3455=IFCSHAPEREPRESENTATION(#18,'Profile','Curve3D',(#3454));
#3456=IFCCARTESIANPOINTLIST2D(((0.,0.),(0.80000001192092896,0.),(0.80000001192092896,0.89999997615814209),(0.,0.89999997615814209)));
#3457=IFCINDEXEDPOLYCURVE(#3456,(IFCLINEINDEX((1,2,3,4,1))),$);
#3458=IFCCARTESIANPOINTLIST2D(((0.02500000037252903,0.02500000037252903),(0.77500001154839993,0.02500000037252903),(0.77500001154839993,0.87499997578561306),(0.02500000037252903,0.87499997578561306)));
#3459=IFCINDEXEDPOLYCURVE(#3458,(IFCLINEINDEX((1,2,3,4,1))),$);
#3460=IFCARBITRARYPROFILEDEFWITHVOIDS(.AREA.,$,#3457,(#3459));
#3461=IFCCARTESIANPOINT((0.,0.090000001713633537,0.));
#3462=IFCDIRECTION((0.,-1.,0.));
#3463=IFCDIRECTION((1.,0.,0.));
#3464=IFCAXIS2PLACEMENT3D(#3461,#3462,#3463);
#3465=IFCDIRECTION((0.,0.,-1.));
#3466=IFCEXTRUDEDAREASOLID(#3460,#3464,#3465,0.0099999997764825821);
#3467=IFCCARTESIANPOINTLIST2D(((0.,0.),(0.80000001192092896,0.),(0.80000001192092896,0.89999997615814209),(0.,0.89999997615814209)));
#3468=IFCINDEXEDPOLYCURVE(#3467,(IFCLINEINDEX((1,2,3,4,1))),$);
#3469=IFCCARTESIANPOINTLIST2D(((0.05000000074505806,0.05000000074505806),(0.7500000111758709,0.05000000074505806),(0.7500000111758709,0.84999997541308403),(0.05000000074505806,0.84999997541308403)));
#3470=IFCINDEXEDPOLYCURVE(#3469,(IFCLINEINDEX((1,2,3,4,1))),$);
#3471=IFCARBITRARYPROFILEDEFWITHVOIDS(.AREA.,$,#3468,(#3470));
#3472=IFCCARTESIANPOINT((0.,0.05000000074505806,0.));
#3473=IFCDIRECTION((0.,-1.,0.));
#3474=IFCDIRECTION((1.,0.,0.));
#3475=IFCAXIS2PLACEMENT3D(#3472,#3473,#3474);
#3476=IFCDIRECTION((0.,0.,-1.));
#3477=IFCEXTRUDEDAREASOLID(#3471,#3475,#3476,0.040000000968575478);
#3478=IFCCARTESIANPOINTLIST2D(((0.,0.),(0.7500000111758709,0.),(0.7500000111758709,0.84999997541308403),(0.,0.84999997541308403)));
#3479=IFCINDEXEDPOLYCURVE(#3478,(IFCLINEINDEX((1,2,3,4,1))),$);
#3480=IFCCARTESIANPOINTLIST2D(((0.035000000149011612,0.035000000149011612),(0.71500001102685928,0.035000000149011612),(0.71500001102685928,0.81499997526407242),(0.035000000149011612,0.81499997526407242)));
#3481=IFCINDEXEDPOLYCURVE(#3480,(IFCLINEINDEX((1,2,3,4,1))),$);
#3482=IFCARBITRARYPROFILEDEFWITHVOIDS(.AREA.,$,#3479,(#3481));
#3483=IFCCARTESIANPOINT((0.02500000037252903,0.090000001713633537,0.02500000037252903));
#3484=IFCDIRECTION((0.,-1.,0.));
#3485=IFCDIRECTION((1.,0.,0.));
#3486=IFCAXIS2PLACEMENT3D(#3483,#3484,#3485);
#3487=IFCDIRECTION((0.,0.,-1.));
#3488=IFCEXTRUDEDAREASOLID(#3482,#3486,#3487,0.035000000149011612);
#3489=IFCINDEXEDPOLYCURVE(#3490,(IFCLINEINDEX((1,2,3,4,1))),$);
#3490=IFCCARTESIANPOINTLIST2D(((0.035000000149011612,0.035000000149011612),(0.71500001102685928,0.035000000149011612),(0.71500001102685928,0.81499997526407242),(0.035000000149011612,0.81499997526407242)));
#3491=IFCARBITRARYCLOSEDPROFILEDEF(.AREA.,$,#3489);
#3492=IFCCARTESIANPOINT((0.02500000037252903,0.10250000178813934,0.02500000037252903));
#3493=IFCDIRECTION((0.,-1.,0.));
#3494=IFCDIRECTION((1.,0.,0.));
#3495=IFCAXIS2PLACEMENT3D(#3492,#3493,#3494);
#3496=IFCDIRECTION((0.,0.,-1.));
#3497=IFCEXTRUDEDAREASOLID(#3491,#3495,#3496,0.01);
#3498=IFCSHAPEREPRESENTATION(#11,'Body','SweptSolid',(#3466,#3477,#3488,#3497));
#3499=IFCSHAPEREPRESENTATION(#11,'Body','SweptSolid',(#3466,#3477));
#3500=IFCSHAPEASPECT((#3499),'Lining',$,.T.,#3382);
#3501=IFCSHAPEREPRESENTATION(#11,'Body','SweptSolid',(#3488));
#3502=IFCSHAPEASPECT((#3501),'Framing',$,.T.,#3382);
#3503=IFCSHAPEREPRESENTATION(#11,'Body','SweptSolid',(#3497));
#3504=IFCSHAPEASPECT((#3503),'Glazing',$,.T.,#3382);
#3505=IFCCARTESIANPOINTLIST2D(((0.05000000074505806,0.05000000074505806),(0.7500000111758709,0.05000000074505806)));
#3506=IFCINDEXEDPOLYCURVE(#3505,$,$);
#3507=IFCCARTESIANPOINTLIST2D(((0.,0.10000000149011612),(0.02500000037252903,0.10000000149011612),(0.02500000037252903,0.090000001713633537),(0.05000000074505806,0.090000001713633537),(0.05000000074505806,0.05000000074505806),(0.,0.05000000074505806)));
#3508=IFCINDEXEDPOLYCURVE(#3507,(IFCLINEINDEX((1,2,3,4,5,6,1))),$);
#3509=IFCCARTESIANPOINTLIST2D(((0.80000001192092896,0.10000000149011612),(0.77500001154839993,0.10000000149011612),(0.77500001154839993,0.090000001713633537),(0.7500000111758709,0.090000001713633537),(0.7500000111758709,0.05000000074505806),(0.80000001192092896,0.05000000074505806)));
#3510=IFCINDEXEDPOLYCURVE(#3509,(IFCLINEINDEX((1,2,3,4,5,6,1))),$);
#3511=IFCCARTESIANPOINTLIST2D(((0.02500000037252903,0.090000001713633537),(0.060000000521540642,0.090000001713633537),(0.060000000521540642,0.12500000186264515),(0.02500000037252903,0.12500000186264515)));
#3512=IFCINDEXEDPOLYCURVE(#3511,(IFCLINEINDEX((1,2,3,4,1))),$);
#3513=IFCINDEXEDPOLYCURVE(#3514,(IFCLINEINDEX((1,2,3,4,1))),$);
#3514=IFCCARTESIANPOINTLIST2D(((0.77500001154839993,0.090000001713633537),(0.74000001139938831,0.090000001713633537),(0.74000001139938831,0.12500000186264515),(0.77500001154839993,0.12500000186264515)));
#3515=IFCCARTESIANPOINTLIST2D(((0.060000000521540642,0.090000001713633537),(0.74000001139938831,0.090000001713633537)));
#3516=IFCINDEXEDPOLYCURVE(#3515,$,$);
#3517=IFCINDEXEDPOLYCURVE(#3518,$,$);
#3518=IFCCARTESIANPOINTLIST2D(((0.060000000521540642,0.12500000186264515),(0.74000001139938831,0.12500000186264515)));
#3519=IFCINDEXEDPOLYCURVE(#3520,$,$);
#3520=IFCCARTESIANPOINTLIST2D(((0.060000000521540642,0.10750000178813934),(0.74000001139938831,0.10750000178813934)));
#3521=IFCSHAPEREPRESENTATION(#24,'Body','Curve2D',(#3506,#3508,#3510,#3512,#3513,#3516,#3517,#3519));
#3522=IFCCARTESIANPOINTLIST2D(((0.,0.),(0.80000001192092896,0.),(0.80000001192092896,0.89999997615814209),(0.,0.89999997615814209)));
#3523=IFCINDEXEDPOLYCURVE(#3522,(IFCLINEINDEX((1,2,3,4,1))),$);
#3524=IFCARBITRARYCLOSEDPROFILEDEF(.AREA.,$,#3523);
#3525=IFCCARTESIANPOINT((0.,-0.60000002384185791,0.));
#3526=IFCDIRECTION((0.,-1.,0.));
#3527=IFCDIRECTION((1.,0.,0.));
#3528=IFCAXIS2PLACEMENT3D(#3525,#3526,#3527);
#3529=IFCDIRECTION((0.,0.,-1.));
#3530=IFCEXTRUDEDAREASOLID(#3524,#3528,#3529,1.2);
#3531=IFCSHAPEREPRESENTATION(#11,'Body','SweptSolid',(#3530));
#3537=IFCCARTESIANPOINT((0.77502906322491927,-1.750297062841355E-07,1.));
#3538=IFCDIRECTION((0.,0.,1.));
#3539=IFCDIRECTION((0.99999999999997158,-2.3841857910149749E-07,0.));
#3540=IFCAXIS2PLACEMENT3D(#3537,#3538,#3539);
#3541=IFCLOCALPLACEMENT(#246,#3540);
#3542=IFCCARTESIANPOINT((1.1058862159352145E-16,8.8817841970012523E-16,0.));
#3543=IFCDIRECTION((0.,0.,1.));
#3544=IFCDIRECTION((1.,0.,0.));
#3545=IFCAXIS2PLACEMENT3D(#3542,#3543,#3544);
#3546=IFCLOCALPLACEMENT(#3541,#3545);
#3552=IFCSLAB('08ULsiotb5YORvZ9eKf86q',$,'Slab.001',$,$,#10841,#3567,$,$);
#3553=IFCRELCONTAINEDINSPATIALSTRUCTURE('3QK6liEnL8683QujwmSq_b',$,$,$,(#7230,#11535,#9572,#8982,#7637,#13958,#4961,#5764,#5447,#12153,#3552,#6765,#8321,#11577,#5011,#11598,#6087,#5409,#6351,#11917,#8836,#4885,#11556,#8576,#14010,#5061,#7057,#11514,#4986,#5910,#4911,#5789,#10107,#11672,#6700,#5036,#11487,#6286),#39);
#3554=IFCMATERIALLAYERSETUSAGE(#1268,.AXIS3.,.POSITIVE.,-0.10000000149011612,$);
#3555=IFCRELASSOCIATESMATERIAL('3nOXbixn9C7eR6l5vAoblX',$,$,$,(#3552),#3554);
#3563=IFCDIRECTION((0.,0.,1.));
#3565=IFCEXTRUDEDAREASOLID(#14101,#3574,#3563,0.10000000000000001);
#3566=IFCSHAPEREPRESENTATION(#11,'Body','SweptSolid',(#3565));
#3567=IFCPRODUCTDEFINITIONSHAPE($,$,(#3566));
#3568=IFCPROPERTYSET('34m4ogkIH4JfR4WZlGRuTy',$,'EPset_Parametric',$,(#3570));
#3569=IFCRELDEFINESBYPROPERTIES('1oSC3vBmL1fBpfL$rCo1Al',$,$,$,(#3552),#3568);
#3570=IFCPROPERTYSINGLEVALUE('Engine',$,IFCLABEL('Bonsai.DumbLayer3'),$);
#3571=IFCCARTESIANPOINT((-0.,-0.,-0.10000000149011612));
#3572=IFCDIRECTION((0.,0.,1.));
#3573=IFCDIRECTION((1.,0.,0.));
#3574=IFCAXIS2PLACEMENT3D(#3571,#3572,#3573);
#3636=IFCROOFTYPE('0morteAKT8Dvfd0WXTdol3',$,'ROOF',$,$,(#3637),(#3666,#3694),$,$,.HIP_ROOF.);
#3637=IFCPROPERTYSET('1jq2m4sHTCmPMJXhP8SWRH',$,'BBIM_Roof',$,(#3638));
#3638=IFCPROPERTYSINGLEVALUE('Data',$,IFCTEXT('{"roof_type": "HIP/GABLE ROOF", "generation_method": "ANGLE", "roof_thickness": 0.10000000149011612, "rafter_edge_angle": 1.5707963705062866, "angle": 0.1745329201221466, "percentage": 17.63269805908203, "path_data": {"edges": [[0, 1], [1, 2], [2, 3], [3, 0]], "verts": [[-5.0, -5.0, 0.0], [-5.0, 5.0, 0.0], [5.0, 5.0, 0.0], [5.0, -5.0, 0.0]]}}'),$);
#3662=IFCCARTESIANPOINT((0.,0.,0.));
#3663=IFCDIRECTION((1.,0.,0.));
#3664=IFCDIRECTION((0.,0.,1.));
#3665=IFCAXIS2PLACEMENT3D(#3662,#3664,#3663);
#3666=IFCREPRESENTATIONMAP(#3665,#3685);
#3667=IFCINDEXEDPOLYGONALFACE((3,1,2));
#3668=IFCINDEXEDPOLYGONALFACE((2,4,3));
#3669=IFCINDEXEDPOLYGONALFACE((1,3,5));
#3670=IFCINDEXEDPOLYGONALFACE((4,5,3));
#3671=IFCINDEXEDPOLYGONALFACE((6,7,8));
#3672=IFCINDEXEDPOLYGONALFACE((8,2,1));
#3673=IFCINDEXEDPOLYGONALFACE((8,1,6));
#3674=IFCINDEXEDPOLYGONALFACE((8,7,9));
#3675=IFCINDEXEDPOLYGONALFACE((2,8,9));
#3676=IFCINDEXEDPOLYGONALFACE((2,9,4));
#3677=IFCINDEXEDPOLYGONALFACE((10,7,6));
#3678=IFCINDEXEDPOLYGONALFACE((6,1,5));
#3679=IFCINDEXEDPOLYGONALFACE((6,5,10));
#3680=IFCINDEXEDPOLYGONALFACE((9,7,10));
#3681=IFCINDEXEDPOLYGONALFACE((4,9,10));
#3682=IFCINDEXEDPOLYGONALFACE((4,10,5));
#3683=IFCCARTESIANPOINTLIST3D(((-5.,-5.,0.),(5.,-5.,0.),(0.,0.,0.88163489103317261),(5.,5.,0.),(-5.,5.,0.),(-5.,-5.,-0.10154265910387039),(0.,0.,0.78009223937988281),(5.,-5.,-0.10154265910387039),(5.,5.,-0.10154265910387039),(-5.,5.,-0.10154265910387039)));
#3684=IFCPOLYGONALFACESET(#3683,.T.,(#3667,#3668,#3669,#3670,#3671,#3672,#3673,#3674,#3675,#3676,#3677,#3678,#3679,#3680,#3681,#3682),$);
#3685=IFCSHAPEREPRESENTATION(#11,'Body','Tessellation',(#3684));
#3687=IFCCARTESIANPOINT((-5.,-5.,-0.10154265910387039));
#3688=IFCBOUNDINGBOX(#3687,10.,10.,0.9831775426864624);
#3689=IFCSHAPEREPRESENTATION(#13,'Box','BoundingBox',(#3688));
#3690=IFCCARTESIANPOINT((0.,0.,0.));
#3691=IFCDIRECTION((1.,0.,0.));
#3692=IFCDIRECTION((0.,0.,1.));
#3693=IFCAXIS2PLACEMENT3D(#3690,#3692,#3691);
#3694=IFCREPRESENTATIONMAP(#3693,#3689);
#3758=IFCBUILDINGSTOREY('1fXglo8rbCeeq8EphfoZ2S',$,'ROOF',$,$,#10921,$,$,$,$);
#3775=IFCWALLTYPE('1kLqgxr$j6uQanj3tC_ZWJ',$,'WALL -2F',$,$,(#3776),$,$,$,.SOLIDWALL.);
#3776=IFCPROPERTYSET('1UibHOHGvEvxcCf1jOgDM2',$,'EPset_Parametric',$,(#3777));
#3777=IFCPROPERTYSINGLEVALUE('LayerSetDirection',$,IFCLABEL('AXIS2'),$);
#3778=IFCRELASSOCIATESMATERIAL('1Z4_8ZZFXFphFNpKKbg5p2',$,$,$,(#3775),#3779);
#3779=IFCMATERIALLAYERSET((#3780),$,$);
#3780=IFCMATERIALLAYER(#88,0.10000000000000001,$,$,$,$,$);
#4885=IFCWALL('0lrJITXXP2JOinOe2SYGyH',$,'Wall',$,$,#10876,#4892,$,$);
#4886=IFCRELDEFINESBYTYPE('0wCpW3mHz3TwMt9_WsmPni',$,$,$,(#5061,#4961,#5011,#5036,#5764,#5409,#5447,#4986,#6087,#5910,#4911,#6286,#5789,#4885),#3775);
#4887=IFCMATERIALLAYERSETUSAGE(#3779,.AXIS2.,.POSITIVE.,0.,$);
#4888=IFCRELASSOCIATESMATERIAL('1UYDQo9B56TQLeyF28VbxM',$,$,$,(#4885),#4887);
#4892=IFCPRODUCTDEFINITIONSHAPE($,$,(#5750,#5747));
#4908=IFCPROPERTYSET('2Ji6Ds0cj9nfVDmBmbq_6a',$,'EPset_Parametric',$,(#4910));
#4909=IFCRELDEFINESBYPROPERTIES('3s9IHLoy56wQpkhlF9WxYW',$,$,$,(#4885),#4908);
#4910=IFCPROPERTYSINGLEVALUE('Engine',$,IFCLABEL('Bonsai.DumbLayer2'),$);
#4911=IFCWALL('1oC4ZvDA92l9yDYsqt6Y1M',$,'Wall',$,$,#10846,#4917,$,$);
#4912=IFCMATERIALLAYERSETUSAGE(#3779,.AXIS2.,.POSITIVE.,0.,$);
#4913=IFCRELASSOCIATESMATERIAL('37y841tYzAAf7mQS9rYhAN',$,$,$,(#4911),#4912);
#4917=IFCPRODUCTDEFINITIONSHAPE($,$,(#6272,#6269));
#4933=IFCPROPERTYSET('3j3Jk4E0D0nBvkyuF0i3B3',$,'EPset_Parametric',$,(#4935));
#4934=IFCRELDEFINESBYPROPERTIES('2nskrYPL5CcBDmR7XZ11oU',$,$,$,(#4911),#4933);
#4935=IFCPROPERTYSINGLEVALUE('Engine',$,IFCLABEL('Bonsai.DumbLayer2'),$);
#4961=IFCWALL('29C41kAmT6D9vyP8GVkcfM',$,'Wall',$,$,#10906,#4967,$,$);
#4962=IFCMATERIALLAYERSETUSAGE(#3779,.AXIS2.,.POSITIVE.,0.,$);
#4963=IFCRELASSOCIATESMATERIAL('2qI4WfibnBkBgppDfhQRAl',$,$,$,(#4961),#4962);
#4967=IFCPRODUCTDEFINITIONSHAPE($,$,(#6213,#6210));
#4983=IFCPROPERTYSET('09lR$Bq9L8yfTqb9yBSQe$',$,'EPset_Parametric',$,(#4985));
#4984=IFCRELDEFINESBYPROPERTIES('1wn_n7bDTA1xs5DQyy2ak$',$,$,$,(#4961),#4983);
#4985=IFCPROPERTYSINGLEVALUE('Engine',$,IFCLABEL('Bonsai.DumbLayer2'),$);
#4986=IFCWALL('2mxy4r27H2Pxe9CU4b8_mz',$,'Wall',$,$,#10851,#4992,$,$);
#4987=IFCMATERIALLAYERSETUSAGE(#3779,.AXIS2.,.POSITIVE.,0.,$);
#4988=IFCRELASSOCIATESMATERIAL('2RHCSu3VD7MfghCd38H6Ev',$,$,$,(#4986),#4987);
#4992=IFCPRODUCTDEFINITIONSHAPE($,$,(#5344,#5341));
#5008=IFCPROPERTYSET('1JjggZA6H0_fEfr3y6iLZK',$,'EPset_Parametric',$,(#5010));
#5009=IFCRELDEFINESBYPROPERTIES('3L5T$oo0PFqxHvD_7LnLfz',$,$,$,(#4986),#5008);
#5010=IFCPROPERTYSINGLEVALUE('Engine',$,IFCLABEL('Bonsai.DumbLayer2'),$);
#5011=IFCWALL('1MX8KrSnzA5fIBO$7Rw8F1',$,'Wall',$,$,#10856,#5017,$,$);
#5012=IFCMATERIALLAYERSETUSAGE(#3779,.AXIS2.,.POSITIVE.,0.,$);
#5013=IFCRELASSOCIATESMATERIAL('0jB8UwDV52zhwz0GmpggtO',$,$,$,(#5011),#5012);
#5017=IFCPRODUCTDEFINITIONSHAPE($,$,(#5376,#5373));
#5033=IFCPROPERTYSET('0X8Ge3g1bBZuvzbQsdOf8C',$,'EPset_Parametric',$,(#5035));
#5034=IFCRELDEFINESBYPROPERTIES('0lqVwGTXfCrxQ6LKY5c7F_',$,$,$,(#5011),#5033);
#5035=IFCPROPERTYSINGLEVALUE('Engine',$,IFCLABEL('Bonsai.DumbLayer2'),$);
#5036=IFCWALL('3QNV7QVCH6U9tcFFumGyHd',$,'Wall',$,$,#10861,#5042,$,$);
#5037=IFCMATERIALLAYERSETUSAGE(#3779,.AXIS2.,.POSITIVE.,0.,$);
#5038=IFCRELASSOCIATESMATERIAL('1FgbUdJGz2thRBLgQSZ03R',$,$,$,(#5036),#5037);
#5042=IFCPRODUCTDEFINITIONSHAPE($,$,(#5408,#5405));
#5058=IFCPROPERTYSET('3lxNNj_vrFt9i9i1PhNz37',$,'EPset_Parametric',$,(#5060));
#5059=IFCRELDEFINESBYPROPERTIES('1CDCDyRRf6nxpguznbqDol',$,$,$,(#5036),#5058);
#5060=IFCPROPERTYSINGLEVALUE('Engine',$,IFCLABEL('Bonsai.DumbLayer2'),$);
#5061=IFCWALL('2jkknWNDHEshdapUjq7lwS',$,'Wall',$,$,#10866,#5067,$,$);
#5062=IFCMATERIALLAYERSETUSAGE(#3779,.AXIS2.,.POSITIVE.,0.,$);
#5063=IFCRELASSOCIATESMATERIAL('3gjwS8SwDFuxKW5cjkvy00',$,$,$,(#5061),#5062);
#5067=IFCPRODUCTDEFINITIONSHAPE($,$,(#5736,#5733));
#5083=IFCPROPERTYSET('3Hv2$W81HFZgB0JIOldr0R',$,'EPset_Parametric',$,(#5085));
#5084=IFCRELDEFINESBYPROPERTIES('3MKE9A05v5w9A68T2JE2o2',$,$,$,(#5061),#5083);
#5085=IFCPROPERTYSINGLEVALUE('Engine',$,IFCLABEL('Bonsai.DumbLayer2'),$);
#5190=IFCRELCONNECTSPATHELEMENTS('0Za_mt_vDE7gEGvB27lz2d',$,$,$,$,#4911,#4885,(),(),.ATEND.,.ATSTART.);
#5281=IFCRELCONNECTSPATHELEMENTS('3tYTaNOfT7TvCUa3Bpmt9c',$,$,$,$,#4986,#4961,(),(),.ATEND.,.ATSTART.);
#5313=IFCRELCONNECTSPATHELEMENTS('1ra2zB4cT8KAOmU$kjLFwA',$,$,$,$,#5011,#4986,(),(),.ATEND.,.ATSTART.);
#5332=IFCCARTESIANPOINTLIST2D(((0.,0.),(0.10000107169594573,0.10000000000000001),(7.0552748204281803,0.10000000000000001),(7.1552575290284377,0.)));
#5333=IFCINDEXEDPOLYCURVE(#5332,(IFCLINEINDEX((1,2,3,4,1))),$);
#5334=IFCARBITRARYCLOSEDPROFILEDEF(.AREA.,$,#5333);
#5335=IFCCARTESIANPOINT((0.,0.,0.));
#5336=IFCDIRECTION((0.,0.,1.));
#5337=IFCDIRECTION((1.,0.,0.));
#5338=IFCAXIS2PLACEMENT3D(#5335,#5336,#5337);
#5339=IFCDIRECTION((0.,0.,1.));
#5340=IFCEXTRUDEDAREASOLID(#5334,#5338,#5339,3.);
#5341=IFCSHAPEREPRESENTATION(#11,'Body','SweptSolid',(#5340));
#5342=IFCCARTESIANPOINTLIST2D(((0.,0.),(7.1552575290284377,0.)));
#5343=IFCINDEXEDPOLYCURVE(#5342,$,$);
#5344=IFCSHAPEREPRESENTATION(#23,'Axis','Curve2D',(#5343));
#5345=IFCRELCONNECTSPATHELEMENTS('2fPX4jMcLFveFT757PZL70',$,$,$,$,#5036,#5011,(),(),.ATEND.,.ATSTART.);
#5364=IFCCARTESIANPOINTLIST2D(((0.,0.),(0.099982708600257458,0.10000000000000001),(3.6639637457448742,0.10000000000000001),(3.5640045860553258,0.)));
#5365=IFCINDEXEDPOLYCURVE(#5364,(IFCLINEINDEX((1,2,3,4,1))),$);
#5366=IFCARBITRARYCLOSEDPROFILEDEF(.AREA.,$,#5365);
#5367=IFCCARTESIANPOINT((0.,0.,0.));
#5368=IFCDIRECTION((0.,0.,1.));
#5369=IFCDIRECTION((1.,0.,0.));
#5370=IFCAXIS2PLACEMENT3D(#5367,#5368,#5369);
#5371=IFCDIRECTION((0.,0.,1.));
#5372=IFCEXTRUDEDAREASOLID(#5366,#5370,#5371,3.);
#5373=IFCSHAPEREPRESENTATION(#11,'Body','SweptSolid',(#5372));
#5374=IFCCARTESIANPOINTLIST2D(((0.,0.),(3.5640045860553258,0.)));
#5375=IFCINDEXEDPOLYCURVE(#5374,$,$);
#5376=IFCSHAPEREPRESENTATION(#23,'Axis','Curve2D',(#5375));
#5377=IFCRELCONNECTSPATHELEMENTS('0NTysBRtb37OvOZahapW_B',$,$,$,$,#5061,#5036,(),(),.ATEND.,.ATSTART.);
#5396=IFCCARTESIANPOINTLIST2D(((0.,0.),(-0.099959159689548271,0.10000000000000001),(0.48798374696597585,0.10000000000000001),(0.58801018353197665,0.)));
#5397=IFCINDEXEDPOLYCURVE(#5396,(IFCLINEINDEX((1,2,3,4,1))),$);
#5398=IFCARBITRARYCLOSEDPROFILEDEF(.AREA.,$,#5397);
#5399=IFCCARTESIANPOINT((0.,0.,0.));
#5400=IFCDIRECTION((0.,0.,1.));
#5401=IFCDIRECTION((1.,0.,0.));
#5402=IFCAXIS2PLACEMENT3D(#5399,#5400,#5401);
#5403=IFCDIRECTION((0.,0.,1.));
#5404=IFCEXTRUDEDAREASOLID(#5398,#5402,#5403,3.);
#5405=IFCSHAPEREPRESENTATION(#11,'Body','SweptSolid',(#5404));
#5406=IFCCARTESIANPOINTLIST2D(((0.,0.),(0.58801018353197665,0.)));
#5407=IFCINDEXEDPOLYCURVE(#5406,$,$);
#5408=IFCSHAPEREPRESENTATION(#23,'Axis','Curve2D',(#5407));
#5409=IFCWALL('2qyLS4oqnAT9C7DcAlms3L',$,'Wall',$,$,#10871,#5415,$,$);
#5410=IFCMATERIALLAYERSETUSAGE(#3779,.AXIS2.,.POSITIVE.,0.,$);
#5411=IFCRELASSOCIATESMATERIAL('3Di4m46t92VOfyZR$XByNu',$,$,$,(#5409),#5410);
#5415=IFCPRODUCTDEFINITIONSHAPE($,$,(#5723,#5720));
#5431=IFCPROPERTYSET('3epMpWB75EExE0iUBwSPw9',$,'EPset_Parametric',$,(#5433));
#5432=IFCRELDEFINESBYPROPERTIES('2fILCO0U50F8lpURwxf8on',$,$,$,(#5409),#5431);
#5433=IFCPROPERTYSINGLEVALUE('Engine',$,IFCLABEL('Bonsai.DumbLayer2'),$);
#5447=IFCWALL('2VS$VwiZ9D2QLHGbeZeTsl',$,'Wall',$,$,#10881,#5453,$,$);
#5448=IFCMATERIALLAYERSETUSAGE(#3779,.AXIS2.,.POSITIVE.,0.,$);
#5449=IFCRELASSOCIATESMATERIAL('0UIePtjOT6EQfS7yafxcDh',$,$,$,(#5447),#5448);
#5453=IFCPRODUCTDEFINITIONSHAPE($,$,(#5763,#5760));
#5469=IFCPROPERTYSET('2214qUlTPE9xY8mUA4siiG',$,'EPset_Parametric',$,(#5471));
#5470=IFCRELDEFINESBYPROPERTIES('2vb4dhqZH3xP_iDf4ypR$X',$,$,$,(#5447),#5469);
#5471=IFCPROPERTYSINGLEVALUE('Engine',$,IFCLABEL('Bonsai.DumbLayer2'),$);
#5582=IFCRELCONNECTSPATHELEMENTS('0kkV95FATFH9fnUigxuAsl',$,$,$,$,#5409,#5447,(),(),.ATSTART.,.ATEND.);
#5710=IFCRELCONNECTSPATHELEMENTS('22nDJqxz9CBxP9SoMGTkY1',$,$,$,$,#5409,#5061,(),(),.ATEND.,.ATSTART.);
#5711=IFCCARTESIANPOINTLIST2D(((0.,0.),(-0.10002226322345843,0.10000000000000001),(0.80166488204026964,0.10000000000000001),(0.90167858449743132,0.)));
#5712=IFCINDEXEDPOLYCURVE(#5711,(IFCLINEINDEX((1,2,3,4,1))),$);
#5713=IFCARBITRARYCLOSEDPROFILEDEF(.AREA.,$,#5712);
#5714=IFCCARTESIANPOINT((0.,0.,0.));
#5715=IFCDIRECTION((0.,0.,1.));
#5716=IFCDIRECTION((1.,0.,0.));
#5717=IFCAXIS2PLACEMENT3D(#5714,#5715,#5716);
#5718=IFCDIRECTION((0.,0.,1.));
#5719=IFCEXTRUDEDAREASOLID(#5713,#5717,#5718,3.);
#5720=IFCSHAPEREPRESENTATION(#11,'Body','SweptSolid',(#5719));
#5721=IFCCARTESIANPOINTLIST2D(((0.,0.),(0.90167858449743132,0.)));
#5722=IFCINDEXEDPOLYCURVE(#5721,$,$);
#5723=IFCSHAPEREPRESENTATION(#23,'Axis','Curve2D',(#5722));
#5724=IFCCARTESIANPOINTLIST2D(((0.,0.),(0.10002643656600081,0.10000000000000001),(1.666029619092642,0.10000000000000001),(1.5660073558691836,0.)));
#5725=IFCINDEXEDPOLYCURVE(#5724,(IFCLINEINDEX((1,2,3,4,1))),$);
#5726=IFCARBITRARYCLOSEDPROFILEDEF(.AREA.,$,#5725);
#5727=IFCCARTESIANPOINT((0.,0.,0.));
#5728=IFCDIRECTION((0.,0.,1.));
#5729=IFCDIRECTION((1.,0.,0.));
#5730=IFCAXIS2PLACEMENT3D(#5727,#5728,#5729);
#5731=IFCDIRECTION((0.,0.,1.));
#5732=IFCEXTRUDEDAREASOLID(#5726,#5730,#5731,3.);
#5733=IFCSHAPEREPRESENTATION(#11,'Body','SweptSolid',(#5732));
#5734=IFCCARTESIANPOINTLIST2D(((0.,0.),(1.5660073558691836,0.)));
#5735=IFCINDEXEDPOLYCURVE(#5734,$,$);
#5736=IFCSHAPEREPRESENTATION(#23,'Axis','Curve2D',(#5735));
#5737=IFCRELCONNECTSPATHELEMENTS('0tRFuelpb0WBXtJYZbwfZ4',$,$,$,$,#4885,#5447,(),(),.ATEND.,.ATSTART.);
#5738=IFCCARTESIANPOINTLIST2D(((0.,0.),(0.10000855204285547,0.10000000000000001),(9.5410466698859722,0.10000000000000001),(9.6410466686934839,0.)));
#5739=IFCINDEXEDPOLYCURVE(#5738,(IFCLINEINDEX((1,2,3,4,1))),$);
#5740=IFCARBITRARYCLOSEDPROFILEDEF(.AREA.,$,#5739);
#5741=IFCCARTESIANPOINT((0.,0.,0.));
#5742=IFCDIRECTION((0.,0.,1.));
#5743=IFCDIRECTION((1.,0.,0.));
#5744=IFCAXIS2PLACEMENT3D(#5741,#5742,#5743);
#5745=IFCDIRECTION((0.,0.,1.));
#5746=IFCEXTRUDEDAREASOLID(#5740,#5744,#5745,3.);
#5747=IFCSHAPEREPRESENTATION(#11,'Body','SweptSolid',(#5746));
#5748=IFCCARTESIANPOINTLIST2D(((0.,0.),(9.6410466686934839,0.)));
#5749=IFCINDEXEDPOLYCURVE(#5748,$,$);
#5750=IFCSHAPEREPRESENTATION(#23,'Axis','Curve2D',(#5749));
#5751=IFCCARTESIANPOINTLIST2D(((0.,0.),(0.10001370245716171,0.10000000000000001),(2.2442998696344407,0.10000000000000001),(2.3443084216772965,0.)));
#5752=IFCINDEXEDPOLYCURVE(#5751,(IFCLINEINDEX((1,2,3,4,1))),$);
#5753=IFCARBITRARYCLOSEDPROFILEDEF(.AREA.,$,#5752);
#5754=IFCCARTESIANPOINT((0.,0.,0.));
#5755=IFCDIRECTION((0.,0.,1.));
#5756=IFCDIRECTION((1.,0.,0.));
#5757=IFCAXIS2PLACEMENT3D(#5754,#5755,#5756);
#5758=IFCDIRECTION((0.,0.,1.));
#5759=IFCEXTRUDEDAREASOLID(#5753,#5757,#5758,3.);
#5760=IFCSHAPEREPRESENTATION(#11,'Body','SweptSolid',(#5759));
#5761=IFCCARTESIANPOINTLIST2D(((0.,0.),(2.3443084216772965,0.)));
#5762=IFCINDEXEDPOLYCURVE(#5761,$,$);
#5763=IFCSHAPEREPRESENTATION(#23,'Axis','Curve2D',(#5762));
#5764=IFCWALL('2UdAi5Rgn2seBhr27aK$Ek',$,'Wall',$,$,#10886,#5770,$,$);
#5765=IFCMATERIALLAYERSETUSAGE(#3779,.AXIS2.,.POSITIVE.,0.,$);
#5766=IFCRELASSOCIATESMATERIAL('1sZ14lv0D91RGpHvcn5qD8',$,$,$,(#5764),#5765);
#5770=IFCPRODUCTDEFINITIONSHAPE($,$,(#6054,#6051));
#5786=IFCPROPERTYSET('20XkBWGy19SPjKJU0GA9lk',$,'EPset_Parametric',$,(#5788));
#5787=IFCRELDEFINESBYPROPERTIES('1q6eYsuvL6$v2eqEZkt3us',$,$,$,(#5764),#5786);
#5788=IFCPROPERTYSINGLEVALUE('Engine',$,IFCLABEL('Bonsai.DumbLayer2'),$);
#5789=IFCWALL('1oZ8niNPPFQAHJmbTSbhPB',$,'Wall',$,$,#10891,#5795,$,$);
#5790=IFCMATERIALLAYERSETUSAGE(#3779,.AXIS2.,.POSITIVE.,0.,$);
#5791=IFCRELASSOCIATESMATERIAL('1QJ97xo5X89eyBYxo5IIGf',$,$,$,(#5789),#5790);
#5795=IFCPRODUCTDEFINITIONSHAPE($,$,(#5853,#5850));
#5811=IFCPROPERTYSET('0PAlYUJyj0_AJeA6ldarqw',$,'EPset_Parametric',$,(#5813));
#5812=IFCRELDEFINESBYPROPERTIES('0BoG8W8w51p8RJtbOAeG8Q',$,$,$,(#5789),#5811);
#5813=IFCPROPERTYSINGLEVALUE('Engine',$,IFCLABEL('Bonsai.DumbLayer2'),$);
#5840=IFCRELCONNECTSPATHELEMENTS('2PywmrLc9ExOoQUD_I4511',$,$,$,$,#5789,#5764,(),(),.ATEND.,.ATSTART.);
#5841=IFCCARTESIANPOINTLIST2D(((0.,0.),(0.09986301947245986,0.10000000000000001),(3.5619029685802599,0.10000000000000001),(3.5619029685802599,0.)));
#5842=IFCINDEXEDPOLYCURVE(#5841,(IFCLINEINDEX((1,2,3,4,1))),$);
#5843=IFCARBITRARYCLOSEDPROFILEDEF(.AREA.,$,#5842);
#5844=IFCCARTESIANPOINT((0.,0.,0.));
#5845=IFCDIRECTION((0.,0.,1.));
#5846=IFCDIRECTION((1.,0.,0.));
#5847=IFCAXIS2PLACEMENT3D(#5844,#5845,#5846);
#5848=IFCDIRECTION((0.,0.,1.));
#5849=IFCEXTRUDEDAREASOLID(#5843,#5847,#5848,3.);
#5850=IFCSHAPEREPRESENTATION(#11,'Body','SweptSolid',(#5849));
#5851=IFCCARTESIANPOINTLIST2D(((0.,0.),(3.5619029685802599,0.)));
#5852=IFCINDEXEDPOLYCURVE(#5851,$,$);
#5853=IFCSHAPEREPRESENTATION(#23,'Axis','Curve2D',(#5852));
#5910=IFCWALL('2PpYSkBjnEO9t8nKMRssen',$,'Wall',$,$,#10896,#5916,$,$);
#5911=IFCMATERIALLAYERSETUSAGE(#3779,.AXIS2.,.POSITIVE.,0.,$);
#5912=IFCRELASSOCIATESMATERIAL('09BxybeBzBHxF0n5_uokPt',$,$,$,(#5910),#5911);
#5916=IFCPRODUCTDEFINITIONSHAPE($,$,(#6041,#6038));
#5932=IFCPROPERTYSET('36Pif5bPD3u9VAPO5ERPlt',$,'EPset_Parametric',$,(#5934));
#5933=IFCRELDEFINESBYPROPERTIES('1A7LTkgrX9HRcTK810ckbk',$,$,$,(#5910),#5932);
#5934=IFCPROPERTYSINGLEVALUE('Engine',$,IFCLABEL('Bonsai.DumbLayer2'),$);
#6028=IFCRELCONNECTSPATHELEMENTS('3TG5PNVp9Ak8cHVqq5mBvF',$,$,$,$,#5910,#5764,(),(),.ATPATH.,.ATEND.);
#6029=IFCCARTESIANPOINTLIST2D(((0.,0.),(0.,0.10000000000000001),(3.7150357329358465,0.10000000000000001),(3.715035734128334,0.)));
#6030=IFCINDEXEDPOLYCURVE(#6029,(IFCLINEINDEX((1,2,3,4,1))),$);
#6031=IFCARBITRARYCLOSEDPROFILEDEF(.AREA.,$,#6030);
#6032=IFCCARTESIANPOINT((0.,0.,0.));
#6033=IFCDIRECTION((0.,0.,1.));
#6034=IFCDIRECTION((1.,0.,0.));
#6035=IFCAXIS2PLACEMENT3D(#6032,#6033,#6034);
#6036=IFCDIRECTION((0.,0.,1.));
#6037=IFCEXTRUDEDAREASOLID(#6031,#6035,#6036,3.);
#6038=IFCSHAPEREPRESENTATION(#11,'Body','SweptSolid',(#6037));
#6039=IFCCARTESIANPOINTLIST2D(((0.,0.),(3.715035734128334,0.)));
#6040=IFCINDEXEDPOLYCURVE(#6039,$,$);
#6041=IFCSHAPEREPRESENTATION(#23,'Axis','Curve2D',(#6040));
#6042=IFCCARTESIANPOINTLIST2D(((0.,0.),(0.,0.10000000000000001),(4.0601367087492264,0.10000000000000001),(4.1599997282216865,0.)));
#6043=IFCINDEXEDPOLYCURVE(#6042,(IFCLINEINDEX((1,2,3,4,1))),$);
#6044=IFCARBITRARYCLOSEDPROFILEDEF(.AREA.,$,#6043);
#6045=IFCCARTESIANPOINT((0.,0.,0.));
#6046=IFCDIRECTION((0.,0.,1.));
#6047=IFCDIRECTION((1.,0.,0.));
#6048=IFCAXIS2PLACEMENT3D(#6045,#6046,#6047);
#6049=IFCDIRECTION((0.,0.,1.));
#6050=IFCEXTRUDEDAREASOLID(#6044,#6048,#6049,3.);
#6051=IFCSHAPEREPRESENTATION(#11,'Body','SweptSolid',(#6050));
#6052=IFCCARTESIANPOINTLIST2D(((0.,0.),(4.1599997282216865,0.)));
#6053=IFCINDEXEDPOLYCURVE(#6052,$,$);
#6054=IFCSHAPEREPRESENTATION(#23,'Axis','Curve2D',(#6053));
#6087=IFCWALL('18JvChGl1EWgUxieIv6Nhy',$,'Wall',$,$,#10901,#6093,$,$);
#6088=IFCMATERIALLAYERSETUSAGE(#3779,.AXIS2.,.POSITIVE.,0.,$);
#6089=IFCRELASSOCIATESMATERIAL('1hmXQP6KT4CebuxSNkHtq6',$,$,$,(#6087),#6088);
#6093=IFCPRODUCTDEFINITIONSHAPE($,$,(#6350,#6347));
#6109=IFCPROPERTYSET('0Ljg3XbTzFTuHtGjCoLpTu',$,'EPset_Parametric',$,(#6111));
#6110=IFCRELDEFINESBYPROPERTIES('32jNUaPhTBKfOC_HP$y3s4',$,$,$,(#6087),#6109);
#6111=IFCPROPERTYSINGLEVALUE('Engine',$,IFCLABEL('Bonsai.DumbLayer2'),$);
#6201=IFCCARTESIANPOINTLIST2D(((0.,0.),(0.099948960058881764,0.10000000000000001),(3.5604533008648245,0.10000000000000001),(3.6604543725607703,0.)));
#6202=IFCINDEXEDPOLYCURVE(#6201,(IFCLINEINDEX((1,2,3,4,1))),$);
#6203=IFCARBITRARYCLOSEDPROFILEDEF(.AREA.,$,#6202);
#6204=IFCCARTESIANPOINT((0.,0.,0.));
#6205=IFCDIRECTION((0.,0.,1.));
#6206=IFCDIRECTION((1.,0.,0.));
#6207=IFCAXIS2PLACEMENT3D(#6204,#6205,#6206);
#6208=IFCDIRECTION((0.,0.,1.));
#6209=IFCEXTRUDEDAREASOLID(#6203,#6207,#6208,3.);
#6210=IFCSHAPEREPRESENTATION(#11,'Body','SweptSolid',(#6209));
#6211=IFCCARTESIANPOINTLIST2D(((0.,0.),(3.6604543725607703,0.)));
#6212=IFCINDEXEDPOLYCURVE(#6211,$,$);
#6213=IFCSHAPEREPRESENTATION(#23,'Axis','Curve2D',(#6212));
#6259=IFCRELCONNECTSPATHELEMENTS('3OrbBPMTb4cxlSWtsTCuMz',$,$,$,$,#4911,#6087,(),(),.ATEND.,.ATEND.);
#6260=IFCCARTESIANPOINTLIST2D(((0.,0.),(0.09999999880751248,0.10000000000000001),(3.8099333257056607,0.10000000000000001),(3.9099333268981482,0.)));
#6261=IFCINDEXEDPOLYCURVE(#6260,(IFCLINEINDEX((1,2,3,4,1))),$);
#6262=IFCARBITRARYCLOSEDPROFILEDEF(.AREA.,$,#6261);
#6263=IFCCARTESIANPOINT((0.,0.,0.));
#6264=IFCDIRECTION((0.,0.,1.));
#6265=IFCDIRECTION((1.,0.,0.));
#6266=IFCAXIS2PLACEMENT3D(#6263,#6264,#6265);
#6267=IFCDIRECTION((0.,0.,1.));
#6268=IFCEXTRUDEDAREASOLID(#6262,#6266,#6267,3.);
#6269=IFCSHAPEREPRESENTATION(#11,'Body','SweptSolid',(#6268));
#6270=IFCCARTESIANPOINTLIST2D(((0.,0.),(3.8099333268981481,0.)));
#6271=IFCINDEXEDPOLYCURVE(#6270,$,$);
#6272=IFCSHAPEREPRESENTATION(#23,'Axis','Curve2D',(#6271));
#6286=IFCWALL('1CD7QVg4jEoxiADjX2zmTN',$,'Wall',$,$,#10911,#6292,$,$);
#6287=IFCMATERIALLAYERSETUSAGE(#3779,.AXIS2.,.POSITIVE.,0.,$);
#6288=IFCRELASSOCIATESMATERIAL('0Md3MiFE52m96$JVMBNCCK',$,$,$,(#6286),#6287);
#6292=IFCPRODUCTDEFINITIONSHAPE($,$,(#6337,#6334));
#6308=IFCPROPERTYSET('33ZjSy2xnC181YXT$pzHsk',$,'EPset_Parametric',$,(#6310));
#6309=IFCRELDEFINESBYPROPERTIES('1FtY__WHT7nBuJjlMb6pEf',$,$,$,(#6286),#6308);
#6310=IFCPROPERTYSINGLEVALUE('Engine',$,IFCLABEL('Bonsai.DumbLayer2'),$);
#6324=IFCRELCONNECTSPATHELEMENTS('2K27_zbdL4Wem0uFGfd00i',$,$,$,$,#6286,#6087,(),(),.ATPATH.,.ATEND.);
#6325=IFCCARTESIANPOINTLIST2D(((0.,0.),(0.,0.10000000000000001),(3.7099341744025183,0.10000000000000001),(3.7099341755950062,0.)));
#6326=IFCINDEXEDPOLYCURVE(#6325,(IFCLINEINDEX((1,2,3,4,1))),$);
#6327=IFCARBITRARYCLOSEDPROFILEDEF(.AREA.,$,#6326);
#6328=IFCCARTESIANPOINT((0.,0.,0.));
#6329=IFCDIRECTION((0.,0.,1.));
#6330=IFCDIRECTION((1.,0.,0.));
#6331=IFCAXIS2PLACEMENT3D(#6328,#6329,#6330);
#6332=IFCDIRECTION((0.,0.,1.));
#6333=IFCEXTRUDEDAREASOLID(#6327,#6331,#6332,3.);
#6334=IFCSHAPEREPRESENTATION(#11,'Body','SweptSolid',(#6333));
#6335=IFCCARTESIANPOINTLIST2D(((0.,0.),(3.7099341755950062,0.)));
#6336=IFCINDEXEDPOLYCURVE(#6335,$,$);
#6337=IFCSHAPEREPRESENTATION(#23,'Axis','Curve2D',(#6336));
#6338=IFCCARTESIANPOINTLIST2D(((0.,0.),(0.,0.10000000000000001),(3.891225195412483,0.10000000000000001),(3.7912251942199955,0.)));
#6339=IFCINDEXEDPOLYCURVE(#6338,(IFCLINEINDEX((1,2,3,4,1))),$);
#6340=IFCARBITRARYCLOSEDPROFILEDEF(.AREA.,$,#6339);
#6341=IFCCARTESIANPOINT((0.,0.,0.));
#6342=IFCDIRECTION((0.,0.,1.));
#6343=IFCDIRECTION((1.,0.,0.));
#6344=IFCAXIS2PLACEMENT3D(#6341,#6342,#6343);
#6345=IFCDIRECTION((0.,0.,1.));
#6346=IFCEXTRUDEDAREASOLID(#6340,#6344,#6345,3.);
#6347=IFCSHAPEREPRESENTATION(#11,'Body','SweptSolid',(#6346));
#6348=IFCCARTESIANPOINTLIST2D(((0.,0.),(3.8912251942199956,0.)));
#6349=IFCINDEXEDPOLYCURVE(#6348,$,$);
#6350=IFCSHAPEREPRESENTATION(#23,'Axis','Curve2D',(#6349));
#6351=IFCSLAB('2tUD97PL9FVO5LDsXhVDn3',$,'Slab',$,$,#10916,#6365,$,$);
#6352=IFCMATERIALLAYERSETUSAGE(#1268,.AXIS3.,.POSITIVE.,-0.10000000149011612,$);
#6353=IFCRELASSOCIATESMATERIAL('2L21MzI3PDdRikxBkUdnrY',$,$,$,(#6351),#6352);
#6361=IFCDIRECTION((0.,0.,1.));
#6363=IFCEXTRUDEDAREASOLID(#14106,#6372,#6361,0.10000000000000001);
#6364=IFCSHAPEREPRESENTATION(#11,'Body','SweptSolid',(#6363));
#6365=IFCPRODUCTDEFINITIONSHAPE($,$,(#6364));
#6366=IFCPROPERTYSET('15LXHMijHEKB0eOFy_Lb4k',$,'EPset_Parametric',$,(#6368));
#6367=IFCRELDEFINESBYPROPERTIES('1zY8bNeR9EFPjyR2rBkZId',$,$,$,(#6351),#6366);
#6368=IFCPROPERTYSINGLEVALUE('Engine',$,IFCLABEL('Bonsai.DumbLayer3'),$);
#6369=IFCCARTESIANPOINT((-0.,-0.,-0.10000000149011612));
#6370=IFCDIRECTION((0.,0.,1.));
#6371=IFCDIRECTION((1.,0.,0.));
#6372=IFCAXIS2PLACEMENT3D(#6369,#6370,#6371);
#6373=IFCDOORTYPE('1iJGGg5QL5huVb6An99Id8',$,'BEDROOM-2F',$,$,(#6374),(#6376,#6384,#6462),$,$,.DOOR.,.SINGLE_SWING_LEFT.,$,$);
#6374=IFCPROPERTYSET('13oLnvQo10QfANKlFahJwW',$,'BBIM_Door',$,(#6375));
#6375=IFCPROPERTYSINGLEVALUE('Data',$,IFCTEXT('{"door_type": "SINGLE_SWING_LEFT", "overall_height": 2.0, "overall_width": 0.8999999761581421, "lining_properties": {"lining_depth": 0.05000000074505806, "lining_thickness": 0.05000000074505806, "lining_offset": 0.0, "lining_to_panel_offset_x": 0.02500000037252903, "lining_to_panel_offset_y": 0.02500000037252903, "transom_thickness": 0.0, "casing_thickness": 0.07500000298023224, "casing_depth": 0.004999999888241291, "threshold_thickness": 0.02500000037252903, "threshold_depth": 0.10000000149011612, "threshold_offset": 0.0}, "panel_properties": {"panel_depth": 0.03500000014901161, "panel_width_ratio": 1.0}}'),$);
#6376=IFCREPRESENTATIONMAP(#6377,#6832);
#6377=IFCAXIS2PLACEMENT3D(#6378,#6379,#6380);
#6378=IFCCARTESIANPOINT((0.,0.,0.));
#6379=IFCDIRECTION((0.,0.,1.));
#6380=IFCDIRECTION((1.,0.,0.));
#6384=IFCREPRESENTATIONMAP(#6385,#6905);
#6385=IFCAXIS2PLACEMENT3D(#6386,#6387,#6388);
#6386=IFCCARTESIANPOINT((0.,0.,0.));
#6387=IFCDIRECTION((0.,0.,1.));
#6388=IFCDIRECTION((1.,0.,0.));
#6462=IFCREPRESENTATIONMAP(#6463,#6923);
#6463=IFCAXIS2PLACEMENT3D(#6464,#6465,#6466);
#6464=IFCCARTESIANPOINT((0.,0.,0.));
#6465=IFCDIRECTION((0.,0.,1.));
#6466=IFCDIRECTION((1.,0.,0.));
#6592=IFCDOORTYPE('1jJ1cNbZX0EeILSIb_Qm5m',$,'BATHROOM-2F',$,$,(#6593),(#6595,#6603,#6681),$,$,.DOOR.,.SINGLE_SWING_LEFT.,$,$);
#6593=IFCPROPERTYSET('16w2FDIfzBqA2U7Tv8_pIf',$,'BBIM_Door',$,(#6594));
#6594=IFCPROPERTYSINGLEVALUE('Data',$,IFCTEXT('{"door_type": "SINGLE_SWING_LEFT", "overall_height": 2.0, "overall_width": 0.6994229555130005, "lining_properties": {"lining_depth": 0.05000000074505806, "lining_thickness": 0.05000000074505806, "lining_offset": 0.0, "lining_to_panel_offset_x": 0.02500000037252903, "lining_to_panel_offset_y": 0.02500000037252903, "transom_thickness": 0.0, "casing_thickness": 0.07500000298023224, "casing_depth": 0.004999999888241291, "threshold_thickness": 0.02500000037252903, "threshold_depth": 0.10000000149011612, "threshold_offset": 0.0}, "panel_properties": {"panel_depth": 0.03500000014901161, "panel_width_ratio": 1.0}}'),$);
#6595=IFCREPRESENTATIONMAP(#6596,#7948);
#6596=IFCAXIS2PLACEMENT3D(#6597,#6598,#6599);
#6597=IFCCARTESIANPOINT((0.,0.,0.));
#6598=IFCDIRECTION((0.,0.,1.));
#6599=IFCDIRECTION((1.,0.,0.));
#6603=IFCREPRESENTATIONMAP(#6604,#8021);
#6604=IFCAXIS2PLACEMENT3D(#6605,#6606,#6607);
#6605=IFCCARTESIANPOINT((0.,0.,0.));
#6606=IFCDIRECTION((0.,0.,1.));
#6607=IFCDIRECTION((1.,0.,0.));
#6681=IFCREPRESENTATIONMAP(#6682,#8039);
#6682=IFCAXIS2PLACEMENT3D(#6683,#6684,#6685);
#6683=IFCCARTESIANPOINT((0.,0.,0.));
#6684=IFCDIRECTION((0.,0.,1.));
#6685=IFCDIRECTION((1.,0.,0.));
#6700=IFCDOOR('25B8VsFDTASP0jRPHMXLMs',$,'Door',$,$,#8064,#6709,$,2.,0.69942295551300049,$,.SINGLE_SWING_LEFT.,$);
#6701=IFCRELDEFINESBYTYPE('01FOg1uNfDkwwrVzIqFTYX',$,$,$,(#6700),#6592);
#6702=IFCCARTESIANPOINT((0.,0.,0.));
#6703=IFCDIRECTION((1.,0.,0.));
#6704=IFCDIRECTION((0.,1.,0.));
#6705=IFCDIRECTION((0.,0.,1.));
#6706=IFCCARTESIANTRANSFORMATIONOPERATOR3D(#6703,#6704,#6702,1.,#6705);
#6707=IFCMAPPEDITEM(#6595,#6706);
#6708=IFCSHAPEREPRESENTATION(#18,'Profile','MappedRepresentation',(#6707));
#6709=IFCPRODUCTDEFINITIONSHAPE($,$,(#6708,#6716,#6723));
#6710=IFCCARTESIANPOINT((0.,0.,0.));
#6711=IFCDIRECTION((1.,0.,0.));
#6712=IFCDIRECTION((0.,1.,0.));
#6713=IFCDIRECTION((0.,0.,1.));
#6714=IFCCARTESIANTRANSFORMATIONOPERATOR3D(#6711,#6712,#6710,1.,#6713);
#6715=IFCMAPPEDITEM(#6603,#6714);
#6716=IFCSHAPEREPRESENTATION(#11,'Body','MappedRepresentation',(#6715));
#6717=IFCCARTESIANPOINT((0.,0.,0.));
#6718=IFCDIRECTION((1.,0.,0.));
#6719=IFCDIRECTION((0.,1.,0.));
#6720=IFCDIRECTION((0.,0.,1.));
#6721=IFCCARTESIANTRANSFORMATIONOPERATOR3D(#6718,#6719,#6717,1.,#6720);
#6722=IFCMAPPEDITEM(#6681,#6721);
#6723=IFCSHAPEREPRESENTATION(#24,'Body','MappedRepresentation',(#6722));
#6724=IFCOPENINGELEMENT('0M6ymnBPrDUgNJnuC46XvA',$,'Opening',$,$,#8059,#6752,$,.OPENING.);
#6740=IFCCARTESIANPOINT((0.,0.,0.));
#6741=IFCDIRECTION((1.,0.,0.));
#6742=IFCDIRECTION((0.,0.,1.));
#6743=IFCAXIS2PLACEMENT3D(#6740,#6742,#6741);
#6744=IFCREPRESENTATIONMAP(#6743,#8049);
#6745=IFCCARTESIANPOINT((0.,0.,0.));
#6746=IFCDIRECTION((1.,0.,0.));
#6747=IFCDIRECTION((0.,1.,0.));
#6748=IFCDIRECTION((0.,0.,1.));
#6749=IFCCARTESIANTRANSFORMATIONOPERATOR3D(#6746,#6747,#6745,1.,#6748);
#6750=IFCMAPPEDITEM(#6744,#6749);
#6751=IFCSHAPEREPRESENTATION(#11,'Body','MappedRepresentation',(#6750));
#6752=IFCPRODUCTDEFINITIONSHAPE($,$,(#6751));
#6753=IFCRELVOIDSELEMENT('3ORn5Mdkj1Ruqmb2pBCTC1',$,$,$,#6286,#6724);
#6759=IFCRELFILLSELEMENT('1$HjJuu7LBhx0iT_LwN2b0',$,$,$,#6724,#6700);
#6765=IFCDOOR('18xFHK8jrFweNPqLSuHyoM',$,'Door',$,$,#6948,#6774,$,2.,0.89999997615814209,$,.SINGLE_SWING_LEFT.,$);
#6766=IFCRELDEFINESBYTYPE('2Y6i2cqNb5vRDav3WFoM$Z',$,$,$,(#6765),#6373);
#6767=IFCCARTESIANPOINT((0.,0.,0.));
#6768=IFCDIRECTION((1.,0.,0.));
#6769=IFCDIRECTION((0.,1.,0.));
#6770=IFCDIRECTION((0.,0.,1.));
#6771=IFCCARTESIANTRANSFORMATIONOPERATOR3D(#6768,#6769,#6767,1.,#6770);
#6772=IFCMAPPEDITEM(#6376,#6771);
#6773=IFCSHAPEREPRESENTATION(#18,'Profile','MappedRepresentation',(#6772));
#6774=IFCPRODUCTDEFINITIONSHAPE($,$,(#6773,#6781,#6788));
#6775=IFCCARTESIANPOINT((0.,0.,0.));
#6776=IFCDIRECTION((1.,0.,0.));
#6777=IFCDIRECTION((0.,1.,0.));
#6778=IFCDIRECTION((0.,0.,1.));
#6779=IFCCARTESIANTRANSFORMATIONOPERATOR3D(#6776,#6777,#6775,1.,#6778);
#6780=IFCMAPPEDITEM(#6384,#6779);
#6781=IFCSHAPEREPRESENTATION(#11,'Body','MappedRepresentation',(#6780));
#6782=IFCCARTESIANPOINT((0.,0.,0.));
#6783=IFCDIRECTION((1.,0.,0.));
#6784=IFCDIRECTION((0.,1.,0.));
#6785=IFCDIRECTION((0.,0.,1.));
#6786=IFCCARTESIANTRANSFORMATIONOPERATOR3D(#6783,#6784,#6782,1.,#6785);
#6787=IFCMAPPEDITEM(#6462,#6786);
#6788=IFCSHAPEREPRESENTATION(#24,'Body','MappedRepresentation',(#6787));
#6789=IFCOPENINGELEMENT('2HHSA2cpbC4wM6cf_ev2z7',$,'Opening',$,$,#6943,#6817,$,.OPENING.);
#6805=IFCCARTESIANPOINT((0.,0.,0.));
#6806=IFCDIRECTION((1.,0.,0.));
#6807=IFCDIRECTION((0.,0.,1.));
#6808=IFCAXIS2PLACEMENT3D(#6805,#6807,#6806);
#6809=IFCREPRESENTATIONMAP(#6808,#6933);
#6810=IFCCARTESIANPOINT((0.,0.,0.));
#6811=IFCDIRECTION((1.,0.,0.));
#6812=IFCDIRECTION((0.,1.,0.));
#6813=IFCDIRECTION((0.,0.,1.));
#6814=IFCCARTESIANTRANSFORMATIONOPERATOR3D(#6811,#6812,#6810,1.,#6813);
#6815=IFCMAPPEDITEM(#6809,#6814);
#6816=IFCSHAPEREPRESENTATION(#11,'Body','MappedRepresentation',(#6815));
#6817=IFCPRODUCTDEFINITIONSHAPE($,$,(#6816));
#6818=IFCRELVOIDSELEMENT('3EQ8k$3Ur2GR690zAvtlZy',$,$,$,#6087,#6789);
#6824=IFCRELFILLSELEMENT('0b8Sq4mfD8owbFWG0snTFZ',$,$,$,#6789,#6765);
#6830=IFCCARTESIANPOINTLIST3D(((0.,0.,0.),(0.89999997615814209,0.,0.),(0.89999997615814209,0.,2.),(0.,0.,2.)));
#6831=IFCINDEXEDPOLYCURVE(#6830,(IFCLINEINDEX((1,2,3,4,1))),$);
#6832=IFCSHAPEREPRESENTATION(#18,'Profile','Curve3D',(#6831));
#6833=IFCCARTESIANPOINTLIST2D(((0.,0.),(0.,2.),(0.89999997615814209,2.),(0.89999997615814209,0.),(0.87499997578561306,0.),(0.87499997578561306,1.974999999627471),(0.02500000037252903,1.974999999627471),(0.02500000037252903,0.)));
#6834=IFCINDEXEDPOLYCURVE(#6833,(IFCLINEINDEX((1,2,3,4,5,6,7,8,1))),$);
#6835=IFCARBITRARYCLOSEDPROFILEDEF(.AREA.,$,#6834);
#6836=IFCCARTESIANPOINT((0.,0.02500000037252903,0.));
#6837=IFCDIRECTION((0.,-1.,0.));
#6838=IFCDIRECTION((1.,0.,0.));
#6839=IFCAXIS2PLACEMENT3D(#6836,#6837,#6838);
#6840=IFCDIRECTION((0.,0.,-1.));
#6841=IFCEXTRUDEDAREASOLID(#6835,#6839,#6840,0.02500000037252903);
#6842=IFCCARTESIANPOINTLIST2D(((0.,0.),(0.,2.),(0.89999997615814209,2.),(0.89999997615814209,0.),(0.84999997541308403,0.),(0.84999997541308403,1.9499999992549419),(0.05000000074505806,1.9499999992549419),(0.05000000074505806,0.)));
#6843=IFCINDEXEDPOLYCURVE(#6842,(IFCLINEINDEX((1,2,3,4,5,6,7,8,1))),$);
#6844=IFCARBITRARYCLOSEDPROFILEDEF(.AREA.,$,#6843);
#6845=IFCCARTESIANPOINT((0.,0.,0.));
#6846=IFCDIRECTION((0.,-1.,0.));
#6847=IFCDIRECTION((1.,0.,0.));
#6848=IFCAXIS2PLACEMENT3D(#6845,#6846,#6847);
#6849=IFCDIRECTION((0.,0.,-1.));
#6850=IFCEXTRUDEDAREASOLID(#6844,#6848,#6849,0.02500000037252903);
#6851=IFCCARTESIANPOINTLIST2D(((0.,0.),(0.79999997466802597,0.),(0.79999997466802597,0.10000000149011612),(0.,0.10000000149011612)));
#6852=IFCINDEXEDPOLYCURVE(#6851,(IFCLINEINDEX((1,2,3,4,1))),$);
#6853=IFCARBITRARYCLOSEDPROFILEDEF(.AREA.,$,#6852);
#6854=IFCCARTESIANPOINT((0.05000000074505806,0.,0.));
#6855=IFCDIRECTION((0.,0.,1.));
#6856=IFCDIRECTION((1.,0.,0.));
#6857=IFCAXIS2PLACEMENT3D(#6854,#6855,#6856);
#6858=IFCDIRECTION((0.,0.,1.));
#6859=IFCEXTRUDEDAREASOLID(#6853,#6857,#6858,0.02500000037252903);
#6860=IFCCARTESIANPOINTLIST2D(((0.,0.),(0.,2.0250000022351742),(0.94999998062849045,2.0250000022351742),(0.94999998062849045,0.),(0.87499997764825821,0.),(0.87499997764825821,1.9499999992549419),(0.075000002980232239,1.9499999992549419),(0.075000002980232239,0.)));
#6861=IFCINDEXEDPOLYCURVE(#6860,(IFCLINEINDEX((1,2,3,4,5,6,7,8,1))),$);
#6862=IFCARBITRARYCLOSEDPROFILEDEF(.AREA.,$,#6861);
#6863=IFCCARTESIANPOINT((-0.025000002235174179,-0.004999999888241291,0.));
#6864=IFCDIRECTION((0.,-1.,0.));
#6865=IFCDIRECTION((1.,0.,0.));
#6866=IFCAXIS2PLACEMENT3D(#6863,#6864,#6865);
#6867=IFCDIRECTION((0.,0.,-1.));
#6868=IFCEXTRUDEDAREASOLID(#6862,#6866,#6867,0.004999999888241291);
#6869=IFCCARTESIANPOINTLIST2D(((0.,0.),(0.,2.0250000022351742),(0.94999998062849045,2.0250000022351742),(0.94999998062849045,0.),(0.89999997802078724,0.),(0.89999997802078724,1.974999999627471),(0.050000002607703209,1.974999999627471),(0.050000002607703209,0.)));
#6870=IFCINDEXEDPOLYCURVE(#6869,(IFCLINEINDEX((1,2,3,4,5,6,7,8,1))),$);
#6871=IFCARBITRARYCLOSEDPROFILEDEF(.AREA.,$,#6870);
#6872=IFCCARTESIANPOINT((-0.025000002235174179,0.05000000074505806,0.));
#6873=IFCDIRECTION((0.,-1.,0.));
#6874=IFCDIRECTION((1.,0.,0.));
#6875=IFCAXIS2PLACEMENT3D(#6872,#6873,#6874);
#6876=IFCDIRECTION((0.,0.,-1.));
#6877=IFCEXTRUDEDAREASOLID(#6871,#6875,#6876,0.004999999888241291);
#6878=IFCCARTESIANPOINTLIST2D(((0.,0.),(0.84999997541308403,0.),(0.84999997541308403,0.035000000149011612),(0.,0.035000000149011612)));
#6879=IFCINDEXEDPOLYCURVE(#6878,(IFCLINEINDEX((1,2,3,4,1))),$);
#6880=IFCARBITRARYCLOSEDPROFILEDEF(.AREA.,$,#6879);
#6881=IFCCARTESIANPOINT((0.02500000037252903,0.02500000037252903,0.02500000037252903));
#6882=IFCDIRECTION((0.,0.,1.));
#6883=IFCDIRECTION((1.,0.,0.));
#6884=IFCAXIS2PLACEMENT3D(#6881,#6882,#6883);
#6885=IFCDIRECTION((0.,0.,1.));
#6886=IFCEXTRUDEDAREASOLID(#6880,#6884,#6885,1.9499999992549419);
#6887=IFCCARTESIANPOINTLIST2D(((0.,0.),(0.,-0.040000000000000001),(-0.11999999999999988,-0.040000000000000001),(-0.11999999999999988,-0.02),(-0.020000000000000018,-0.02),(-0.020000000000000018,0.)));
#6888=IFCINDEXEDPOLYCURVE(#6887,(IFCLINEINDEX((1,2,3,4,5,6,1))),$);
#6889=IFCARBITRARYCLOSEDPROFILEDEF(.AREA.,$,#6888);
#6890=IFCCARTESIANPOINT((0.82499997578561302,0.02500000037252903,1.015000000372529));
#6891=IFCDIRECTION((0.,0.,1.));
#6892=IFCDIRECTION((1.,0.,0.));
#6893=IFCAXIS2PLACEMENT3D(#6890,#6891,#6892);
#6894=IFCDIRECTION((0.,0.,1.));
#6895=IFCEXTRUDEDAREASOLID(#6889,#6893,#6894,0.02);
#6896=IFCEXTRUDEDAREASOLID(#6897,#6900,#6904,0.02);
#6897=IFCARBITRARYCLOSEDPROFILEDEF(.AREA.,$,#6898);
#6898=IFCINDEXEDPOLYCURVE(#6899,(IFCLINEINDEX((1,2,3,4,5,6,1))),$);
#6899=IFCCARTESIANPOINTLIST2D(((0.,0.),(0.,0.040000000000000008),(-0.11999999999999988,0.040000000000000008),(-0.11999999999999988,0.020000000000000004),(-0.020000000000000018,0.020000000000000004),(-0.020000000000000018,0.)));
#6900=IFCAXIS2PLACEMENT3D(#6901,#6902,#6903);
#6901=IFCCARTESIANPOINT((0.82499997578561302,0.060000000521540642,1.015000000372529));
#6902=IFCDIRECTION((0.,0.,1.));
#6903=IFCDIRECTION((1.,0.,0.));
#6904=IFCDIRECTION((0.,0.,1.));
#6905=IFCSHAPEREPRESENTATION(#11,'Body','SweptSolid',(#6841,#6850,#6886,#6895,#6896,#6859,#6868,#6877));
#6906=IFCSHAPEREPRESENTATION(#11,'Body','SweptSolid',(#6841,#6850,#6859,#6868,#6877));
#6907=IFCSHAPEASPECT((#6906),'Lining',$,.T.,#6774);
#6908=IFCSHAPEREPRESENTATION(#11,'Body','SweptSolid',(#6886,#6895,#6896));
#6909=IFCSHAPEASPECT((#6908),'Framing',$,.T.,#6774);
#6910=IFCCARTESIANPOINTLIST2D(((0.,0.),(0.,0.05000000074505806),(0.02500000037252903,0.05000000074505806),(0.02500000037252903,0.02500000037252903),(0.05000000074505806,0.02500000037252903),(0.05000000074505806,0.)));
#6911=IFCINDEXEDPOLYCURVE(#6910,(IFCLINEINDEX((1,2,3,4,5,6,1))),$);
#6912=IFCINDEXEDPOLYCURVE(#6913,(IFCLINEINDEX((1,2,3,4,5,6,1))),$);
#6913=IFCCARTESIANPOINTLIST2D(((0.89999997615814209,0.),(0.89999997615814209,0.05000000074505806),(0.87499997578561306,0.05000000074505806),(0.87499997578561306,0.02500000037252903),(0.84999997541308403,0.02500000037252903),(0.84999997541308403,0.)));
#6914=IFCDIRECTION((1.,0.));
#6915=IFCCARTESIANPOINT((0.060000000521540642,0.05000000074505806));
#6916=IFCAXIS2PLACEMENT2D(#6915,#6914);
#6917=IFCELLIPSE(#6916,0.81499997526407242,0.84999997541308403);
#6918=IFCCARTESIANPOINT((0.87499997578561306,0.05000000074505806));
#6919=IFCCARTESIANPOINT((0.060000000521540642,0.89999997615814209));
#6920=IFCTRIMMEDCURVE(#6917,(#6918),(#6919),.T.,.CARTESIAN.);
#6921=IFCCARTESIANPOINTLIST2D(((0.02500000037252903,0.05000000074505806),(0.060000000521540642,0.05000000074505806),(0.060000000521540642,0.89999997615814209),(0.02500000037252903,0.89999997615814209)));
#6922=IFCINDEXEDPOLYCURVE(#6921,(IFCLINEINDEX((1,2,3,4,1))),$);
#6923=IFCSHAPEREPRESENTATION(#24,'Body','Curve2D',(#6911,#6912,#6920,#6922));
#6924=IFCCARTESIANPOINTLIST2D(((0.,0.),(0.89999997615814209,0.),(0.89999997615814209,2.),(0.,2.)));
#6925=IFCINDEXEDPOLYCURVE(#6924,(IFCLINEINDEX((1,2,3,4,1))),$);
#6926=IFCARBITRARYCLOSEDPROFILEDEF(.AREA.,$,#6925);
#6927=IFCCARTESIANPOINT((0.,-0.60000002384185791,0.));
#6928=IFCDIRECTION((0.,-1.,0.));
#6929=IFCDIRECTION((1.,0.,0.));
#6930=IFCAXIS2PLACEMENT3D(#6927,#6928,#6929);
#6931=IFCDIRECTION((0.,0.,-1.));
#6932=IFCEXTRUDEDAREASOLID(#6926,#6930,#6931,1.2);
#6933=IFCSHAPEREPRESENTATION(#11,'Body','SweptSolid',(#6932));
#6939=IFCCARTESIANPOINT((0.10895490533114405,0.015000142932363902,0.));
#6940=IFCDIRECTION((0.,0.,1.));
#6941=IFCDIRECTION((0.99999999999997147,-2.384185719961227E-07,0.));
#6942=IFCAXIS2PLACEMENT3D(#6939,#6940,#6941);
#6943=IFCLOCALPLACEMENT(#10901,#6942);
#6944=IFCCARTESIANPOINT((-4.4408920985006262E-16,0.,0.));
#6945=IFCDIRECTION((0.,0.,1.));
#6946=IFCDIRECTION((1.,0.,0.));
#6947=IFCAXIS2PLACEMENT3D(#6944,#6945,#6946);
#6948=IFCLOCALPLACEMENT(#6943,#6947);
#6949=IFCDOORTYPE('3ArO06mpT2NQF8cFNpN1LM',$,'M BEDROOM-2F',$,$,(#6950),(#6952,#6960,#7038),$,$,.DOOR.,.SINGLE_SWING_LEFT.,$,$);
#6950=IFCPROPERTYSET('1kri_MnxTDre$X9jbXsfro',$,'BBIM_Door',$,(#6951));
#6951=IFCPROPERTYSINGLEVALUE('Data',$,IFCTEXT('{"door_type": "SINGLE_SWING_LEFT", "overall_height": 2.0, "overall_width": 0.8999999761581421, "lining_properties": {"lining_depth": 0.05000000074505806, "lining_thickness": 0.05000000074505806, "lining_offset": 0.0, "lining_to_panel_offset_x": 0.02500000037252903, "lining_to_panel_offset_y": 0.02500000037252903, "transom_thickness": 0.0, "casing_thickness": 0.07500000298023224, "casing_depth": 0.004999999888241291, "threshold_thickness": 0.02500000037252903, "threshold_depth": 0.10000000149011612, "threshold_offset": 0.0}, "panel_properties": {"panel_depth": 0.03500000014901161, "panel_width_ratio": 1.0}}'),$);
#6952=IFCREPRESENTATIONMAP(#6953,#6957);
#6953=IFCAXIS2PLACEMENT3D(#6954,#6955,#6956);
#6954=IFCCARTESIANPOINT((0.,0.,0.));
#6955=IFCDIRECTION((0.,0.,1.));
#6956=IFCDIRECTION((1.,0.,0.));
#6957=IFCSHAPEREPRESENTATION(#18,'Profile','Curve3D',(#6958));
#6958=IFCINDEXEDPOLYCURVE(#6959,(IFCLINEINDEX((1,2,3,4,1))),$);
#6959=IFCCARTESIANPOINTLIST3D(((0.,0.,0.),(0.89999997615814209,0.,0.),(0.89999997615814209,0.,2.),(0.,0.,2.)));
#6960=IFCREPRESENTATIONMAP(#6961,#6965);
#6961=IFCAXIS2PLACEMENT3D(#6962,#6963,#6964);
#6962=IFCCARTESIANPOINT((0.,0.,0.));
#6963=IFCDIRECTION((0.,0.,1.));
#6964=IFCDIRECTION((1.,0.,0.));
#6965=IFCSHAPEREPRESENTATION(#11,'Body','SweptSolid',(#6966,#6975,#6984,#6993,#7002,#7011,#7020,#7029));
#6966=IFCEXTRUDEDAREASOLID(#6967,#6970,#6974,0.02500000037252903);
#6967=IFCARBITRARYCLOSEDPROFILEDEF(.AREA.,$,#6968);
#6968=IFCINDEXEDPOLYCURVE(#6969,(IFCLINEINDEX((1,2,3,4,5,6,7,8,1))),$);
#6969=IFCCARTESIANPOINTLIST2D(((0.,0.),(0.,2.),(0.89999997615814209,2.),(0.89999997615814209,0.),(0.87499997578561306,0.),(0.87499997578561306,1.974999999627471),(0.02500000037252903,1.974999999627471),(0.02500000037252903,0.)));
#6970=IFCAXIS2PLACEMENT3D(#6971,#6972,#6973);
#6971=IFCCARTESIANPOINT((0.,0.02500000037252903,0.));
#6972=IFCDIRECTION((0.,-1.,0.));
#6973=IFCDIRECTION((1.,0.,0.));
#6974=IFCDIRECTION((0.,0.,-1.));
#6975=IFCEXTRUDEDAREASOLID(#6976,#6979,#6983,0.02500000037252903);
#6976=IFCARBITRARYCLOSEDPROFILEDEF(.AREA.,$,#6977);
#6977=IFCINDEXEDPOLYCURVE(#6978,(IFCLINEINDEX((1,2,3,4,5,6,7,8,1))),$);
#6978=IFCCARTESIANPOINTLIST2D(((0.,0.),(0.,2.),(0.89999997615814209,2.),(0.89999997615814209,0.),(0.84999997541308403,0.),(0.84999997541308403,1.9499999992549419),(0.05000000074505806,1.9499999992549419),(0.05000000074505806,0.)));
#6979=IFCAXIS2PLACEMENT3D(#6980,#6981,#6982);
#6980=IFCCARTESIANPOINT((0.,0.,0.));
#6981=IFCDIRECTION((0.,-1.,0.));
#6982=IFCDIRECTION((1.,0.,0.));
#6983=IFCDIRECTION((0.,0.,-1.));
#6984=IFCEXTRUDEDAREASOLID(#6985,#6988,#6992,1.9499999992549419);
#6985=IFCARBITRARYCLOSEDPROFILEDEF(.AREA.,$,#6986);
#6986=IFCINDEXEDPOLYCURVE(#6987,(IFCLINEINDEX((1,2,3,4,1))),$);
#6987=IFCCARTESIANPOINTLIST2D(((0.,0.),(0.84999997541308403,0.),(0.84999997541308403,0.035000000149011612),(0.,0.035000000149011612)));
#6988=IFCAXIS2PLACEMENT3D(#6989,#6990,#6991);
#6989=IFCCARTESIANPOINT((0.02500000037252903,0.02500000037252903,0.02500000037252903));
#6990=IFCDIRECTION((0.,0.,1.));
#6991=IFCDIRECTION((1.,0.,0.));
#6992=IFCDIRECTION((0.,0.,1.));
#6993=IFCEXTRUDEDAREASOLID(#6994,#6997,#7001,0.02);
#6994=IFCARBITRARYCLOSEDPROFILEDEF(.AREA.,$,#6995);
#6995=IFCINDEXEDPOLYCURVE(#6996,(IFCLINEINDEX((1,2,3,4,5,6,1))),$);
#6996=IFCCARTESIANPOINTLIST2D(((0.,0.),(0.,-0.040000000000000001),(-0.11999999999999988,-0.040000000000000001),(-0.11999999999999988,-0.02),(-0.020000000000000018,-0.02),(-0.020000000000000018,0.)));
#6997=IFCAXIS2PLACEMENT3D(#6998,#6999,#7000);
#6998=IFCCARTESIANPOINT((0.82499997578561302,0.02500000037252903,1.015000000372529));
#6999=IFCDIRECTION((0.,0.,1.));
#7000=IFCDIRECTION((1.,0.,0.));
#7001=IFCDIRECTION((0.,0.,1.));
#7002=IFCEXTRUDEDAREASOLID(#7003,#7006,#7010,0.02);
#7003=IFCARBITRARYCLOSEDPROFILEDEF(.AREA.,$,#7004);
#7004=IFCINDEXEDPOLYCURVE(#7005,(IFCLINEINDEX((1,2,3,4,5,6,1))),$);
#7005=IFCCARTESIANPOINTLIST2D(((0.,0.),(0.,0.040000000000000008),(-0.11999999999999988,0.040000000000000008),(-0.11999999999999988,0.020000000000000004),(-0.020000000000000018,0.020000000000000004),(-0.020000000000000018,0.)));
#7006=IFCAXIS2PLACEMENT3D(#7007,#7008,#7009);
#7007=IFCCARTESIANPOINT((0.82499997578561302,0.060000000521540642,1.015000000372529));
#7008=IFCDIRECTION((0.,0.,1.));
#7009=IFCDIRECTION((1.,0.,0.));
#7010=IFCDIRECTION((0.,0.,1.));
#7011=IFCEXTRUDEDAREASOLID(#7012,#7015,#7019,0.02500000037252903);
#7012=IFCARBITRARYCLOSEDPROFILEDEF(.AREA.,$,#7013);
#7013=IFCINDEXEDPOLYCURVE(#7014,(IFCLINEINDEX((1,2,3,4,1))),$);
#7014=IFCCARTESIANPOINTLIST2D(((0.,0.),(0.79999997466802597,0.),(0.79999997466802597,0.10000000149011612),(0.,0.10000000149011612)));
#7015=IFCAXIS2PLACEMENT3D(#7016,#7017,#7018);
#7016=IFCCARTESIANPOINT((0.05000000074505806,0.,0.));
#7017=IFCDIRECTION((0.,0.,1.));
#7018=IFCDIRECTION((1.,0.,0.));
#7019=IFCDIRECTION((0.,0.,1.));
#7020=IFCEXTRUDEDAREASOLID(#7021,#7024,#7028,0.004999999888241291);
#7021=IFCARBITRARYCLOSEDPROFILEDEF(.AREA.,$,#7022);
#7022=IFCINDEXEDPOLYCURVE(#7023,(IFCLINEINDEX((1,2,3,4,5,6,7,8,1))),$);
#7023=IFCCARTESIANPOINTLIST2D(((0.,0.),(0.,2.0250000022351742),(0.94999998062849045,2.0250000022351742),(0.94999998062849045,0.),(0.87499997764825821,0.),(0.87499997764825821,1.9499999992549419),(0.075000002980232239,1.9499999992549419),(0.075000002980232239,0.)));
#7024=IFCAXIS2PLACEMENT3D(#7025,#7026,#7027);
#7025=IFCCARTESIANPOINT((-0.025000002235174179,-0.004999999888241291,0.));
#7026=IFCDIRECTION((0.,-1.,0.));
#7027=IFCDIRECTION((1.,0.,0.));
#7028=IFCDIRECTION((0.,0.,-1.));
#7029=IFCEXTRUDEDAREASOLID(#7030,#7033,#7037,0.004999999888241291);
#7030=IFCARBITRARYCLOSEDPROFILEDEF(.AREA.,$,#7031);
#7031=IFCINDEXEDPOLYCURVE(#7032,(IFCLINEINDEX((1,2,3,4,5,6,7,8,1))),$);
#7032=IFCCARTESIANPOINTLIST2D(((0.,0.),(0.,2.0250000022351742),(0.94999998062849045,2.0250000022351742),(0.94999998062849045,0.),(0.89999997802078724,0.),(0.89999997802078724,1.974999999627471),(0.050000002607703209,1.974999999627471),(0.050000002607703209,0.)));
#7033=IFCAXIS2PLACEMENT3D(#7034,#7035,#7036);
#7034=IFCCARTESIANPOINT((-0.025000002235174179,0.05000000074505806,0.));
#7035=IFCDIRECTION((0.,-1.,0.));
#7036=IFCDIRECTION((1.,0.,0.));
#7037=IFCDIRECTION((0.,0.,-1.));
#7038=IFCREPRESENTATIONMAP(#7039,#7043);
#7039=IFCAXIS2PLACEMENT3D(#7040,#7041,#7042);
#7040=IFCCARTESIANPOINT((0.,0.,0.));
#7041=IFCDIRECTION((0.,0.,1.));
#7042=IFCDIRECTION((1.,0.,0.));
#7043=IFCSHAPEREPRESENTATION(#24,'Body','Curve2D',(#7044,#7046,#7048,#7055));
#7044=IFCINDEXEDPOLYCURVE(#7045,(IFCLINEINDEX((1,2,3,4,5,6,1))),$);
#7045=IFCCARTESIANPOINTLIST2D(((0.,0.),(0.,0.05000000074505806),(0.02500000037252903,0.05000000074505806),(0.02500000037252903,0.02500000037252903),(0.05000000074505806,0.02500000037252903),(0.05000000074505806,0.)));
#7046=IFCINDEXEDPOLYCURVE(#7047,(IFCLINEINDEX((1,2,3,4,5,6,1))),$);
#7047=IFCCARTESIANPOINTLIST2D(((0.89999997615814209,0.),(0.89999997615814209,0.05000000074505806),(0.87499997578561306,0.05000000074505806),(0.87499997578561306,0.02500000037252903),(0.84999997541308403,0.02500000037252903),(0.84999997541308403,0.)));
#7048=IFCTRIMMEDCURVE(#7049,(#7053),(#7054),.T.,.CARTESIAN.);
#7049=IFCELLIPSE(#7050,0.81499997526407242,0.84999997541308403);
#7050=IFCAXIS2PLACEMENT2D(#7051,#7052);
#7051=IFCCARTESIANPOINT((0.060000000521540642,0.05000000074505806));
#7052=IFCDIRECTION((1.,0.));
#7053=IFCCARTESIANPOINT((0.87499997578561306,0.05000000074505806));
#7054=IFCCARTESIANPOINT((0.060000000521540642,0.89999997615814209));
#7055=IFCINDEXEDPOLYCURVE(#7056,(IFCLINEINDEX((1,2,3,4,1))),$);
#7056=IFCCARTESIANPOINTLIST2D(((0.02500000037252903,0.05000000074505806),(0.060000000521540642,0.05000000074505806),(0.060000000521540642,0.89999997615814209),(0.02500000037252903,0.89999997615814209)));
#7057=IFCDOOR('3jCwiUhbz2a9TmdSCTcD5U',$,'Door',$,$,#8154,#7066,$,2.,0.89999997615814209,$,$,$);
#7058=IFCRELDEFINESBYTYPE('2xzsA1hoH7QRS9fbMqtjMa',$,$,$,(#7057),#6949);
#7059=IFCCARTESIANPOINT((0.,0.,0.));
#7060=IFCDIRECTION((1.,0.,0.));
#7061=IFCDIRECTION((0.,1.,0.));
#7062=IFCDIRECTION((0.,0.,1.));
#7063=IFCCARTESIANTRANSFORMATIONOPERATOR3D(#7060,#7061,#7059,1.,#7062);
#7064=IFCMAPPEDITEM(#6952,#7063);
#7065=IFCSHAPEREPRESENTATION(#18,'Profile','MappedRepresentation',(#7064));
#7066=IFCPRODUCTDEFINITIONSHAPE($,$,(#7065,#7073,#7080));
#7067=IFCCARTESIANPOINT((0.,0.,0.));
#7068=IFCDIRECTION((1.,0.,0.));
#7069=IFCDIRECTION((0.,1.,0.));
#7070=IFCDIRECTION((0.,0.,1.));
#7071=IFCCARTESIANTRANSFORMATIONOPERATOR3D(#7068,#7069,#7067,1.,#7070);
#7072=IFCMAPPEDITEM(#6960,#7071);
#7073=IFCSHAPEREPRESENTATION(#11,'Body','MappedRepresentation',(#7072));
#7074=IFCCARTESIANPOINT((0.,0.,0.));
#7075=IFCDIRECTION((1.,0.,0.));
#7076=IFCDIRECTION((0.,1.,0.));
#7077=IFCDIRECTION((0.,0.,1.));
#7078=IFCCARTESIANTRANSFORMATIONOPERATOR3D(#7075,#7076,#7074,1.,#7077);
#7079=IFCMAPPEDITEM(#7038,#7078);
#7080=IFCSHAPEREPRESENTATION(#24,'Body','MappedRepresentation',(#7079));
#7081=IFCOPENINGELEMENT('22aQHQaLz1IOSBClNYPcDR',$,'Opening',$,$,#7115,#7109,$,.OPENING.);
#7087=IFCCARTESIANPOINTLIST2D(((0.,0.),(0.89999997615814209,0.),(0.89999997615814209,2.),(0.,2.)));
#7088=IFCINDEXEDPOLYCURVE(#7087,(IFCLINEINDEX((1,2,3,4,1))),$);
#7089=IFCARBITRARYCLOSEDPROFILEDEF(.AREA.,$,#7088);
#7090=IFCCARTESIANPOINT((0.,-0.60000002384185791,0.));
#7091=IFCDIRECTION((0.,-1.,0.));
#7092=IFCDIRECTION((1.,0.,0.));
#7093=IFCAXIS2PLACEMENT3D(#7090,#7091,#7092);
#7094=IFCDIRECTION((0.,0.,-1.));
#7095=IFCEXTRUDEDAREASOLID(#7089,#7093,#7094,1.2);
#7096=IFCSHAPEREPRESENTATION(#11,'Body','SweptSolid',(#7095));
#7097=IFCCARTESIANPOINT((0.,0.,0.));
#7098=IFCDIRECTION((1.,0.,0.));
#7099=IFCDIRECTION((0.,0.,1.));
#7100=IFCAXIS2PLACEMENT3D(#7097,#7099,#7098);
#7101=IFCREPRESENTATIONMAP(#7100,#7096);
#7102=IFCCARTESIANPOINT((0.,0.,0.));
#7103=IFCDIRECTION((1.,0.,0.));
#7104=IFCDIRECTION((0.,1.,0.));
#7105=IFCDIRECTION((0.,0.,1.));
#7106=IFCCARTESIANTRANSFORMATIONOPERATOR3D(#7103,#7104,#7102,1.,#7105);
#7107=IFCMAPPEDITEM(#7101,#7106);
#7108=IFCSHAPEREPRESENTATION(#11,'Body','MappedRepresentation',(#7107));
#7109=IFCPRODUCTDEFINITIONSHAPE($,$,(#7108));
#7110=IFCRELVOIDSELEMENT('0jZSiidPr5hg2y24AGZ7Aj',$,$,$,#5764,#7081);
#7111=IFCCARTESIANPOINT((4.0005854292712408,0.099999521214957476,0.));
#7112=IFCDIRECTION((0.,0.,1.));
#7113=IFCDIRECTION((-0.99999999999997868,2.0663207322967565E-07,0.));
#7114=IFCAXIS2PLACEMENT3D(#7111,#7112,#7113);
#7115=IFCLOCALPLACEMENT(#10886,#7114);
#7116=IFCRELFILLSELEMENT('1wIOiJqUL2zwgyFIgHvqPt',$,$,$,#7081,#7057);
#7122=IFCDOORTYPE('2N2wFFEyn0yQzz5lbZbDIs',$,'BEDROOM-2-2F',$,$,(#7123),(#7125,#7133,#7211),$,$,.DOOR.,.SINGLE_SWING_LEFT.,$,$);
#7123=IFCPROPERTYSET('1emQnEDTP1muMp2Mf94RJa',$,'BBIM_Door',$,(#7124));
#7124=IFCPROPERTYSINGLEVALUE('Data',$,IFCTEXT('{"door_type": "SINGLE_SWING_RIGHT", "overall_height": 2.0, "overall_width": 0.8999999761581421, "lining_properties": {"lining_depth": 0.05000000074505806, "lining_thickness": 0.05000000074505806, "lining_offset": 0.0, "lining_to_panel_offset_x": 0.02500000037252903, "lining_to_panel_offset_y": 0.02500000037252903, "transom_thickness": 0.0, "casing_thickness": 0.07500000298023224, "casing_depth": 0.004999999888241291, "threshold_thickness": 0.02500000037252903, "threshold_depth": 0.10000000149011612, "threshold_offset": 0.0}, "panel_properties": {"panel_depth": 0.03500000014901161, "panel_width_ratio": 1.0}}'),$);
#7125=IFCREPRESENTATIONMAP(#7126,#7416);
#7126=IFCAXIS2PLACEMENT3D(#7127,#7128,#7129);
#7127=IFCCARTESIANPOINT((0.,0.,0.));
#7128=IFCDIRECTION((0.,0.,1.));
#7129=IFCDIRECTION((1.,0.,0.));
#7133=IFCREPRESENTATIONMAP(#7134,#7489);
#7134=IFCAXIS2PLACEMENT3D(#7135,#7136,#7137);
#7135=IFCCARTESIANPOINT((0.,0.,0.));
#7136=IFCDIRECTION((0.,0.,1.));
#7137=IFCDIRECTION((1.,0.,0.));
#7211=IFCREPRESENTATIONMAP(#7212,#7503);
#7212=IFCAXIS2PLACEMENT3D(#7213,#7214,#7215);
#7213=IFCCARTESIANPOINT((0.,0.,0.));
#7214=IFCDIRECTION((0.,0.,1.));
#7215=IFCDIRECTION((1.,0.,0.));
#7230=IFCDOOR('0P9_MVusXDvvresG6_SAdR',$,'Door',$,$,#7528,#7239,$,2.,0.89999997615814209,$,.SINGLE_SWING_RIGHT.,$);
#7231=IFCRELDEFINESBYTYPE('0c_7xmTa1DwgnnlZzX2nO$',$,$,$,(#7230),#7122);
#7232=IFCCARTESIANPOINT((0.,0.,0.));
#7233=IFCDIRECTION((1.,0.,0.));
#7234=IFCDIRECTION((0.,1.,0.));
#7235=IFCDIRECTION((0.,0.,1.));
#7236=IFCCARTESIANTRANSFORMATIONOPERATOR3D(#7233,#7234,#7232,1.,#7235);
#7237=IFCMAPPEDITEM(#7125,#7236);
#7238=IFCSHAPEREPRESENTATION(#18,'Profile','MappedRepresentation',(#7237));
#7239=IFCPRODUCTDEFINITIONSHAPE($,$,(#7238,#7246,#7253));
#7240=IFCCARTESIANPOINT((0.,0.,0.));
#7241=IFCDIRECTION((1.,0.,0.));
#7242=IFCDIRECTION((0.,1.,0.));
#7243=IFCDIRECTION((0.,0.,1.));
#7244=IFCCARTESIANTRANSFORMATIONOPERATOR3D(#7241,#7242,#7240,1.,#7243);
#7245=IFCMAPPEDITEM(#7133,#7244);
#7246=IFCSHAPEREPRESENTATION(#11,'Body','MappedRepresentation',(#7245));
#7247=IFCCARTESIANPOINT((0.,0.,0.));
#7248=IFCDIRECTION((1.,0.,0.));
#7249=IFCDIRECTION((0.,1.,0.));
#7250=IFCDIRECTION((0.,0.,1.));
#7251=IFCCARTESIANTRANSFORMATIONOPERATOR3D(#7248,#7249,#7247,1.,#7250);
#7252=IFCMAPPEDITEM(#7211,#7251);
#7253=IFCSHAPEREPRESENTATION(#24,'Body','MappedRepresentation',(#7252));
#7254=IFCOPENINGELEMENT('16T7lzpgn6bge$Bo5subs_',$,'Opening',$,$,#7523,#7282,$,.OPENING.);
#7270=IFCCARTESIANPOINT((0.,0.,0.));
#7271=IFCDIRECTION((1.,0.,0.));
#7272=IFCDIRECTION((0.,0.,1.));
#7273=IFCAXIS2PLACEMENT3D(#7270,#7272,#7271);
#7274=IFCREPRESENTATIONMAP(#7273,#7513);
#7275=IFCCARTESIANPOINT((0.,0.,0.));
#7276=IFCDIRECTION((1.,0.,0.));
#7277=IFCDIRECTION((0.,1.,0.));
#7278=IFCDIRECTION((0.,0.,1.));
#7279=IFCCARTESIANTRANSFORMATIONOPERATOR3D(#7276,#7277,#7275,1.,#7278);
#7280=IFCMAPPEDITEM(#7274,#7279);
#7281=IFCSHAPEREPRESENTATION(#11,'Body','MappedRepresentation',(#7280));
#7282=IFCPRODUCTDEFINITIONSHAPE($,$,(#7281));
#7283=IFCRELVOIDSELEMENT('2VqbslFqXE5AKF5SxpqFP2',$,$,$,#5910,#7254);
#7289=IFCRELFILLSELEMENT('2If1jEkPrA_w1orrmKiVu$',$,$,$,#7254,#7230);
#7298=IFCCARTESIANPOINTLIST2D(((0.,0.),(0.,2.),(0.89999997615814209,2.),(0.89999997615814209,0.),(0.87499997578561306,0.),(0.87499997578561306,1.974999999627471),(0.02500000037252903,1.974999999627471),(0.02500000037252903,0.)));
#7299=IFCINDEXEDPOLYCURVE(#7298,(IFCLINEINDEX((1,2,3,4,5,6,7,8,1))),$);
#7300=IFCARBITRARYCLOSEDPROFILEDEF(.AREA.,$,#7299);
#7301=IFCCARTESIANPOINT((0.,0.02500000037252903,0.));
#7302=IFCDIRECTION((0.,-1.,0.));
#7303=IFCDIRECTION((1.,0.,0.));
#7304=IFCAXIS2PLACEMENT3D(#7301,#7302,#7303);
#7305=IFCDIRECTION((0.,0.,-1.));
#7306=IFCEXTRUDEDAREASOLID(#7300,#7304,#7305,0.02500000037252903);
#7307=IFCCARTESIANPOINTLIST2D(((0.,0.),(0.,2.),(0.89999997615814209,2.),(0.89999997615814209,0.),(0.84999997541308403,0.),(0.84999997541308403,1.9499999992549419),(0.05000000074505806,1.9499999992549419),(0.05000000074505806,0.)));
#7308=IFCINDEXEDPOLYCURVE(#7307,(IFCLINEINDEX((1,2,3,4,5,6,7,8,1))),$);
#7309=IFCARBITRARYCLOSEDPROFILEDEF(.AREA.,$,#7308);
#7310=IFCCARTESIANPOINT((0.,0.,0.));
#7311=IFCDIRECTION((0.,-1.,0.));
#7312=IFCDIRECTION((1.,0.,0.));
#7313=IFCAXIS2PLACEMENT3D(#7310,#7311,#7312);
#7314=IFCDIRECTION((0.,0.,-1.));
#7315=IFCEXTRUDEDAREASOLID(#7309,#7313,#7314,0.02500000037252903);
#7316=IFCCARTESIANPOINTLIST2D(((0.,0.),(0.79999997466802597,0.),(0.79999997466802597,0.10000000149011612),(0.,0.10000000149011612)));
#7317=IFCINDEXEDPOLYCURVE(#7316,(IFCLINEINDEX((1,2,3,4,1))),$);
#7318=IFCARBITRARYCLOSEDPROFILEDEF(.AREA.,$,#7317);
#7319=IFCCARTESIANPOINT((0.05000000074505806,0.,0.));
#7320=IFCDIRECTION((0.,0.,1.));
#7321=IFCDIRECTION((1.,0.,0.));
#7322=IFCAXIS2PLACEMENT3D(#7319,#7320,#7321);
#7323=IFCDIRECTION((0.,0.,1.));
#7324=IFCEXTRUDEDAREASOLID(#7318,#7322,#7323,0.02500000037252903);
#7325=IFCCARTESIANPOINTLIST2D(((0.,0.),(0.,2.0250000022351742),(0.94999998062849045,2.0250000022351742),(0.94999998062849045,0.),(0.87499997764825821,0.),(0.87499997764825821,1.9499999992549419),(0.075000002980232239,1.9499999992549419),(0.075000002980232239,0.)));
#7326=IFCINDEXEDPOLYCURVE(#7325,(IFCLINEINDEX((1,2,3,4,5,6,7,8,1))),$);
#7327=IFCARBITRARYCLOSEDPROFILEDEF(.AREA.,$,#7326);
#7328=IFCCARTESIANPOINT((-0.025000002235174179,-0.004999999888241291,0.));
#7329=IFCDIRECTION((0.,-1.,0.));
#7330=IFCDIRECTION((1.,0.,0.));
#7331=IFCAXIS2PLACEMENT3D(#7328,#7329,#7330);
#7332=IFCDIRECTION((0.,0.,-1.));
#7333=IFCEXTRUDEDAREASOLID(#7327,#7331,#7332,0.004999999888241291);
#7334=IFCCARTESIANPOINTLIST2D(((0.,0.),(0.,2.0250000022351742),(0.94999998062849045,2.0250000022351742),(0.94999998062849045,0.),(0.89999997802078724,0.),(0.89999997802078724,1.974999999627471),(0.050000002607703209,1.974999999627471),(0.050000002607703209,0.)));
#7335=IFCINDEXEDPOLYCURVE(#7334,(IFCLINEINDEX((1,2,3,4,5,6,7,8,1))),$);
#7336=IFCARBITRARYCLOSEDPROFILEDEF(.AREA.,$,#7335);
#7337=IFCCARTESIANPOINT((-0.025000002235174179,0.05000000074505806,0.));
#7338=IFCDIRECTION((0.,-1.,0.));
#7339=IFCDIRECTION((1.,0.,0.));
#7340=IFCAXIS2PLACEMENT3D(#7337,#7338,#7339);
#7341=IFCDIRECTION((0.,0.,-1.));
#7342=IFCEXTRUDEDAREASOLID(#7336,#7340,#7341,0.004999999888241291);
#7343=IFCCARTESIANPOINTLIST2D(((0.,0.),(0.84999997541308403,0.),(0.84999997541308403,0.035000000149011612),(0.,0.035000000149011612)));
#7344=IFCINDEXEDPOLYCURVE(#7343,(IFCLINEINDEX((1,2,3,4,1))),$);
#7345=IFCARBITRARYCLOSEDPROFILEDEF(.AREA.,$,#7344);
#7346=IFCCARTESIANPOINT((0.02500000037252903,0.02500000037252903,0.02500000037252903));
#7347=IFCDIRECTION((0.,0.,1.));
#7348=IFCDIRECTION((1.,0.,0.));
#7349=IFCAXIS2PLACEMENT3D(#7346,#7347,#7348);
#7350=IFCDIRECTION((0.,0.,1.));
#7351=IFCEXTRUDEDAREASOLID(#7345,#7349,#7350,1.9499999992549419);
#7352=IFCCARTESIANPOINTLIST2D(((0.,0.),(0.,-0.040000000000000001),(0.12,-0.040000000000000001),(0.12,-0.02),(0.02,-0.02),(0.02,0.)));
#7353=IFCINDEXEDPOLYCURVE(#7352,(IFCLINEINDEX((1,2,3,4,5,6,1))),$);
#7354=IFCARBITRARYCLOSEDPROFILEDEF(.AREA.,$,#7353);
#7355=IFCCARTESIANPOINT((0.075000000372529033,0.02500000037252903,1.015000000372529));
#7356=IFCDIRECTION((0.,0.,1.));
#7357=IFCDIRECTION((1.,0.,0.));
#7358=IFCAXIS2PLACEMENT3D(#7355,#7356,#7357);
#7359=IFCDIRECTION((0.,0.,1.));
#7360=IFCEXTRUDEDAREASOLID(#7354,#7358,#7359,0.02);
#7361=IFCEXTRUDEDAREASOLID(#7362,#7365,#7369,0.02);
#7362=IFCARBITRARYCLOSEDPROFILEDEF(.AREA.,$,#7363);
#7363=IFCINDEXEDPOLYCURVE(#7364,(IFCLINEINDEX((1,2,3,4,5,6,1))),$);
#7364=IFCCARTESIANPOINTLIST2D(((0.,0.),(0.,0.040000000000000008),(0.11999999999999998,0.040000000000000008),(0.11999999999999998,0.020000000000000004),(0.020000000000000004,0.020000000000000004),(0.020000000000000004,0.)));
#7365=IFCAXIS2PLACEMENT3D(#7366,#7367,#7368);
#7366=IFCCARTESIANPOINT((0.075000000372529033,0.060000000521540642,1.015000000372529));
#7367=IFCDIRECTION((0.,0.,1.));
#7368=IFCDIRECTION((1.,0.,0.));
#7369=IFCDIRECTION((0.,0.,1.));
#7371=IFCSHAPEREPRESENTATION(#11,'Body','SweptSolid',(#7425,#7306,#7333,#7324,#7461,#7315,#7452,#7443,#7434,#7342));
#7372=IFCSHAPEASPECT((#7371),'Lining',$,.T.,#7239);
#7373=IFCSHAPEREPRESENTATION(#11,'Body','SweptSolid',(#7360,#7479,#7480,#7361,#7470,#7351));
#7374=IFCSHAPEASPECT((#7373),'Framing',$,.T.,#7239);
#7414=IFCCARTESIANPOINTLIST3D(((0.,0.,0.),(0.89999997615814209,0.,0.),(0.89999997615814209,0.,2.),(0.,0.,2.)));
#7415=IFCINDEXEDPOLYCURVE(#7414,(IFCLINEINDEX((1,2,3,4,1))),$);
#7416=IFCSHAPEREPRESENTATION(#18,'Profile','Curve3D',(#7415));
#7417=IFCCARTESIANPOINTLIST2D(((0.,0.),(0.,2.),(0.89999997615814209,2.),(0.89999997615814209,0.),(0.87499997578561306,0.),(0.87499997578561306,1.974999999627471),(0.02500000037252903,1.974999999627471),(0.02500000037252903,0.)));
#7418=IFCINDEXEDPOLYCURVE(#7417,(IFCLINEINDEX((1,2,3,4,5,6,7,8,1))),$);
#7419=IFCARBITRARYCLOSEDPROFILEDEF(.AREA.,$,#7418);
#7420=IFCCARTESIANPOINT((0.,0.02500000037252903,0.));
#7421=IFCDIRECTION((0.,-1.,0.));
#7422=IFCDIRECTION((1.,0.,0.));
#7423=IFCAXIS2PLACEMENT3D(#7420,#7421,#7422);
#7424=IFCDIRECTION((0.,0.,-1.));
#7425=IFCEXTRUDEDAREASOLID(#7419,#7423,#7424,0.02500000037252903);
#7426=IFCCARTESIANPOINTLIST2D(((0.,0.),(0.,2.),(0.89999997615814209,2.),(0.89999997615814209,0.),(0.84999997541308403,0.),(0.84999997541308403,1.9499999992549419),(0.05000000074505806,1.9499999992549419),(0.05000000074505806,0.)));
#7427=IFCINDEXEDPOLYCURVE(#7426,(IFCLINEINDEX((1,2,3,4,5,6,7,8,1))),$);
#7428=IFCARBITRARYCLOSEDPROFILEDEF(.AREA.,$,#7427);
#7429=IFCCARTESIANPOINT((0.,0.,0.));
#7430=IFCDIRECTION((0.,-1.,0.));
#7431=IFCDIRECTION((1.,0.,0.));
#7432=IFCAXIS2PLACEMENT3D(#7429,#7430,#7431);
#7433=IFCDIRECTION((0.,0.,-1.));
#7434=IFCEXTRUDEDAREASOLID(#7428,#7432,#7433,0.02500000037252903);
#7435=IFCCARTESIANPOINTLIST2D(((0.,0.),(0.79999997466802597,0.),(0.79999997466802597,0.10000000149011612),(0.,0.10000000149011612)));
#7436=IFCINDEXEDPOLYCURVE(#7435,(IFCLINEINDEX((1,2,3,4,1))),$);
#7437=IFCARBITRARYCLOSEDPROFILEDEF(.AREA.,$,#7436);
#7438=IFCCARTESIANPOINT((0.05000000074505806,0.,0.));
#7439=IFCDIRECTION((0.,0.,1.));
#7440=IFCDIRECTION((1.,0.,0.));
#7441=IFCAXIS2PLACEMENT3D(#7438,#7439,#7440);
#7442=IFCDIRECTION((0.,0.,1.));
#7443=IFCEXTRUDEDAREASOLID(#7437,#7441,#7442,0.02500000037252903);
#7444=IFCCARTESIANPOINTLIST2D(((0.,0.),(0.,2.0250000022351742),(0.94999998062849045,2.0250000022351742),(0.94999998062849045,0.),(0.87499997764825821,0.),(0.87499997764825821,1.9499999992549419),(0.075000002980232239,1.9499999992549419),(0.075000002980232239,0.)));
#7445=IFCINDEXEDPOLYCURVE(#7444,(IFCLINEINDEX((1,2,3,4,5,6,7,8,1))),$);
#7446=IFCARBITRARYCLOSEDPROFILEDEF(.AREA.,$,#7445);
#7447=IFCCARTESIANPOINT((-0.025000002235174179,-0.004999999888241291,0.));
#7448=IFCDIRECTION((0.,-1.,0.));
#7449=IFCDIRECTION((1.,0.,0.));
#7450=IFCAXIS2PLACEMENT3D(#7447,#7448,#7449);
#7451=IFCDIRECTION((0.,0.,-1.));
#7452=IFCEXTRUDEDAREASOLID(#7446,#7450,#7451,0.004999999888241291);
#7453=IFCCARTESIANPOINTLIST2D(((0.,0.),(0.,2.0250000022351742),(0.94999998062849045,2.0250000022351742),(0.94999998062849045,0.),(0.89999997802078724,0.),(0.89999997802078724,1.974999999627471),(0.050000002607703209,1.974999999627471),(0.050000002607703209,0.)));
#7454=IFCINDEXEDPOLYCURVE(#7453,(IFCLINEINDEX((1,2,3,4,5,6,7,8,1))),$);
#7455=IFCARBITRARYCLOSEDPROFILEDEF(.AREA.,$,#7454);
#7456=IFCCARTESIANPOINT((-0.025000002235174179,0.05000000074505806,0.));
#7457=IFCDIRECTION((0.,-1.,0.));
#7458=IFCDIRECTION((1.,0.,0.));
#7459=IFCAXIS2PLACEMENT3D(#7456,#7457,#7458);
#7460=IFCDIRECTION((0.,0.,-1.));
#7461=IFCEXTRUDEDAREASOLID(#7455,#7459,#7460,0.004999999888241291);
#7462=IFCCARTESIANPOINTLIST2D(((0.,0.),(0.84999997541308403,0.),(0.84999997541308403,0.035000000149011612),(0.,0.035000000149011612)));
#7463=IFCINDEXEDPOLYCURVE(#7462,(IFCLINEINDEX((1,2,3,4,1))),$);
#7464=IFCARBITRARYCLOSEDPROFILEDEF(.AREA.,$,#7463);
#7465=IFCCARTESIANPOINT((0.02500000037252903,0.02500000037252903,0.02500000037252903));
#7466=IFCDIRECTION((0.,0.,1.));
#7467=IFCDIRECTION((1.,0.,0.));
#7468=IFCAXIS2PLACEMENT3D(#7465,#7466,#7467);
#7469=IFCDIRECTION((0.,0.,1.));
#7470=IFCEXTRUDEDAREASOLID(#7464,#7468,#7469,1.9499999992549419);
#7471=IFCCARTESIANPOINTLIST2D(((0.,0.),(0.,-0.040000000000000001),(0.12,-0.040000000000000001),(0.12,-0.02),(0.02,-0.02),(0.02,0.)));
#7472=IFCINDEXEDPOLYCURVE(#7471,(IFCLINEINDEX((1,2,3,4,5,6,1))),$);
#7473=IFCARBITRARYCLOSEDPROFILEDEF(.AREA.,$,#7472);
#7474=IFCCARTESIANPOINT((0.075000000372529033,0.02500000037252903,1.015000000372529));
#7475=IFCDIRECTION((0.,0.,1.));
#7476=IFCDIRECTION((1.,0.,0.));
#7477=IFCAXIS2PLACEMENT3D(#7474,#7475,#7476);
#7478=IFCDIRECTION((0.,0.,1.));
#7479=IFCEXTRUDEDAREASOLID(#7473,#7477,#7478,0.02);
#7480=IFCEXTRUDEDAREASOLID(#7481,#7484,#7488,0.02);
#7481=IFCARBITRARYCLOSEDPROFILEDEF(.AREA.,$,#7482);
#7482=IFCINDEXEDPOLYCURVE(#7483,(IFCLINEINDEX((1,2,3,4,5,6,1))),$);
#7483=IFCCARTESIANPOINTLIST2D(((0.,0.),(0.,0.040000000000000008),(0.11999999999999998,0.040000000000000008),(0.11999999999999998,0.020000000000000004),(0.020000000000000004,0.020000000000000004),(0.020000000000000004,0.)));
#7484=IFCAXIS2PLACEMENT3D(#7485,#7486,#7487);
#7485=IFCCARTESIANPOINT((0.075000000372529033,0.060000000521540642,1.015000000372529));
#7486=IFCDIRECTION((0.,0.,1.));
#7487=IFCDIRECTION((1.,0.,0.));
#7488=IFCDIRECTION((0.,0.,1.));
#7489=IFCSHAPEREPRESENTATION(#11,'Body','SweptSolid',(#7425,#7434,#7470,#7479,#7480,#7443,#7452,#7461));
#7490=IFCCARTESIANPOINTLIST2D(((0.,0.),(0.,0.05000000074505806),(0.02500000037252903,0.05000000074505806),(0.02500000037252903,0.02500000037252903),(0.05000000074505806,0.02500000037252903),(0.05000000074505806,0.)));
#7491=IFCINDEXEDPOLYCURVE(#7490,(IFCLINEINDEX((1,2,3,4,5,6,1))),$);
#7492=IFCINDEXEDPOLYCURVE(#7493,(IFCLINEINDEX((1,2,3,4,5,6,1))),$);
#7493=IFCCARTESIANPOINTLIST2D(((0.89999997615814209,0.),(0.89999997615814209,0.05000000074505806),(0.87499997578561306,0.05000000074505806),(0.87499997578561306,0.02500000037252903),(0.84999997541308403,0.02500000037252903),(0.84999997541308403,0.)));
#7494=IFCDIRECTION((1.,0.));
#7495=IFCCARTESIANPOINT((0.83999997563660145,0.05000000074505806));
#7496=IFCAXIS2PLACEMENT2D(#7495,#7494);
#7497=IFCELLIPSE(#7496,0.81499997526407242,0.84999997541308403);
#7498=IFCCARTESIANPOINT((0.83999997563660145,0.89999997615814209));
#7499=IFCCARTESIANPOINT((0.02500000037252903,0.05000000074505806));
#7500=IFCTRIMMEDCURVE(#7497,(#7498),(#7499),.T.,.CARTESIAN.);
#7501=IFCCARTESIANPOINTLIST2D(((0.87499997578561306,0.05000000074505806),(0.83999997563660145,0.05000000074505806),(0.83999997563660145,0.89999997615814209),(0.87499997578561306,0.89999997615814209)));
#7502=IFCINDEXEDPOLYCURVE(#7501,(IFCLINEINDEX((1,2,3,4,1))),$);
#7503=IFCSHAPEREPRESENTATION(#24,'Body','Curve2D',(#7491,#7492,#7500,#7502));
#7504=IFCCARTESIANPOINTLIST2D(((0.,0.),(0.89999997615814209,0.),(0.89999997615814209,2.),(0.,2.)));
#7505=IFCINDEXEDPOLYCURVE(#7504,(IFCLINEINDEX((1,2,3,4,1))),$);
#7506=IFCARBITRARYCLOSEDPROFILEDEF(.AREA.,$,#7505);
#7507=IFCCARTESIANPOINT((0.,-0.60000002384185791,0.));
#7508=IFCDIRECTION((0.,-1.,0.));
#7509=IFCDIRECTION((1.,0.,0.));
#7510=IFCAXIS2PLACEMENT3D(#7507,#7508,#7509);
#7511=IFCDIRECTION((0.,0.,-1.));
#7512=IFCEXTRUDEDAREASOLID(#7506,#7510,#7511,1.2);
#7513=IFCSHAPEREPRESENTATION(#11,'Body','SweptSolid',(#7512));
#7519=IFCCARTESIANPOINT((2.6681636558770849,0.014999980534581348,0.));
#7520=IFCDIRECTION((0.,0.,1.));
#7521=IFCDIRECTION((0.99999999999995448,-3.0199159084529453E-07,0.));
#7522=IFCAXIS2PLACEMENT3D(#7519,#7520,#7521);
#7523=IFCLOCALPLACEMENT(#10896,#7522);
#7524=IFCCARTESIANPOINT((1.3322676295501878E-15,0.,0.));
#7525=IFCDIRECTION((0.,0.,1.));
#7526=IFCDIRECTION((1.,-5.2939559203393771E-23,0.));
#7527=IFCAXIS2PLACEMENT3D(#7524,#7525,#7526);
#7528=IFCLOCALPLACEMENT(#7523,#7527);
#7529=IFCDOORTYPE('2rO2tlP3DClQ0_dEP81p$4',$,'BALCONY-1-2F',$,$,(#7530),(#7532,#7540,#7618),$,$,.DOOR.,.SINGLE_SWING_LEFT.,$,$);
#7530=IFCPROPERTYSET('0qQs5xzeX1JfYG4S22mpuw',$,'BBIM_Door',$,(#7531));
#7531=IFCPROPERTYSINGLEVALUE('Data',$,IFCTEXT('{"door_type": "SINGLE_SWING_LEFT", "overall_height": 2.0, "overall_width": 0.8226578235626221, "lining_properties": {"lining_depth": 0.05000000074505806, "lining_thickness": 0.05000000074505806, "lining_offset": 0.0, "lining_to_panel_offset_x": 0.02500000037252903, "lining_to_panel_offset_y": 0.02500000037252903, "transom_thickness": 0.0, "casing_thickness": 0.07500000298023224, "casing_depth": 0.004999999888241291, "threshold_thickness": 0.02500000037252903, "threshold_depth": 0.10000000149011612, "threshold_offset": 0.0}, "panel_properties": {"panel_depth": 0.03500000014901161, "panel_width_ratio": 1.0}}'),$);
#7532=IFCREPRESENTATIONMAP(#7533,#7823);
#7533=IFCAXIS2PLACEMENT3D(#7534,#7535,#7536);
#7534=IFCCARTESIANPOINT((0.,0.,0.));
#7535=IFCDIRECTION((0.,0.,1.));
#7536=IFCDIRECTION((1.,0.,0.));
#7540=IFCREPRESENTATIONMAP(#7541,#7896);
#7541=IFCAXIS2PLACEMENT3D(#7542,#7543,#7544);
#7542=IFCCARTESIANPOINT((0.,0.,0.));
#7543=IFCDIRECTION((0.,0.,1.));
#7544=IFCDIRECTION((1.,0.,0.));
#7618=IFCREPRESENTATIONMAP(#7619,#7910);
#7619=IFCAXIS2PLACEMENT3D(#7620,#7621,#7622);
#7620=IFCCARTESIANPOINT((0.,0.,0.));
#7621=IFCDIRECTION((0.,0.,1.));
#7622=IFCDIRECTION((1.,0.,0.));
#7637=IFCDOOR('2UndGvkwH5kwztQ7USgxD3',$,'Door',$,$,#7935,#7646,$,2.,0.82265782356262207,$,.SINGLE_SWING_LEFT.,$);
#7638=IFCRELDEFINESBYTYPE('0RxIeB2uHBZBpt6fxk8o$f',$,$,$,(#7637),#7529);
#7639=IFCCARTESIANPOINT((0.,0.,0.));
#7640=IFCDIRECTION((1.,0.,0.));
#7641=IFCDIRECTION((0.,1.,0.));
#7642=IFCDIRECTION((0.,0.,1.));
#7643=IFCCARTESIANTRANSFORMATIONOPERATOR3D(#7640,#7641,#7639,1.,#7642);
#7644=IFCMAPPEDITEM(#7532,#7643);
#7645=IFCSHAPEREPRESENTATION(#18,'Profile','MappedRepresentation',(#7644));
#7646=IFCPRODUCTDEFINITIONSHAPE($,$,(#7645,#7653,#7660));
#7647=IFCCARTESIANPOINT((0.,0.,0.));
#7648=IFCDIRECTION((1.,0.,0.));
#7649=IFCDIRECTION((0.,1.,0.));
#7650=IFCDIRECTION((0.,0.,1.));
#7651=IFCCARTESIANTRANSFORMATIONOPERATOR3D(#7648,#7649,#7647,1.,#7650);
#7652=IFCMAPPEDITEM(#7540,#7651);
#7653=IFCSHAPEREPRESENTATION(#11,'Body','MappedRepresentation',(#7652));
#7654=IFCCARTESIANPOINT((0.,0.,0.));
#7655=IFCDIRECTION((1.,0.,0.));
#7656=IFCDIRECTION((0.,1.,0.));
#7657=IFCDIRECTION((0.,0.,1.));
#7658=IFCCARTESIANTRANSFORMATIONOPERATOR3D(#7655,#7656,#7654,1.,#7657);
#7659=IFCMAPPEDITEM(#7618,#7658);
#7660=IFCSHAPEREPRESENTATION(#24,'Body','MappedRepresentation',(#7659));
#7661=IFCOPENINGELEMENT('3WjmAc8XvFbPiuxUe2l9Je',$,'Opening',$,$,#7930,#7689,$,.OPENING.);
#7677=IFCCARTESIANPOINT((0.,0.,0.));
#7678=IFCDIRECTION((1.,0.,0.));
#7679=IFCDIRECTION((0.,0.,1.));
#7680=IFCAXIS2PLACEMENT3D(#7677,#7679,#7678);
#7681=IFCREPRESENTATIONMAP(#7680,#7920);
#7682=IFCCARTESIANPOINT((0.,0.,0.));
#7683=IFCDIRECTION((1.,0.,0.));
#7684=IFCDIRECTION((0.,1.,0.));
#7685=IFCDIRECTION((0.,0.,1.));
#7686=IFCCARTESIANTRANSFORMATIONOPERATOR3D(#7683,#7684,#7682,1.,#7685);
#7687=IFCMAPPEDITEM(#7681,#7686);
#7688=IFCSHAPEREPRESENTATION(#11,'Body','MappedRepresentation',(#7687));
#7689=IFCPRODUCTDEFINITIONSHAPE($,$,(#7688));
#7690=IFCRELVOIDSELEMENT('2$qdsyshHFzOFEI4z7oUOA',$,$,$,#5061,#7661);
#7696=IFCRELFILLSELEMENT('1abJT7yDLEu8aVIcn8NwRj',$,$,$,#7661,#7637);
#7705=IFCCARTESIANPOINTLIST2D(((0.,0.),(0.,2.),(0.82265782356262207,2.),(0.82265782356262207,0.),(0.79765782319009304,0.),(0.79765782319009304,1.974999999627471),(0.02500000037252903,1.974999999627471),(0.02500000037252903,0.)));
#7706=IFCINDEXEDPOLYCURVE(#7705,(IFCLINEINDEX((1,2,3,4,5,6,7,8,1))),$);
#7707=IFCARBITRARYCLOSEDPROFILEDEF(.AREA.,$,#7706);
#7708=IFCCARTESIANPOINT((0.,0.02500000037252903,0.));
#7709=IFCDIRECTION((0.,-1.,0.));
#7710=IFCDIRECTION((1.,0.,0.));
#7711=IFCAXIS2PLACEMENT3D(#7708,#7709,#7710);
#7712=IFCDIRECTION((0.,0.,-1.));
#7713=IFCEXTRUDEDAREASOLID(#7707,#7711,#7712,0.02500000037252903);
#7714=IFCCARTESIANPOINTLIST2D(((0.,0.),(0.,2.),(0.82265782356262207,2.),(0.82265782356262207,0.),(0.77265782281756401,0.),(0.77265782281756401,1.9499999992549419),(0.05000000074505806,1.9499999992549419),(0.05000000074505806,0.)));
#7715=IFCINDEXEDPOLYCURVE(#7714,(IFCLINEINDEX((1,2,3,4,5,6,7,8,1))),$);
#7716=IFCARBITRARYCLOSEDPROFILEDEF(.AREA.,$,#7715);
#7717=IFCCARTESIANPOINT((0.,0.,0.));
#7718=IFCDIRECTION((0.,-1.,0.));
#7719=IFCDIRECTION((1.,0.,0.));
#7720=IFCAXIS2PLACEMENT3D(#7717,#7718,#7719);
#7721=IFCDIRECTION((0.,0.,-1.));
#7722=IFCEXTRUDEDAREASOLID(#7716,#7720,#7721,0.02500000037252903);
#7723=IFCCARTESIANPOINTLIST2D(((0.,0.),(0.72265782207250595,0.),(0.72265782207250595,0.10000000149011612),(0.,0.10000000149011612)));
#7724=IFCINDEXEDPOLYCURVE(#7723,(IFCLINEINDEX((1,2,3,4,1))),$);
#7725=IFCARBITRARYCLOSEDPROFILEDEF(.AREA.,$,#7724);
#7726=IFCCARTESIANPOINT((0.05000000074505806,0.,0.));
#7727=IFCDIRECTION((0.,0.,1.));
#7728=IFCDIRECTION((1.,0.,0.));
#7729=IFCAXIS2PLACEMENT3D(#7726,#7727,#7728);
#7730=IFCDIRECTION((0.,0.,1.));
#7731=IFCEXTRUDEDAREASOLID(#7725,#7729,#7730,0.02500000037252903);
#7732=IFCCARTESIANPOINTLIST2D(((0.,0.),(0.,2.0250000022351742),(0.87265782803297043,2.0250000022351742),(0.87265782803297043,0.),(0.79765782505273819,0.),(0.79765782505273819,1.9499999992549419),(0.075000002980232239,1.9499999992549419),(0.075000002980232239,0.)));
#7733=IFCINDEXEDPOLYCURVE(#7732,(IFCLINEINDEX((1,2,3,4,5,6,7,8,1))),$);
#7734=IFCARBITRARYCLOSEDPROFILEDEF(.AREA.,$,#7733);
#7735=IFCCARTESIANPOINT((-0.025000002235174179,-0.004999999888241291,0.));
#7736=IFCDIRECTION((0.,-1.,0.));
#7737=IFCDIRECTION((1.,0.,0.));
#7738=IFCAXIS2PLACEMENT3D(#7735,#7736,#7737);
#7739=IFCDIRECTION((0.,0.,-1.));
#7740=IFCEXTRUDEDAREASOLID(#7734,#7738,#7739,0.004999999888241291);
#7741=IFCCARTESIANPOINTLIST2D(((0.,0.),(0.,2.0250000022351742),(0.87265782803297043,2.0250000022351742),(0.87265782803297043,0.),(0.82265782542526722,0.),(0.82265782542526722,1.974999999627471),(0.050000002607703209,1.974999999627471),(0.050000002607703209,0.)));
#7742=IFCINDEXEDPOLYCURVE(#7741,(IFCLINEINDEX((1,2,3,4,5,6,7,8,1))),$);
#7743=IFCARBITRARYCLOSEDPROFILEDEF(.AREA.,$,#7742);
#7744=IFCCARTESIANPOINT((-0.025000002235174179,0.05000000074505806,0.));
#7745=IFCDIRECTION((0.,-1.,0.));
#7746=IFCDIRECTION((1.,0.,0.));
#7747=IFCAXIS2PLACEMENT3D(#7744,#7745,#7746);
#7748=IFCDIRECTION((0.,0.,-1.));
#7749=IFCEXTRUDEDAREASOLID(#7743,#7747,#7748,0.004999999888241291);
#7750=IFCCARTESIANPOINTLIST2D(((0.,0.),(0.77265782281756401,0.),(0.77265782281756401,0.035000000149011612),(0.,0.035000000149011612)));
#7751=IFCINDEXEDPOLYCURVE(#7750,(IFCLINEINDEX((1,2,3,4,1))),$);
#7752=IFCARBITRARYCLOSEDPROFILEDEF(.AREA.,$,#7751);
#7753=IFCCARTESIANPOINT((0.02500000037252903,0.02500000037252903,0.02500000037252903));
#7754=IFCDIRECTION((0.,0.,1.));
#7755=IFCDIRECTION((1.,0.,0.));
#7756=IFCAXIS2PLACEMENT3D(#7753,#7754,#7755);
#7757=IFCDIRECTION((0.,0.,1.));
#7758=IFCEXTRUDEDAREASOLID(#7752,#7756,#7757,1.9499999992549419);
#7759=IFCCARTESIANPOINTLIST2D(((0.,0.),(0.,-0.040000000000000001),(0.12,-0.040000000000000001),(0.12,-0.02),(0.02,-0.02),(0.02,0.)));
#7760=IFCINDEXEDPOLYCURVE(#7759,(IFCLINEINDEX((1,2,3,4,5,6,1))),$);
#7761=IFCARBITRARYCLOSEDPROFILEDEF(.AREA.,$,#7760);
#7762=IFCCARTESIANPOINT((0.075000000372529033,0.02500000037252903,1.015000000372529));
#7763=IFCDIRECTION((0.,0.,1.));
#7764=IFCDIRECTION((1.,0.,0.));
#7765=IFCAXIS2PLACEMENT3D(#7762,#7763,#7764);
#7766=IFCDIRECTION((0.,0.,1.));
#7767=IFCEXTRUDEDAREASOLID(#7761,#7765,#7766,0.02);
#7768=IFCEXTRUDEDAREASOLID(#7769,#7772,#7776,0.02);
#7769=IFCARBITRARYCLOSEDPROFILEDEF(.AREA.,$,#7770);
#7770=IFCINDEXEDPOLYCURVE(#7771,(IFCLINEINDEX((1,2,3,4,5,6,1))),$);
#7771=IFCCARTESIANPOINTLIST2D(((0.,0.),(0.,0.040000000000000008),(0.11999999999999998,0.040000000000000008),(0.11999999999999998,0.020000000000000004),(0.020000000000000004,0.020000000000000004),(0.020000000000000004,0.)));
#7772=IFCAXIS2PLACEMENT3D(#7773,#7774,#7775);
#7773=IFCCARTESIANPOINT((0.075000000372529033,0.060000000521540642,1.015000000372529));
#7774=IFCDIRECTION((0.,0.,1.));
#7775=IFCDIRECTION((1.,0.,0.));
#7776=IFCDIRECTION((0.,0.,1.));
#7778=IFCSHAPEREPRESENTATION(#11,'Body','SweptSolid',(#7859,#7868,#7749,#7722,#7850,#7832,#7740,#7713,#7841,#7731));
#7779=IFCSHAPEASPECT((#7778),'Lining',$,.T.,#7646);
#7780=IFCSHAPEREPRESENTATION(#11,'Body','SweptSolid',(#7887,#7877,#7767,#7768,#7758,#7886));
#7781=IFCSHAPEASPECT((#7780),'Framing',$,.T.,#7646);
#7821=IFCCARTESIANPOINTLIST3D(((0.,0.,0.),(0.82265782356262207,0.,0.),(0.82265782356262207,0.,2.),(0.,0.,2.)));
#7822=IFCINDEXEDPOLYCURVE(#7821,(IFCLINEINDEX((1,2,3,4,1))),$);
#7823=IFCSHAPEREPRESENTATION(#18,'Profile','Curve3D',(#7822));
#7824=IFCCARTESIANPOINTLIST2D(((0.,0.),(0.,2.),(0.82265782356262207,2.),(0.82265782356262207,0.),(0.79765782319009304,0.),(0.79765782319009304,1.974999999627471),(0.02500000037252903,1.974999999627471),(0.02500000037252903,0.)));
#7825=IFCINDEXEDPOLYCURVE(#7824,(IFCLINEINDEX((1,2,3,4,5,6,7,8,1))),$);
#7826=IFCARBITRARYCLOSEDPROFILEDEF(.AREA.,$,#7825);
#7827=IFCCARTESIANPOINT((0.,0.02500000037252903,0.));
#7828=IFCDIRECTION((0.,-1.,0.));
#7829=IFCDIRECTION((1.,0.,0.));
#7830=IFCAXIS2PLACEMENT3D(#7827,#7828,#7829);
#7831=IFCDIRECTION((0.,0.,-1.));
#7832=IFCEXTRUDEDAREASOLID(#7826,#7830,#7831,0.02500000037252903);
#7833=IFCCARTESIANPOINTLIST2D(((0.,0.),(0.,2.),(0.82265782356262207,2.),(0.82265782356262207,0.),(0.77265782281756401,0.),(0.77265782281756401,1.9499999992549419),(0.05000000074505806,1.9499999992549419),(0.05000000074505806,0.)));
#7834=IFCINDEXEDPOLYCURVE(#7833,(IFCLINEINDEX((1,2,3,4,5,6,7,8,1))),$);
#7835=IFCARBITRARYCLOSEDPROFILEDEF(.AREA.,$,#7834);
#7836=IFCCARTESIANPOINT((0.,0.,0.));
#7837=IFCDIRECTION((0.,-1.,0.));
#7838=IFCDIRECTION((1.,0.,0.));
#7839=IFCAXIS2PLACEMENT3D(#7836,#7837,#7838);
#7840=IFCDIRECTION((0.,0.,-1.));
#7841=IFCEXTRUDEDAREASOLID(#7835,#7839,#7840,0.02500000037252903);
#7842=IFCCARTESIANPOINTLIST2D(((0.,0.),(0.72265782207250595,0.),(0.72265782207250595,0.10000000149011612),(0.,0.10000000149011612)));
#7843=IFCINDEXEDPOLYCURVE(#7842,(IFCLINEINDEX((1,2,3,4,1))),$);
#7844=IFCARBITRARYCLOSEDPROFILEDEF(.AREA.,$,#7843);
#7845=IFCCARTESIANPOINT((0.05000000074505806,0.,0.));
#7846=IFCDIRECTION((0.,0.,1.));
#7847=IFCDIRECTION((1.,0.,0.));
#7848=IFCAXIS2PLACEMENT3D(#7845,#7846,#7847);
#7849=IFCDIRECTION((0.,0.,1.));
#7850=IFCEXTRUDEDAREASOLID(#7844,#7848,#7849,0.02500000037252903);
#7851=IFCCARTESIANPOINTLIST2D(((0.,0.),(0.,2.0250000022351742),(0.87265782803297043,2.0250000022351742),(0.87265782803297043,0.),(0.79765782505273819,0.),(0.79765782505273819,1.9499999992549419),(0.075000002980232239,1.9499999992549419),(0.075000002980232239,0.)));
#7852=IFCINDEXEDPOLYCURVE(#7851,(IFCLINEINDEX((1,2,3,4,5,6,7,8,1))),$);
#7853=IFCARBITRARYCLOSEDPROFILEDEF(.AREA.,$,#7852);
#7854=IFCCARTESIANPOINT((-0.025000002235174179,-0.004999999888241291,0.));
#7855=IFCDIRECTION((0.,-1.,0.));
#7856=IFCDIRECTION((1.,0.,0.));
#7857=IFCAXIS2PLACEMENT3D(#7854,#7855,#7856);
#7858=IFCDIRECTION((0.,0.,-1.));
#7859=IFCEXTRUDEDAREASOLID(#7853,#7857,#7858,0.004999999888241291);
#7860=IFCCARTESIANPOINTLIST2D(((0.,0.),(0.,2.0250000022351742),(0.87265782803297043,2.0250000022351742),(0.87265782803297043,0.),(0.82265782542526722,0.),(0.82265782542526722,1.974999999627471),(0.050000002607703209,1.974999999627471),(0.050000002607703209,0.)));
#7861=IFCINDEXEDPOLYCURVE(#7860,(IFCLINEINDEX((1,2,3,4,5,6,7,8,1))),$);
#7862=IFCARBITRARYCLOSEDPROFILEDEF(.AREA.,$,#7861);
#7863=IFCCARTESIANPOINT((-0.025000002235174179,0.05000000074505806,0.));
#7864=IFCDIRECTION((0.,-1.,0.));
#7865=IFCDIRECTION((1.,0.,0.));
#7866=IFCAXIS2PLACEMENT3D(#7863,#7864,#7865);
#7867=IFCDIRECTION((0.,0.,-1.));
#7868=IFCEXTRUDEDAREASOLID(#7862,#7866,#7867,0.004999999888241291);
#7869=IFCCARTESIANPOINTLIST2D(((0.,0.),(0.77265782281756401,0.),(0.77265782281756401,0.035000000149011612),(0.,0.035000000149011612)));
#7870=IFCINDEXEDPOLYCURVE(#7869,(IFCLINEINDEX((1,2,3,4,1))),$);
#7871=IFCARBITRARYCLOSEDPROFILEDEF(.AREA.,$,#7870);
#7872=IFCCARTESIANPOINT((0.02500000037252903,0.02500000037252903,0.02500000037252903));
#7873=IFCDIRECTION((0.,0.,1.));
#7874=IFCDIRECTION((1.,0.,0.));
#7875=IFCAXIS2PLACEMENT3D(#7872,#7873,#7874);
#7876=IFCDIRECTION((0.,0.,1.));
#7877=IFCEXTRUDEDAREASOLID(#7871,#7875,#7876,1.9499999992549419);
#7878=IFCCARTESIANPOINTLIST2D(((0.,0.),(0.,-0.040000000000000001),(-0.11999999999999988,-0.040000000000000001),(-0.11999999999999988,-0.02),(-0.020000000000000018,-0.02),(-0.020000000000000018,0.)));
#7879=IFCINDEXEDPOLYCURVE(#7878,(IFCLINEINDEX((1,2,3,4,5,6,1))),$);
#7880=IFCARBITRARYCLOSEDPROFILEDEF(.AREA.,$,#7879);
#7881=IFCCARTESIANPOINT((0.747657823190093,0.02500000037252903,1.015000000372529));
#7882=IFCDIRECTION((0.,0.,1.));
#7883=IFCDIRECTION((1.,0.,0.));
#7884=IFCAXIS2PLACEMENT3D(#7881,#7882,#7883);
#7885=IFCDIRECTION((0.,0.,1.));
#7886=IFCEXTRUDEDAREASOLID(#7880,#7884,#7885,0.02);
#7887=IFCEXTRUDEDAREASOLID(#7888,#7891,#7895,0.02);
#7888=IFCARBITRARYCLOSEDPROFILEDEF(.AREA.,$,#7889);
#7889=IFCINDEXEDPOLYCURVE(#7890,(IFCLINEINDEX((1,2,3,4,5,6,1))),$);
#7890=IFCCARTESIANPOINTLIST2D(((0.,0.),(0.,0.040000000000000008),(-0.11999999999999988,0.040000000000000008),(-0.11999999999999988,0.020000000000000004),(-0.020000000000000018,0.020000000000000004),(-0.020000000000000018,0.)));
#7891=IFCAXIS2PLACEMENT3D(#7892,#7893,#7894);
#7892=IFCCARTESIANPOINT((0.747657823190093,0.060000000521540642,1.015000000372529));
#7893=IFCDIRECTION((0.,0.,1.));
#7894=IFCDIRECTION((1.,0.,0.));
#7895=IFCDIRECTION((0.,0.,1.));
#7896=IFCSHAPEREPRESENTATION(#11,'Body','SweptSolid',(#7832,#7841,#7877,#7886,#7887,#7850,#7859,#7868));
#7897=IFCCARTESIANPOINTLIST2D(((0.,0.),(0.,0.05000000074505806),(0.02500000037252903,0.05000000074505806),(0.02500000037252903,0.02500000037252903),(0.05000000074505806,0.02500000037252903),(0.05000000074505806,0.)));
#7898=IFCINDEXEDPOLYCURVE(#7897,(IFCLINEINDEX((1,2,3,4,5,6,1))),$);
#7899=IFCINDEXEDPOLYCURVE(#7900,(IFCLINEINDEX((1,2,3,4,5,6,1))),$);
#7900=IFCCARTESIANPOINTLIST2D(((0.82265782356262207,0.),(0.82265782356262207,0.05000000074505806),(0.79765782319009304,0.05000000074505806),(0.79765782319009304,0.02500000037252903),(0.77265782281756401,0.02500000037252903),(0.77265782281756401,0.)));
#7901=IFCDIRECTION((1.,0.));
#7902=IFCCARTESIANPOINT((0.060000000521540642,0.05000000074505806));
#7903=IFCAXIS2PLACEMENT2D(#7902,#7901);
#7904=IFCELLIPSE(#7903,0.7376578226685524,0.77265782281756401);
#7905=IFCCARTESIANPOINT((0.79765782319009304,0.05000000074505806));
#7906=IFCCARTESIANPOINT((0.060000000521540642,0.82265782356262207));
#7907=IFCTRIMMEDCURVE(#7904,(#7905),(#7906),.T.,.CARTESIAN.);
#7908=IFCCARTESIANPOINTLIST2D(((0.02500000037252903,0.05000000074505806),(0.060000000521540642,0.05000000074505806),(0.060000000521540642,0.82265782356262207),(0.02500000037252903,0.82265782356262207)));
#7909=IFCINDEXEDPOLYCURVE(#7908,(IFCLINEINDEX((1,2,3,4,1))),$);
#7910=IFCSHAPEREPRESENTATION(#24,'Body','Curve2D',(#7898,#7899,#7907,#7909));
#7911=IFCCARTESIANPOINTLIST2D(((0.,0.),(0.82265782356262207,0.),(0.82265782356262207,2.),(0.,2.)));
#7912=IFCINDEXEDPOLYCURVE(#7911,(IFCLINEINDEX((1,2,3,4,1))),$);
#7913=IFCARBITRARYCLOSEDPROFILEDEF(.AREA.,$,#7912);
#7914=IFCCARTESIANPOINT((0.,-0.60000002384185791,0.));
#7915=IFCDIRECTION((0.,-1.,0.));
#7916=IFCDIRECTION((1.,0.,0.));
#7917=IFCAXIS2PLACEMENT3D(#7914,#7915,#7916);
#7918=IFCDIRECTION((0.,0.,-1.));
#7919=IFCEXTRUDEDAREASOLID(#7913,#7917,#7918,1.2);
#7920=IFCSHAPEREPRESENTATION(#11,'Body','SweptSolid',(#7919));
#7926=IFCCARTESIANPOINT((0.27471361559666169,0.015000104904174805,0.));
#7927=IFCDIRECTION((0.,0.,1.));
#7928=IFCDIRECTION((0.99999999999997158,-2.3841857910155572E-07,0.));
#7929=IFCAXIS2PLACEMENT3D(#7926,#7927,#7928);
#7930=IFCLOCALPLACEMENT(#10866,#7929);
#7931=IFCCARTESIANPOINT((1.1102230246251565E-16,0.,0.));
#7932=IFCDIRECTION((0.,0.,1.));
#7933=IFCDIRECTION((1.,2.6469779601696886E-23,0.));
#7934=IFCAXIS2PLACEMENT3D(#7931,#7932,#7933);
#7935=IFCLOCALPLACEMENT(#7930,#7934);
#7946=IFCCARTESIANPOINTLIST3D(((0.,0.,0.),(0.69942295551300049,0.,0.),(0.69942295551300049,0.,2.),(0.,0.,2.)));
#7947=IFCINDEXEDPOLYCURVE(#7946,(IFCLINEINDEX((1,2,3,4,1))),$);
#7948=IFCSHAPEREPRESENTATION(#18,'Profile','Curve3D',(#7947));
#7949=IFCCARTESIANPOINTLIST2D(((0.,0.),(0.,2.),(0.69942295551300049,2.),(0.69942295551300049,0.),(0.67442295514047146,0.),(0.67442295514047146,1.974999999627471),(0.02500000037252903,1.974999999627471),(0.02500000037252903,0.)));
#7950=IFCINDEXEDPOLYCURVE(#7949,(IFCLINEINDEX((1,2,3,4,5,6,7,8,1))),$);
#7951=IFCARBITRARYCLOSEDPROFILEDEF(.AREA.,$,#7950);
#7952=IFCCARTESIANPOINT((0.,0.02500000037252903,0.));
#7953=IFCDIRECTION((0.,-1.,0.));
#7954=IFCDIRECTION((1.,0.,0.));
#7955=IFCAXIS2PLACEMENT3D(#7952,#7953,#7954);
#7956=IFCDIRECTION((0.,0.,-1.));
#7957=IFCEXTRUDEDAREASOLID(#7951,#7955,#7956,0.02500000037252903);
#7958=IFCCARTESIANPOINTLIST2D(((0.,0.),(0.,2.),(0.69942295551300049,2.),(0.69942295551300049,0.),(0.64942295476794243,0.),(0.64942295476794243,1.9499999992549419),(0.05000000074505806,1.9499999992549419),(0.05000000074505806,0.)));
#7959=IFCINDEXEDPOLYCURVE(#7958,(IFCLINEINDEX((1,2,3,4,5,6,7,8,1))),$);
#7960=IFCARBITRARYCLOSEDPROFILEDEF(.AREA.,$,#7959);
#7961=IFCCARTESIANPOINT((0.,0.,0.));
#7962=IFCDIRECTION((0.,-1.,0.));
#7963=IFCDIRECTION((1.,0.,0.));
#7964=IFCAXIS2PLACEMENT3D(#7961,#7962,#7963);
#7965=IFCDIRECTION((0.,0.,-1.));
#7966=IFCEXTRUDEDAREASOLID(#7960,#7964,#7965,0.02500000037252903);
#7967=IFCCARTESIANPOINTLIST2D(((0.,0.),(0.59942295402288437,0.),(0.59942295402288437,0.10000000149011612),(0.,0.10000000149011612)));
#7968=IFCINDEXEDPOLYCURVE(#7967,(IFCLINEINDEX((1,2,3,4,1))),$);
#7969=IFCARBITRARYCLOSEDPROFILEDEF(.AREA.,$,#7968);
#7970=IFCCARTESIANPOINT((0.05000000074505806,0.,0.));
#7971=IFCDIRECTION((0.,0.,1.));
#7972=IFCDIRECTION((1.,0.,0.));
#7973=IFCAXIS2PLACEMENT3D(#7970,#7971,#7972);
#7974=IFCDIRECTION((0.,0.,1.));
#7975=IFCEXTRUDEDAREASOLID(#7969,#7973,#7974,0.02500000037252903);
#7976=IFCCARTESIANPOINTLIST2D(((0.,0.),(0.,2.0250000022351742),(0.74942295998334885,2.0250000022351742),(0.74942295998334885,0.),(0.67442295700311661,0.),(0.67442295700311661,1.9499999992549419),(0.075000002980232239,1.9499999992549419),(0.075000002980232239,0.)));
#7977=IFCINDEXEDPOLYCURVE(#7976,(IFCLINEINDEX((1,2,3,4,5,6,7,8,1))),$);
#7978=IFCARBITRARYCLOSEDPROFILEDEF(.AREA.,$,#7977);
#7979=IFCCARTESIANPOINT((-0.025000002235174179,-0.004999999888241291,0.));
#7980=IFCDIRECTION((0.,-1.,0.));
#7981=IFCDIRECTION((1.,0.,0.));
#7982=IFCAXIS2PLACEMENT3D(#7979,#7980,#7981);
#7983=IFCDIRECTION((0.,0.,-1.));
#7984=IFCEXTRUDEDAREASOLID(#7978,#7982,#7983,0.004999999888241291);
#7985=IFCCARTESIANPOINTLIST2D(((0.,0.),(0.,2.0250000022351742),(0.74942295998334885,2.0250000022351742),(0.74942295998334885,0.),(0.69942295737564564,0.),(0.69942295737564564,1.974999999627471),(0.050000002607703209,1.974999999627471),(0.050000002607703209,0.)));
#7986=IFCINDEXEDPOLYCURVE(#7985,(IFCLINEINDEX((1,2,3,4,5,6,7,8,1))),$);
#7987=IFCARBITRARYCLOSEDPROFILEDEF(.AREA.,$,#7986);
#7988=IFCCARTESIANPOINT((-0.025000002235174179,0.05000000074505806,0.));
#7989=IFCDIRECTION((0.,-1.,0.));
#7990=IFCDIRECTION((1.,0.,0.));
#7991=IFCAXIS2PLACEMENT3D(#7988,#7989,#7990);
#7992=IFCDIRECTION((0.,0.,-1.));
#7993=IFCEXTRUDEDAREASOLID(#7987,#7991,#7992,0.004999999888241291);
#7994=IFCCARTESIANPOINTLIST2D(((0.,0.),(0.64942295476794243,0.),(0.64942295476794243,0.035000000149011612),(0.,0.035000000149011612)));
#7995=IFCINDEXEDPOLYCURVE(#7994,(IFCLINEINDEX((1,2,3,4,1))),$);
#7996=IFCARBITRARYCLOSEDPROFILEDEF(.AREA.,$,#7995);
#7997=IFCCARTESIANPOINT((0.02500000037252903,0.02500000037252903,0.02500000037252903));
#7998=IFCDIRECTION((0.,0.,1.));
#7999=IFCDIRECTION((1.,0.,0.));
#8000=IFCAXIS2PLACEMENT3D(#7997,#7998,#7999);
#8001=IFCDIRECTION((0.,0.,1.));
#8002=IFCEXTRUDEDAREASOLID(#7996,#8000,#8001,1.9499999992549419);
#8003=IFCCARTESIANPOINTLIST2D(((0.,0.),(0.,-0.040000000000000001),(-0.11999999999999988,-0.040000000000000001),(-0.11999999999999988,-0.02),(-0.020000000000000018,-0.02),(-0.020000000000000018,0.)));
#8004=IFCINDEXEDPOLYCURVE(#8003,(IFCLINEINDEX((1,2,3,4,5,6,1))),$);
#8005=IFCARBITRARYCLOSEDPROFILEDEF(.AREA.,$,#8004);
#8006=IFCCARTESIANPOINT((0.62442295514047141,0.02500000037252903,1.015000000372529));
#8007=IFCDIRECTION((0.,0.,1.));
#8008=IFCDIRECTION((1.,0.,0.));
#8009=IFCAXIS2PLACEMENT3D(#8006,#8007,#8008);
#8010=IFCDIRECTION((0.,0.,1.));
#8011=IFCEXTRUDEDAREASOLID(#8005,#8009,#8010,0.02);
#8012=IFCEXTRUDEDAREASOLID(#8013,#8016,#8020,0.02);
#8013=IFCARBITRARYCLOSEDPROFILEDEF(.AREA.,$,#8014);
#8014=IFCINDEXEDPOLYCURVE(#8015,(IFCLINEINDEX((1,2,3,4,5,6,1))),$);
#8015=IFCCARTESIANPOINTLIST2D(((0.,0.),(0.,0.040000000000000008),(-0.11999999999999988,0.040000000000000008),(-0.11999999999999988,0.020000000000000004),(-0.020000000000000018,0.020000000000000004),(-0.020000000000000018,0.)));
#8016=IFCAXIS2PLACEMENT3D(#8017,#8018,#8019);
#8017=IFCCARTESIANPOINT((0.62442295514047141,0.060000000521540642,1.015000000372529));
#8018=IFCDIRECTION((0.,0.,1.));
#8019=IFCDIRECTION((1.,0.,0.));
#8020=IFCDIRECTION((0.,0.,1.));
#8021=IFCSHAPEREPRESENTATION(#11,'Body','SweptSolid',(#7957,#7966,#8002,#8011,#8012,#7975,#7984,#7993));
#8022=IFCSHAPEREPRESENTATION(#11,'Body','SweptSolid',(#7957,#7966,#7975,#7984,#7993));
#8023=IFCSHAPEASPECT((#8022),'Lining',$,.T.,#6709);
#8024=IFCSHAPEREPRESENTATION(#11,'Body','SweptSolid',(#8002,#8011,#8012));
#8025=IFCSHAPEASPECT((#8024),'Framing',$,.T.,#6709);
#8026=IFCCARTESIANPOINTLIST2D(((0.,0.),(0.,0.05000000074505806),(0.02500000037252903,0.05000000074505806),(0.02500000037252903,0.02500000037252903),(0.05000000074505806,0.02500000037252903),(0.05000000074505806,0.)));
#8027=IFCINDEXEDPOLYCURVE(#8026,(IFCLINEINDEX((1,2,3,4,5,6,1))),$);
#8028=IFCINDEXEDPOLYCURVE(#8029,(IFCLINEINDEX((1,2,3,4,5,6,1))),$);
#8029=IFCCARTESIANPOINTLIST2D(((0.69942295551300049,0.),(0.69942295551300049,0.05000000074505806),(0.67442295514047146,0.05000000074505806),(0.67442295514047146,0.02500000037252903),(0.64942295476794243,0.02500000037252903),(0.64942295476794243,0.)));
#8030=IFCDIRECTION((1.,0.));
#8031=IFCCARTESIANPOINT((0.060000000521540642,0.05000000074505806));
#8032=IFCAXIS2PLACEMENT2D(#8031,#8030);
#8033=IFCELLIPSE(#8032,0.61442295461893082,0.64942295476794243);
#8034=IFCCARTESIANPOINT((0.67442295514047146,0.05000000074505806));
#8035=IFCCARTESIANPOINT((0.060000000521540642,0.69942295551300049));
#8036=IFCTRIMMEDCURVE(#8033,(#8034),(#8035),.T.,.CARTESIAN.);
#8037=IFCCARTESIANPOINTLIST2D(((0.02500000037252903,0.05000000074505806),(0.060000000521540642,0.05000000074505806),(0.060000000521540642,0.69942295551300049),(0.02500000037252903,0.69942295551300049)));
#8038=IFCINDEXEDPOLYCURVE(#8037,(IFCLINEINDEX((1,2,3,4,1))),$);
#8039=IFCSHAPEREPRESENTATION(#24,'Body','Curve2D',(#8027,#8028,#8036,#8038));
#8040=IFCCARTESIANPOINTLIST2D(((0.,0.),(0.69942295551300049,0.),(0.69942295551300049,2.),(0.,2.)));
#8041=IFCINDEXEDPOLYCURVE(#8040,(IFCLINEINDEX((1,2,3,4,1))),$);
#8042=IFCARBITRARYCLOSEDPROFILEDEF(.AREA.,$,#8041);
#8043=IFCCARTESIANPOINT((0.,-0.60000002384185791,0.));
#8044=IFCDIRECTION((0.,-1.,0.));
#8045=IFCDIRECTION((1.,0.,0.));
#8046=IFCAXIS2PLACEMENT3D(#8043,#8044,#8045);
#8047=IFCDIRECTION((0.,0.,-1.));
#8048=IFCEXTRUDEDAREASOLID(#8042,#8046,#8047,1.2);
#8049=IFCSHAPEREPRESENTATION(#11,'Body','SweptSolid',(#8048));
#8055=IFCCARTESIANPOINT((3.4986152561503365,0.099999733654070333,0.));
#8056=IFCDIRECTION((0.,0.,1.));
#8057=IFCDIRECTION((-0.99999999999998856,1.5099580252808177E-07,0.));
#8058=IFCAXIS2PLACEMENT3D(#8055,#8056,#8057);
#8059=IFCLOCALPLACEMENT(#10911,#8058);
#8060=IFCCARTESIANPOINT((-4.4408920985006262E-16,0.,0.));
#8061=IFCDIRECTION((0.,0.,1.));
#8062=IFCDIRECTION((1.,0.,0.));
#8063=IFCAXIS2PLACEMENT3D(#8060,#8061,#8062);
#8064=IFCLOCALPLACEMENT(#8059,#8063);
#8150=IFCCARTESIANPOINT((0.89999983296785802,0.084999934436037261,0.));
#8151=IFCDIRECTION((0.,0.,1.));
#8152=IFCDIRECTION((-0.99999999999999944,3.1786498766447871E-08,0.));
#8153=IFCAXIS2PLACEMENT3D(#8150,#8151,#8152);
#8154=IFCLOCALPLACEMENT(#7115,#8153);
#8155=IFCWINDOWTYPE('3DJ0tXRgb9XwD80F2lftdV',$,'M BEDROOM-1-2F',$,$,(#8156),(#8158,#8166,#8214),$,$,.WINDOW.,.SINGLE_PANEL.,$,$);
#8156=IFCPROPERTYSET('05XK83eQzClPxEBPT7rO2x',$,'BBIM_Window',$,(#8157));
#8157=IFCPROPERTYSINGLEVALUE('Data',$,IFCTEXT('{"window_type": "SINGLE_PANEL", "overall_height": 0.8999999761581421, "overall_width": 0.800000011920929, "lining_properties": {"lining_depth": 0.05000000074505806, "lining_thickness": 0.05000000074505806, "lining_offset": 0.05000000074505806, "lining_to_panel_offset_x": 0.02500000037252903, "lining_to_panel_offset_y": 0.02500000037252903}, "panel_properties": {"frame_depth": [0.03500000014901161, 0.03500000014901161, 0.03500000014901161], "frame_thickness": [0.03500000014901161, 0.03500000014901161, 0.03500000014901161]}}'),$);
#8158=IFCREPRESENTATIONMAP(#8159,#8403);
#8159=IFCAXIS2PLACEMENT3D(#8160,#8161,#8162);
#8160=IFCCARTESIANPOINT((0.,0.,0.));
#8161=IFCDIRECTION((0.,0.,1.));
#8162=IFCDIRECTION((1.,0.,0.));
#8166=IFCREPRESENTATIONMAP(#8167,#8446);
#8167=IFCAXIS2PLACEMENT3D(#8168,#8169,#8170);
#8168=IFCCARTESIANPOINT((0.,0.,0.));
#8169=IFCDIRECTION((0.,0.,1.));
#8170=IFCDIRECTION((1.,0.,0.));
#8214=IFCREPRESENTATIONMAP(#8215,#8469);
#8215=IFCAXIS2PLACEMENT3D(#8216,#8217,#8218);
#8216=IFCCARTESIANPOINT((0.,0.,0.));
#8217=IFCDIRECTION((0.,0.,1.));
#8218=IFCDIRECTION((1.,0.,0.));
#8321=IFCWINDOW('2xFjv86pX4HuejSmS68IhW',$,'Window',$,$,#8494,#8330,$,0.89999997615814209,0.80000001192092896,$,.SINGLE_PANEL.,$);
#8322=IFCRELDEFINESBYTYPE('3Z5lXUs2v1TwJikTm00QoL',$,$,$,(#8321),#8155);
#8323=IFCCARTESIANPOINT((0.,0.,0.));
#8324=IFCDIRECTION((1.,0.,0.));
#8325=IFCDIRECTION((0.,1.,0.));
#8326=IFCDIRECTION((0.,0.,1.));
#8327=IFCCARTESIANTRANSFORMATIONOPERATOR3D(#8324,#8325,#8323,1.,#8326);
#8328=IFCMAPPEDITEM(#8158,#8327);
#8329=IFCSHAPEREPRESENTATION(#18,'Profile','MappedRepresentation',(#8328));
#8330=IFCPRODUCTDEFINITIONSHAPE($,$,(#8329,#8337,#8344));
#8331=IFCCARTESIANPOINT((0.,0.,0.));
#8332=IFCDIRECTION((1.,0.,0.));
#8333=IFCDIRECTION((0.,1.,0.));
#8334=IFCDIRECTION((0.,0.,1.));
#8335=IFCCARTESIANTRANSFORMATIONOPERATOR3D(#8332,#8333,#8331,1.,#8334);
#8336=IFCMAPPEDITEM(#8166,#8335);
#8337=IFCSHAPEREPRESENTATION(#11,'Body','MappedRepresentation',(#8336));
#8338=IFCCARTESIANPOINT((0.,0.,0.));
#8339=IFCDIRECTION((1.,0.,0.));
#8340=IFCDIRECTION((0.,1.,0.));
#8341=IFCDIRECTION((0.,0.,1.));
#8342=IFCCARTESIANTRANSFORMATIONOPERATOR3D(#8339,#8340,#8338,1.,#8341);
#8343=IFCMAPPEDITEM(#8214,#8342);
#8344=IFCSHAPEREPRESENTATION(#24,'Body','MappedRepresentation',(#8343));
#8345=IFCOPENINGELEMENT('3KKUS_yYDAPPkiJjQnDN_z',$,'Opening',$,$,#8489,#8373,$,.OPENING.);
#8361=IFCCARTESIANPOINT((0.,0.,0.));
#8362=IFCDIRECTION((1.,0.,0.));
#8363=IFCDIRECTION((0.,0.,1.));
#8364=IFCAXIS2PLACEMENT3D(#8361,#8363,#8362);
#8365=IFCREPRESENTATIONMAP(#8364,#8479);
#8366=IFCCARTESIANPOINT((0.,0.,0.));
#8367=IFCDIRECTION((1.,0.,0.));
#8368=IFCDIRECTION((0.,1.,0.));
#8369=IFCDIRECTION((0.,0.,1.));
#8370=IFCCARTESIANTRANSFORMATIONOPERATOR3D(#8367,#8368,#8366,1.,#8369);
#8371=IFCMAPPEDITEM(#8365,#8370);
#8372=IFCSHAPEREPRESENTATION(#11,'Body','MappedRepresentation',(#8371));
#8373=IFCPRODUCTDEFINITIONSHAPE($,$,(#8372));
#8374=IFCRELVOIDSELEMENT('2ZveQkBL54Vushlls90lXR',$,$,$,#4986,#8345);
#8380=IFCRELFILLSELEMENT('3Y$OpC$Sn7JPxJ2hpJstgE',$,$,$,#8345,#8321);
#8401=IFCCARTESIANPOINTLIST3D(((0.,0.,0.),(0.80000001192092896,0.,0.),(0.80000001192092896,0.,0.89999997615814209),(0.,0.,0.89999997615814209)));
#8402=IFCINDEXEDPOLYCURVE(#8401,(IFCLINEINDEX((1,2,3,4,1))),$);
#8403=IFCSHAPEREPRESENTATION(#18,'Profile','Curve3D',(#8402));
#8404=IFCCARTESIANPOINTLIST2D(((0.,0.),(0.80000001192092896,0.),(0.80000001192092896,0.89999997615814209),(0.,0.89999997615814209)));
#8405=IFCINDEXEDPOLYCURVE(#8404,(IFCLINEINDEX((1,2,3,4,1))),$);
#8406=IFCCARTESIANPOINTLIST2D(((0.02500000037252903,0.02500000037252903),(0.77500001154839993,0.02500000037252903),(0.77500001154839993,0.87499997578561306),(0.02500000037252903,0.87499997578561306)));
#8407=IFCINDEXEDPOLYCURVE(#8406,(IFCLINEINDEX((1,2,3,4,1))),$);
#8408=IFCARBITRARYPROFILEDEFWITHVOIDS(.AREA.,$,#8405,(#8407));
#8409=IFCCARTESIANPOINT((0.,0.090000001713633537,0.));
#8410=IFCDIRECTION((0.,-1.,0.));
#8411=IFCDIRECTION((1.,0.,0.));
#8412=IFCAXIS2PLACEMENT3D(#8409,#8410,#8411);
#8413=IFCDIRECTION((0.,0.,-1.));
#8414=IFCEXTRUDEDAREASOLID(#8408,#8412,#8413,0.0099999997764825821);
#8415=IFCCARTESIANPOINTLIST2D(((0.,0.),(0.80000001192092896,0.),(0.80000001192092896,0.89999997615814209),(0.,0.89999997615814209)));
#8416=IFCINDEXEDPOLYCURVE(#8415,(IFCLINEINDEX((1,2,3,4,1))),$);
#8417=IFCCARTESIANPOINTLIST2D(((0.05000000074505806,0.05000000074505806),(0.7500000111758709,0.05000000074505806),(0.7500000111758709,0.84999997541308403),(0.05000000074505806,0.84999997541308403)));
#8418=IFCINDEXEDPOLYCURVE(#8417,(IFCLINEINDEX((1,2,3,4,1))),$);
#8419=IFCARBITRARYPROFILEDEFWITHVOIDS(.AREA.,$,#8416,(#8418));
#8420=IFCCARTESIANPOINT((0.,0.05000000074505806,0.));
#8421=IFCDIRECTION((0.,-1.,0.));
#8422=IFCDIRECTION((1.,0.,0.));
#8423=IFCAXIS2PLACEMENT3D(#8420,#8421,#8422);
#8424=IFCDIRECTION((0.,0.,-1.));
#8425=IFCEXTRUDEDAREASOLID(#8419,#8423,#8424,0.040000000968575478);
#8426=IFCCARTESIANPOINTLIST2D(((0.,0.),(0.7500000111758709,0.),(0.7500000111758709,0.84999997541308403),(0.,0.84999997541308403)));
#8427=IFCINDEXEDPOLYCURVE(#8426,(IFCLINEINDEX((1,2,3,4,1))),$);
#8428=IFCCARTESIANPOINTLIST2D(((0.035000000149011612,0.035000000149011612),(0.71500001102685928,0.035000000149011612),(0.71500001102685928,0.81499997526407242),(0.035000000149011612,0.81499997526407242)));
#8429=IFCINDEXEDPOLYCURVE(#8428,(IFCLINEINDEX((1,2,3,4,1))),$);
#8430=IFCARBITRARYPROFILEDEFWITHVOIDS(.AREA.,$,#8427,(#8429));
#8431=IFCCARTESIANPOINT((0.02500000037252903,0.090000001713633537,0.02500000037252903));
#8432=IFCDIRECTION((0.,-1.,0.));
#8433=IFCDIRECTION((1.,0.,0.));
#8434=IFCAXIS2PLACEMENT3D(#8431,#8432,#8433);
#8435=IFCDIRECTION((0.,0.,-1.));
#8436=IFCEXTRUDEDAREASOLID(#8430,#8434,#8435,0.035000000149011612);
#8437=IFCINDEXEDPOLYCURVE(#8438,(IFCLINEINDEX((1,2,3,4,1))),$);
#8438=IFCCARTESIANPOINTLIST2D(((0.035000000149011612,0.035000000149011612),(0.71500001102685928,0.035000000149011612),(0.71500001102685928,0.81499997526407242),(0.035000000149011612,0.81499997526407242)));
#8439=IFCARBITRARYCLOSEDPROFILEDEF(.AREA.,$,#8437);
#8440=IFCCARTESIANPOINT((0.02500000037252903,0.10250000178813934,0.02500000037252903));
#8441=IFCDIRECTION((0.,-1.,0.));
#8442=IFCDIRECTION((1.,0.,0.));
#8443=IFCAXIS2PLACEMENT3D(#8440,#8441,#8442);
#8444=IFCDIRECTION((0.,0.,-1.));
#8445=IFCEXTRUDEDAREASOLID(#8439,#8443,#8444,0.01);
#8446=IFCSHAPEREPRESENTATION(#11,'Body','SweptSolid',(#8414,#8425,#8436,#8445));
#8447=IFCSHAPEREPRESENTATION(#11,'Body','SweptSolid',(#8414,#8425));
#8448=IFCSHAPEASPECT((#8447),'Lining',$,.T.,#8330);
#8449=IFCSHAPEREPRESENTATION(#11,'Body','SweptSolid',(#8436));
#8450=IFCSHAPEASPECT((#8449),'Framing',$,.T.,#8330);
#8451=IFCSHAPEREPRESENTATION(#11,'Body','SweptSolid',(#8445));
#8452=IFCSHAPEASPECT((#8451),'Glazing',$,.T.,#8330);
#8453=IFCCARTESIANPOINTLIST2D(((0.05000000074505806,0.05000000074505806),(0.7500000111758709,0.05000000074505806)));
#8454=IFCINDEXEDPOLYCURVE(#8453,$,$);
#8455=IFCCARTESIANPOINTLIST2D(((0.,0.10000000149011612),(0.02500000037252903,0.10000000149011612),(0.02500000037252903,0.090000001713633537),(0.05000000074505806,0.090000001713633537),(0.05000000074505806,0.05000000074505806),(0.,0.05000000074505806)));
#8456=IFCINDEXEDPOLYCURVE(#8455,(IFCLINEINDEX((1,2,3,4,5,6,1))),$);
#8457=IFCCARTESIANPOINTLIST2D(((0.80000001192092896,0.10000000149011612),(0.77500001154839993,0.10000000149011612),(0.77500001154839993,0.090000001713633537),(0.7500000111758709,0.090000001713633537),(0.7500000111758709,0.05000000074505806),(0.80000001192092896,0.05000000074505806)));
#8458=IFCINDEXEDPOLYCURVE(#8457,(IFCLINEINDEX((1,2,3,4,5,6,1))),$);
#8459=IFCCARTESIANPOINTLIST2D(((0.02500000037252903,0.090000001713633537),(0.060000000521540642,0.090000001713633537),(0.060000000521540642,0.12500000186264515),(0.02500000037252903,0.12500000186264515)));
#8460=IFCINDEXEDPOLYCURVE(#8459,(IFCLINEINDEX((1,2,3,4,1))),$);
#8461=IFCINDEXEDPOLYCURVE(#8462,(IFCLINEINDEX((1,2,3,4,1))),$);
#8462=IFCCARTESIANPOINTLIST2D(((0.77500001154839993,0.090000001713633537),(0.74000001139938831,0.090000001713633537),(0.74000001139938831,0.12500000186264515),(0.77500001154839993,0.12500000186264515)));
#8463=IFCCARTESIANPOINTLIST2D(((0.060000000521540642,0.090000001713633537),(0.74000001139938831,0.090000001713633537)));
#8464=IFCINDEXEDPOLYCURVE(#8463,$,$);
#8465=IFCINDEXEDPOLYCURVE(#8466,$,$);
#8466=IFCCARTESIANPOINTLIST2D(((0.060000000521540642,0.12500000186264515),(0.74000001139938831,0.12500000186264515)));
#8467=IFCINDEXEDPOLYCURVE(#8468,$,$);
#8468=IFCCARTESIANPOINTLIST2D(((0.060000000521540642,0.10750000178813934),(0.74000001139938831,0.10750000178813934)));
#8469=IFCSHAPEREPRESENTATION(#24,'Body','Curve2D',(#8454,#8456,#8458,#8460,#8461,#8464,#8465,#8467));
#8470=IFCCARTESIANPOINTLIST2D(((0.,0.),(0.80000001192092896,0.),(0.80000001192092896,0.89999997615814209),(0.,0.89999997615814209)));
#8471=IFCINDEXEDPOLYCURVE(#8470,(IFCLINEINDEX((1,2,3,4,1))),$);
#8472=IFCARBITRARYCLOSEDPROFILEDEF(.AREA.,$,#8471);
#8473=IFCCARTESIANPOINT((0.,-0.60000002384185791,0.));
#8474=IFCDIRECTION((0.,-1.,0.));
#8475=IFCDIRECTION((1.,0.,0.));
#8476=IFCAXIS2PLACEMENT3D(#8473,#8474,#8475);
#8477=IFCDIRECTION((0.,0.,-1.));
#8478=IFCEXTRUDEDAREASOLID(#8472,#8476,#8477,1.2);
#8479=IFCSHAPEREPRESENTATION(#11,'Body','SweptSolid',(#8478));
#8485=IFCCARTESIANPOINT((6.1011161140001384,2.5447660423338903E-08,1.));
#8486=IFCDIRECTION((0.,0.,1.));
#8487=IFCDIRECTION((0.99999999999999989,1.0842021724855044E-19,0.));
#8488=IFCAXIS2PLACEMENT3D(#8485,#8486,#8487);
#8489=IFCLOCALPLACEMENT(#10851,#8488);
#8490=IFCCARTESIANPOINT((-8.8817841970012523E-16,-4.4408920985006262E-16,0.));
#8491=IFCDIRECTION((0.,0.,1.));
#8492=IFCDIRECTION((1.,0.,0.));
#8493=IFCAXIS2PLACEMENT3D(#8490,#8491,#8492);
#8494=IFCLOCALPLACEMENT(#8489,#8493);
#8495=IFCWINDOWTYPE('2NTBzwQ_XB5BaGxQ8ROrCz',$,'M BEDROOM-2-2F',$,$,(#8496),(#8498,#8506,#8554),$,$,.WINDOW.,.SINGLE_PANEL.,$,$);
#8496=IFCPROPERTYSET('1cWPsLSmb968V6J3g_Avd5',$,'BBIM_Window',$,(#8497));
#8497=IFCPROPERTYSINGLEVALUE('Data',$,IFCTEXT('{"window_type": "SINGLE_PANEL", "overall_height": 0.8999999761581421, "overall_width": 0.800000011920929, "lining_properties": {"lining_depth": 0.05000000074505806, "lining_thickness": 0.05000000074505806, "lining_offset": 0.05000000074505806, "lining_to_panel_offset_x": 0.02500000037252903, "lining_to_panel_offset_y": 0.02500000037252903}, "panel_properties": {"frame_depth": [0.03500000014901161, 0.03500000014901161, 0.03500000014901161], "frame_thickness": [0.03500000014901161, 0.03500000014901161, 0.03500000014901161]}}'),$);
#8498=IFCREPRESENTATIONMAP(#8499,#8503);
#8499=IFCAXIS2PLACEMENT3D(#8500,#8501,#8502);
#8500=IFCCARTESIANPOINT((0.,0.,0.));
#8501=IFCDIRECTION((0.,0.,1.));
#8502=IFCDIRECTION((1.,0.,0.));
#8503=IFCSHAPEREPRESENTATION(#18,'Profile','Curve3D',(#8504));
#8504=IFCINDEXEDPOLYCURVE(#8505,(IFCLINEINDEX((1,2,3,4,1))),$);
#8505=IFCCARTESIANPOINTLIST3D(((0.,0.,0.),(0.80000001192092896,0.,0.),(0.80000001192092896,0.,0.89999997615814209),(0.,0.,0.89999997615814209)));
#8506=IFCREPRESENTATIONMAP(#8507,#8511);
#8507=IFCAXIS2PLACEMENT3D(#8508,#8509,#8510);
#8508=IFCCARTESIANPOINT((0.,0.,0.));
#8509=IFCDIRECTION((0.,0.,1.));
#8510=IFCDIRECTION((1.,0.,0.));
#8511=IFCSHAPEREPRESENTATION(#11,'Body','SweptSolid',(#8512,#8523,#8534,#8545));
#8512=IFCEXTRUDEDAREASOLID(#8513,#8518,#8522,0.0099999997764825821);
#8513=IFCARBITRARYPROFILEDEFWITHVOIDS(.AREA.,$,#8514,(#8516));
#8514=IFCINDEXEDPOLYCURVE(#8515,(IFCLINEINDEX((1,2,3,4,1))),$);
#8515=IFCCARTESIANPOINTLIST2D(((0.,0.),(0.80000001192092896,0.),(0.80000001192092896,0.89999997615814209),(0.,0.89999997615814209)));
#8516=IFCINDEXEDPOLYCURVE(#8517,(IFCLINEINDEX((1,2,3,4,1))),$);
#8517=IFCCARTESIANPOINTLIST2D(((0.02500000037252903,0.02500000037252903),(0.77500001154839993,0.02500000037252903),(0.77500001154839993,0.87499997578561306),(0.02500000037252903,0.87499997578561306)));
#8518=IFCAXIS2PLACEMENT3D(#8519,#8520,#8521);
#8519=IFCCARTESIANPOINT((0.,0.090000001713633537,0.));
#8520=IFCDIRECTION((0.,-1.,0.));
#8521=IFCDIRECTION((1.,0.,0.));
#8522=IFCDIRECTION((0.,0.,-1.));
#8523=IFCEXTRUDEDAREASOLID(#8524,#8529,#8533,0.040000000968575478);
#8524=IFCARBITRARYPROFILEDEFWITHVOIDS(.AREA.,$,#8525,(#8527));
#8525=IFCINDEXEDPOLYCURVE(#8526,(IFCLINEINDEX((1,2,3,4,1))),$);
#8526=IFCCARTESIANPOINTLIST2D(((0.,0.),(0.80000001192092896,0.),(0.80000001192092896,0.89999997615814209),(0.,0.89999997615814209)));
#8527=IFCINDEXEDPOLYCURVE(#8528,(IFCLINEINDEX((1,2,3,4,1))),$);
#8528=IFCCARTESIANPOINTLIST2D(((0.05000000074505806,0.05000000074505806),(0.7500000111758709,0.05000000074505806),(0.7500000111758709,0.84999997541308403),(0.05000000074505806,0.84999997541308403)));
#8529=IFCAXIS2PLACEMENT3D(#8530,#8531,#8532);
#8530=IFCCARTESIANPOINT((0.,0.05000000074505806,0.));
#8531=IFCDIRECTION((0.,-1.,0.));
#8532=IFCDIRECTION((1.,0.,0.));
#8533=IFCDIRECTION((0.,0.,-1.));
#8534=IFCEXTRUDEDAREASOLID(#8535,#8540,#8544,0.035000000149011612);
#8535=IFCARBITRARYPROFILEDEFWITHVOIDS(.AREA.,$,#8536,(#8538));
#8536=IFCINDEXEDPOLYCURVE(#8537,(IFCLINEINDEX((1,2,3,4,1))),$);
#8537=IFCCARTESIANPOINTLIST2D(((0.,0.),(0.7500000111758709,0.),(0.7500000111758709,0.84999997541308403),(0.,0.84999997541308403)));
#8538=IFCINDEXEDPOLYCURVE(#8539,(IFCLINEINDEX((1,2,3,4,1))),$);
#8539=IFCCARTESIANPOINTLIST2D(((0.035000000149011612,0.035000000149011612),(0.71500001102685928,0.035000000149011612),(0.71500001102685928,0.81499997526407242),(0.035000000149011612,0.81499997526407242)));
#8540=IFCAXIS2PLACEMENT3D(#8541,#8542,#8543);
#8541=IFCCARTESIANPOINT((0.02500000037252903,0.090000001713633537,0.02500000037252903));
#8542=IFCDIRECTION((0.,-1.,0.));
#8543=IFCDIRECTION((1.,0.,0.));
#8544=IFCDIRECTION((0.,0.,-1.));
#8545=IFCEXTRUDEDAREASOLID(#8546,#8549,#8553,0.01);
#8546=IFCARBITRARYCLOSEDPROFILEDEF(.AREA.,$,#8547);
#8547=IFCINDEXEDPOLYCURVE(#8548,(IFCLINEINDEX((1,2,3,4,1))),$);
#8548=IFCCARTESIANPOINTLIST2D(((0.035000000149011612,0.035000000149011612),(0.71500001102685928,0.035000000149011612),(0.71500001102685928,0.81499997526407242),(0.035000000149011612,0.81499997526407242)));
#8549=IFCAXIS2PLACEMENT3D(#8550,#8551,#8552);
#8550=IFCCARTESIANPOINT((0.02500000037252903,0.10250000178813934,0.02500000037252903));
#8551=IFCDIRECTION((0.,-1.,0.));
#8552=IFCDIRECTION((1.,0.,0.));
#8553=IFCDIRECTION((0.,0.,-1.));
#8554=IFCREPRESENTATIONMAP(#8555,#8559);
#8555=IFCAXIS2PLACEMENT3D(#8556,#8557,#8558);
#8556=IFCCARTESIANPOINT((0.,0.,0.));
#8557=IFCDIRECTION((0.,0.,1.));
#8558=IFCDIRECTION((1.,0.,0.));
#8559=IFCSHAPEREPRESENTATION(#24,'Body','Curve2D',(#8560,#8562,#8564,#8566,#8568,#8570,#8572,#8574));
#8560=IFCINDEXEDPOLYCURVE(#8561,$,$);
#8561=IFCCARTESIANPOINTLIST2D(((0.05000000074505806,0.05000000074505806),(0.7500000111758709,0.05000000074505806)));
#8562=IFCINDEXEDPOLYCURVE(#8563,(IFCLINEINDEX((1,2,3,4,5,6,1))),$);
#8563=IFCCARTESIANPOINTLIST2D(((0.,0.10000000149011612),(0.02500000037252903,0.10000000149011612),(0.02500000037252903,0.090000001713633537),(0.05000000074505806,0.090000001713633537),(0.05000000074505806,0.05000000074505806),(0.,0.05000000074505806)));
#8564=IFCINDEXEDPOLYCURVE(#8565,(IFCLINEINDEX((1,2,3,4,5,6,1))),$);
#8565=IFCCARTESIANPOINTLIST2D(((0.80000001192092896,0.10000000149011612),(0.77500001154839993,0.10000000149011612),(0.77500001154839993,0.090000001713633537),(0.7500000111758709,0.090000001713633537),(0.7500000111758709,0.05000000074505806),(0.80000001192092896,0.05000000074505806)));
#8566=IFCINDEXEDPOLYCURVE(#8567,(IFCLINEINDEX((1,2,3,4,1))),$);
#8567=IFCCARTESIANPOINTLIST2D(((0.02500000037252903,0.090000001713633537),(0.060000000521540642,0.090000001713633537),(0.060000000521540642,0.12500000186264515),(0.02500000037252903,0.12500000186264515)));
#8568=IFCINDEXEDPOLYCURVE(#8569,(IFCLINEINDEX((1,2,3,4,1))),$);
#8569=IFCCARTESIANPOINTLIST2D(((0.77500001154839993,0.090000001713633537),(0.74000001139938831,0.090000001713633537),(0.74000001139938831,0.12500000186264515),(0.77500001154839993,0.12500000186264515)));
#8570=IFCINDEXEDPOLYCURVE(#8571,$,$);
#8571=IFCCARTESIANPOINTLIST2D(((0.060000000521540642,0.090000001713633537),(0.74000001139938831,0.090000001713633537)));
#8572=IFCINDEXEDPOLYCURVE(#8573,$,$);
#8573=IFCCARTESIANPOINTLIST2D(((0.060000000521540642,0.12500000186264515),(0.74000001139938831,0.12500000186264515)));
#8574=IFCINDEXEDPOLYCURVE(#8575,$,$);
#8575=IFCCARTESIANPOINTLIST2D(((0.060000000521540642,0.10750000178813934),(0.74000001139938831,0.10750000178813934)));
#8576=IFCWINDOW('0WTs5qIa1ErvrhUnZKaXG0',$,'Window',$,$,#8640,#8585,$,0.89999997615814209,0.80000001192092896,$,$,$);
#8577=IFCRELDEFINESBYTYPE('3fHkzO$9T42wC5NXBEHzDg',$,$,$,(#8576),#8495);
#8578=IFCCARTESIANPOINT((0.,0.,0.));
#8579=IFCDIRECTION((1.,0.,0.));
#8580=IFCDIRECTION((0.,1.,0.));
#8581=IFCDIRECTION((0.,0.,1.));
#8582=IFCCARTESIANTRANSFORMATIONOPERATOR3D(#8579,#8580,#8578,1.,#8581);
#8583=IFCMAPPEDITEM(#8498,#8582);
#8584=IFCSHAPEREPRESENTATION(#18,'Profile','MappedRepresentation',(#8583));
#8585=IFCPRODUCTDEFINITIONSHAPE($,$,(#8584,#8592,#8599));
#8586=IFCCARTESIANPOINT((0.,0.,0.));
#8587=IFCDIRECTION((1.,0.,0.));
#8588=IFCDIRECTION((0.,1.,0.));
#8589=IFCDIRECTION((0.,0.,1.));
#8590=IFCCARTESIANTRANSFORMATIONOPERATOR3D(#8587,#8588,#8586,1.,#8589);
#8591=IFCMAPPEDITEM(#8506,#8590);
#8592=IFCSHAPEREPRESENTATION(#11,'Body','MappedRepresentation',(#8591));
#8593=IFCCARTESIANPOINT((0.,0.,0.));
#8594=IFCDIRECTION((1.,0.,0.));
#8595=IFCDIRECTION((0.,1.,0.));
#8596=IFCDIRECTION((0.,0.,1.));
#8597=IFCCARTESIANTRANSFORMATIONOPERATOR3D(#8594,#8595,#8593,1.,#8596);
#8598=IFCMAPPEDITEM(#8554,#8597);
#8599=IFCSHAPEREPRESENTATION(#24,'Body','MappedRepresentation',(#8598));
#8600=IFCOPENINGELEMENT('28bLdlgan5qO$90nrsyZlm',$,'Opening',$,$,#8634,#8628,$,.OPENING.);
#8606=IFCCARTESIANPOINTLIST2D(((0.,0.),(0.80000001192092896,0.),(0.80000001192092896,0.89999997615814209),(0.,0.89999997615814209)));
#8607=IFCINDEXEDPOLYCURVE(#8606,(IFCLINEINDEX((1,2,3,4,1))),$);
#8608=IFCARBITRARYCLOSEDPROFILEDEF(.AREA.,$,#8607);
#8609=IFCCARTESIANPOINT((0.,-0.60000002384185791,0.));
#8610=IFCDIRECTION((0.,-1.,0.));
#8611=IFCDIRECTION((1.,0.,0.));
#8612=IFCAXIS2PLACEMENT3D(#8609,#8610,#8611);
#8613=IFCDIRECTION((0.,0.,-1.));
#8614=IFCEXTRUDEDAREASOLID(#8608,#8612,#8613,1.2);
#8615=IFCSHAPEREPRESENTATION(#11,'Body','SweptSolid',(#8614));
#8616=IFCCARTESIANPOINT((0.,0.,0.));
#8617=IFCDIRECTION((1.,0.,0.));
#8618=IFCDIRECTION((0.,0.,1.));
#8619=IFCAXIS2PLACEMENT3D(#8616,#8618,#8617);
#8620=IFCREPRESENTATIONMAP(#8619,#8615);
#8621=IFCCARTESIANPOINT((0.,0.,0.));
#8622=IFCDIRECTION((1.,0.,0.));
#8623=IFCDIRECTION((0.,1.,0.));
#8624=IFCDIRECTION((0.,0.,1.));
#8625=IFCCARTESIANTRANSFORMATIONOPERATOR3D(#8622,#8623,#8621,1.,#8624);
#8626=IFCMAPPEDITEM(#8620,#8625);
#8627=IFCSHAPEREPRESENTATION(#11,'Body','MappedRepresentation',(#8626));
#8628=IFCPRODUCTDEFINITIONSHAPE($,$,(#8627));
#8629=IFCRELVOIDSELEMENT('1Fi54ViLv3ax63DQIps063',$,$,$,#4986,#8600);
#8630=IFCCARTESIANPOINT((4.3270345028364341,0.10000001711534301,1.));
#8631=IFCDIRECTION((0.,0.,1.));
#8632=IFCDIRECTION((-0.99999999999999623,-8.742789527082552E-08,0.));
#8633=IFCAXIS2PLACEMENT3D(#8630,#8631,#8632);
#8634=IFCLOCALPLACEMENT(#10851,#8633);
#8635=IFCRELFILLSELEMENT('0RFVGzK9P9lhHpTggYAzT5',$,$,$,#8600,#8576);
#8636=IFCCARTESIANPOINT((0.,0.,0.));
#8637=IFCDIRECTION((0.,0.,1.));
#8638=IFCDIRECTION((0.99999999999999989,0.,0.));
#8639=IFCAXIS2PLACEMENT3D(#8636,#8637,#8638);
#8640=IFCLOCALPLACEMENT(#8634,#8639);
#8641=IFCWINDOWTYPE('25$s$ogFD7FwrYqznzvONU',$,'BEDROOM 1-1-2F',$,$,(#8642),(#8644,#8652,#8700),$,$,.WINDOW.,.SINGLE_PANEL.,$,$);
#8642=IFCPROPERTYSET('04CD$l63nFewR41iKvFlWG',$,'BBIM_Window',$,(#8643));
#8643=IFCPROPERTYSINGLEVALUE('Data',$,IFCTEXT('{"window_type": "SINGLE_PANEL", "overall_height": 0.8999999761581421, "overall_width": 0.800000011920929, "lining_properties": {"lining_depth": 0.05000000074505806, "lining_thickness": 0.05000000074505806, "lining_offset": 0.05000000074505806, "lining_to_panel_offset_x": 0.02500000037252903, "lining_to_panel_offset_y": 0.02500000037252903}, "panel_properties": {"frame_depth": [0.03500000014901161, 0.03500000014901161, 0.03500000014901161], "frame_thickness": [0.03500000014901161, 0.03500000014901161, 0.03500000014901161]}}'),$);
#8644=IFCREPRESENTATIONMAP(#8645,#8649);
#8645=IFCAXIS2PLACEMENT3D(#8646,#8647,#8648);
#8646=IFCCARTESIANPOINT((0.,0.,0.));
#8647=IFCDIRECTION((0.,0.,1.));
#8648=IFCDIRECTION((1.,0.,0.));
#8649=IFCSHAPEREPRESENTATION(#18,'Profile','Curve3D',(#8650));
#8650=IFCINDEXEDPOLYCURVE(#8651,(IFCLINEINDEX((1,2,3,4,1))),$);
#8651=IFCCARTESIANPOINTLIST3D(((0.,0.,0.),(0.80000001192092896,0.,0.),(0.80000001192092896,0.,0.89999997615814209),(0.,0.,0.89999997615814209)));
#8652=IFCREPRESENTATIONMAP(#8653,#8657);
#8653=IFCAXIS2PLACEMENT3D(#8654,#8655,#8656);
#8654=IFCCARTESIANPOINT((0.,0.,0.));
#8655=IFCDIRECTION((0.,0.,1.));
#8656=IFCDIRECTION((1.,0.,0.));
#8657=IFCSHAPEREPRESENTATION(#11,'Body','SweptSolid',(#8658,#8669,#8680,#8691));
#8658=IFCEXTRUDEDAREASOLID(#8659,#8664,#8668,0.0099999997764825821);
#8659=IFCARBITRARYPROFILEDEFWITHVOIDS(.AREA.,$,#8660,(#8662));
#8660=IFCINDEXEDPOLYCURVE(#8661,(IFCLINEINDEX((1,2,3,4,1))),$);
#8661=IFCCARTESIANPOINTLIST2D(((0.,0.),(0.80000001192092896,0.),(0.80000001192092896,0.89999997615814209),(0.,0.89999997615814209)));
#8662=IFCINDEXEDPOLYCURVE(#8663,(IFCLINEINDEX((1,2,3,4,1))),$);
#8663=IFCCARTESIANPOINTLIST2D(((0.02500000037252903,0.02500000037252903),(0.77500001154839993,0.02500000037252903),(0.77500001154839993,0.87499997578561306),(0.02500000037252903,0.87499997578561306)));
#8664=IFCAXIS2PLACEMENT3D(#8665,#8666,#8667);
#8665=IFCCARTESIANPOINT((0.,0.090000001713633537,0.));
#8666=IFCDIRECTION((0.,-1.,0.));
#8667=IFCDIRECTION((1.,0.,0.));
#8668=IFCDIRECTION((0.,0.,-1.));
#8669=IFCEXTRUDEDAREASOLID(#8670,#8675,#8679,0.040000000968575478);
#8670=IFCARBITRARYPROFILEDEFWITHVOIDS(.AREA.,$,#8671,(#8673));
#8671=IFCINDEXEDPOLYCURVE(#8672,(IFCLINEINDEX((1,2,3,4,1))),$);
#8672=IFCCARTESIANPOINTLIST2D(((0.,0.),(0.80000001192092896,0.),(0.80000001192092896,0.89999997615814209),(0.,0.89999997615814209)));
#8673=IFCINDEXEDPOLYCURVE(#8674,(IFCLINEINDEX((1,2,3,4,1))),$);
#8674=IFCCARTESIANPOINTLIST2D(((0.05000000074505806,0.05000000074505806),(0.7500000111758709,0.05000000074505806),(0.7500000111758709,0.84999997541308403),(0.05000000074505806,0.84999997541308403)));
#8675=IFCAXIS2PLACEMENT3D(#8676,#8677,#8678);
#8676=IFCCARTESIANPOINT((0.,0.05000000074505806,0.));
#8677=IFCDIRECTION((0.,-1.,0.));
#8678=IFCDIRECTION((1.,0.,0.));
#8679=IFCDIRECTION((0.,0.,-1.));
#8680=IFCEXTRUDEDAREASOLID(#8681,#8686,#8690,0.035000000149011612);
#8681=IFCARBITRARYPROFILEDEFWITHVOIDS(.AREA.,$,#8682,(#8684));
#8682=IFCINDEXEDPOLYCURVE(#8683,(IFCLINEINDEX((1,2,3,4,1))),$);
#8683=IFCCARTESIANPOINTLIST2D(((0.,0.),(0.7500000111758709,0.),(0.7500000111758709,0.84999997541308403),(0.,0.84999997541308403)));
#8684=IFCINDEXEDPOLYCURVE(#8685,(IFCLINEINDEX((1,2,3,4,1))),$);
#8685=IFCCARTESIANPOINTLIST2D(((0.035000000149011612,0.035000000149011612),(0.71500001102685928,0.035000000149011612),(0.71500001102685928,0.81499997526407242),(0.035000000149011612,0.81499997526407242)));
#8686=IFCAXIS2PLACEMENT3D(#8687,#8688,#8689);
#8687=IFCCARTESIANPOINT((0.02500000037252903,0.090000001713633537,0.02500000037252903));
#8688=IFCDIRECTION((0.,-1.,0.));
#8689=IFCDIRECTION((1.,0.,0.));
#8690=IFCDIRECTION((0.,0.,-1.));
#8691=IFCEXTRUDEDAREASOLID(#8692,#8695,#8699,0.01);
#8692=IFCARBITRARYCLOSEDPROFILEDEF(.AREA.,$,#8693);
#8693=IFCINDEXEDPOLYCURVE(#8694,(IFCLINEINDEX((1,2,3,4,1))),$);
#8694=IFCCARTESIANPOINTLIST2D(((0.035000000149011612,0.035000000149011612),(0.71500001102685928,0.035000000149011612),(0.71500001102685928,0.81499997526407242),(0.035000000149011612,0.81499997526407242)));
#8695=IFCAXIS2PLACEMENT3D(#8696,#8697,#8698);
#8696=IFCCARTESIANPOINT((0.02500000037252903,0.10250000178813934,0.02500000037252903));
#8697=IFCDIRECTION((0.,-1.,0.));
#8698=IFCDIRECTION((1.,0.,0.));
#8699=IFCDIRECTION((0.,0.,-1.));
#8700=IFCREPRESENTATIONMAP(#8701,#8705);
#8701=IFCAXIS2PLACEMENT3D(#8702,#8703,#8704);
#8702=IFCCARTESIANPOINT((0.,0.,0.));
#8703=IFCDIRECTION((0.,0.,1.));
#8704=IFCDIRECTION((1.,0.,0.));
#8705=IFCSHAPEREPRESENTATION(#24,'Body','Curve2D',(#8706,#8708,#8710,#8712,#8714,#8716,#8718,#8720));
#8706=IFCINDEXEDPOLYCURVE(#8707,$,$);
#8707=IFCCARTESIANPOINTLIST2D(((0.05000000074505806,0.05000000074505806),(0.7500000111758709,0.05000000074505806)));
#8708=IFCINDEXEDPOLYCURVE(#8709,(IFCLINEINDEX((1,2,3,4,5,6,1))),$);
#8709=IFCCARTESIANPOINTLIST2D(((0.,0.10000000149011612),(0.02500000037252903,0.10000000149011612),(0.02500000037252903,0.090000001713633537),(0.05000000074505806,0.090000001713633537),(0.05000000074505806,0.05000000074505806),(0.,0.05000000074505806)));
#8710=IFCINDEXEDPOLYCURVE(#8711,(IFCLINEINDEX((1,2,3,4,5,6,1))),$);
#8711=IFCCARTESIANPOINTLIST2D(((0.80000001192092896,0.10000000149011612),(0.77500001154839993,0.10000000149011612),(0.77500001154839993,0.090000001713633537),(0.7500000111758709,0.090000001713633537),(0.7500000111758709,0.05000000074505806),(0.80000001192092896,0.05000000074505806)));
#8712=IFCINDEXEDPOLYCURVE(#8713,(IFCLINEINDEX((1,2,3,4,1))),$);
#8713=IFCCARTESIANPOINTLIST2D(((0.02500000037252903,0.090000001713633537),(0.060000000521540642,0.090000001713633537),(0.060000000521540642,0.12500000186264515),(0.02500000037252903,0.12500000186264515)));
#8714=IFCINDEXEDPOLYCURVE(#8715,(IFCLINEINDEX((1,2,3,4,1))),$);
#8715=IFCCARTESIANPOINTLIST2D(((0.77500001154839993,0.090000001713633537),(0.74000001139938831,0.090000001713633537),(0.74000001139938831,0.12500000186264515),(0.77500001154839993,0.12500000186264515)));
#8716=IFCINDEXEDPOLYCURVE(#8717,$,$);
#8717=IFCCARTESIANPOINTLIST2D(((0.060000000521540642,0.090000001713633537),(0.74000001139938831,0.090000001713633537)));
#8718=IFCINDEXEDPOLYCURVE(#8719,$,$);
#8719=IFCCARTESIANPOINTLIST2D(((0.060000000521540642,0.12500000186264515),(0.74000001139938831,0.12500000186264515)));
#8720=IFCINDEXEDPOLYCURVE(#8721,$,$);
#8721=IFCCARTESIANPOINTLIST2D(((0.060000000521540642,0.10750000178813934),(0.74000001139938831,0.10750000178813934)));
#8836=IFCWINDOW('3IIy8WLG50ofBlP0S7JSsS',$,'Window',$,$,#8900,#8845,$,0.89999997615814209,0.80000001192092896,$,$,$);
#8837=IFCRELDEFINESBYTYPE('1Wn$9qxlr4PxUdR_x59Anu',$,$,$,(#8836),#8641);
#8838=IFCCARTESIANPOINT((0.,0.,0.));
#8839=IFCDIRECTION((1.,0.,0.));
#8840=IFCDIRECTION((0.,1.,0.));
#8841=IFCDIRECTION((0.,0.,1.));
#8842=IFCCARTESIANTRANSFORMATIONOPERATOR3D(#8839,#8840,#8838,1.,#8841);
#8843=IFCMAPPEDITEM(#8644,#8842);
#8844=IFCSHAPEREPRESENTATION(#18,'Profile','MappedRepresentation',(#8843));
#8845=IFCPRODUCTDEFINITIONSHAPE($,$,(#8844,#8852,#8859));
#8846=IFCCARTESIANPOINT((0.,0.,0.));
#8847=IFCDIRECTION((1.,0.,0.));
#8848=IFCDIRECTION((0.,1.,0.));
#8849=IFCDIRECTION((0.,0.,1.));
#8850=IFCCARTESIANTRANSFORMATIONOPERATOR3D(#8847,#8848,#8846,1.,#8849);
#8851=IFCMAPPEDITEM(#8652,#8850);
#8852=IFCSHAPEREPRESENTATION(#11,'Body','MappedRepresentation',(#8851));
#8853=IFCCARTESIANPOINT((0.,0.,0.));
#8854=IFCDIRECTION((1.,0.,0.));
#8855=IFCDIRECTION((0.,1.,0.));
#8856=IFCDIRECTION((0.,0.,1.));
#8857=IFCCARTESIANTRANSFORMATIONOPERATOR3D(#8854,#8855,#8853,1.,#8856);
#8858=IFCMAPPEDITEM(#8700,#8857);
#8859=IFCSHAPEREPRESENTATION(#24,'Body','MappedRepresentation',(#8858));
#8860=IFCOPENINGELEMENT('2LHUVulmrDTx$RxfnOjiPI',$,'Opening',$,$,#8894,#8888,$,.OPENING.);
#8866=IFCCARTESIANPOINTLIST2D(((0.,0.),(0.80000001192092896,0.),(0.80000001192092896,0.89999997615814209),(0.,0.89999997615814209)));
#8867=IFCINDEXEDPOLYCURVE(#8866,(IFCLINEINDEX((1,2,3,4,1))),$);
#8868=IFCARBITRARYCLOSEDPROFILEDEF(.AREA.,$,#8867);
#8869=IFCCARTESIANPOINT((0.,-0.60000002384185791,0.));
#8870=IFCDIRECTION((0.,-1.,0.));
#8871=IFCDIRECTION((1.,0.,0.));
#8872=IFCAXIS2PLACEMENT3D(#8869,#8870,#8871);
#8873=IFCDIRECTION((0.,0.,-1.));
#8874=IFCEXTRUDEDAREASOLID(#8868,#8872,#8873,1.2);
#8875=IFCSHAPEREPRESENTATION(#11,'Body','SweptSolid',(#8874));
#8876=IFCCARTESIANPOINT((0.,0.,0.));
#8877=IFCDIRECTION((1.,0.,0.));
#8878=IFCDIRECTION((0.,0.,1.));
#8879=IFCAXIS2PLACEMENT3D(#8876,#8878,#8877);
#8880=IFCREPRESENTATIONMAP(#8879,#8875);
#8881=IFCCARTESIANPOINT((0.,0.,0.));
#8882=IFCDIRECTION((1.,0.,0.));
#8883=IFCDIRECTION((0.,1.,0.));
#8884=IFCDIRECTION((0.,0.,1.));
#8885=IFCCARTESIANTRANSFORMATIONOPERATOR3D(#8882,#8883,#8881,1.,#8884);
#8886=IFCMAPPEDITEM(#8880,#8885);
#8887=IFCSHAPEREPRESENTATION(#11,'Body','MappedRepresentation',(#8886));
#8888=IFCPRODUCTDEFINITIONSHAPE($,$,(#8887));
#8889=IFCRELVOIDSELEMENT('11du6de6n6HumeceiWTtBU',$,$,$,#4986,#8860);
#8890=IFCCARTESIANPOINT((2.3148722812741447,0.10000004882442948,1.));
#8891=IFCDIRECTION((0.,0.,1.));
#8892=IFCDIRECTION((-0.99999999999999623,-8.742789527082552E-08,0.));
#8893=IFCAXIS2PLACEMENT3D(#8890,#8891,#8892);
#8894=IFCLOCALPLACEMENT(#10851,#8893);
#8895=IFCRELFILLSELEMENT('3q4uhQXV5BDRpH86spuI7y',$,$,$,#8860,#8836);
#8896=IFCCARTESIANPOINT((0.,4.4408920985006262E-16,0.));
#8897=IFCDIRECTION((0.,0.,1.));
#8898=IFCDIRECTION((0.99999999999999989,0.,0.));
#8899=IFCAXIS2PLACEMENT3D(#8896,#8897,#8898);
#8900=IFCLOCALPLACEMENT(#8894,#8899);
#8901=IFCWINDOWTYPE('33Liaevj97jAe7egoIiCbk',$,'BEDROOM 1-2-2F',$,$,(#8902),(#8904,#8912,#8960),$,$,.WINDOW.,.SINGLE_PANEL.,$,$);
#8902=IFCPROPERTYSET('3wt7hkFE96rRfJDBvKKiQp',$,'BBIM_Window',$,(#8903));
#8903=IFCPROPERTYSINGLEVALUE('Data',$,IFCTEXT('{"window_type": "DOUBLE_PANEL_VERTICAL", "overall_height": 0.8999999761581421, "overall_width": 1.2000000476837158, "lining_properties": {"lining_depth": 0.05000000074505806, "lining_thickness": 0.05000000074505806, "lining_offset": 0.05000000074505806, "lining_to_panel_offset_x": 0.02500000037252903, "lining_to_panel_offset_y": 0.02500000037252903, "mullion_thickness": 0.05000000074505806, "first_mullion_offset": 0.6000000238418579}, "panel_properties": {"frame_depth": [0.03500000014901161, 0.03500000014901161, 0.03500000014901161], "frame_thickness": [0.03500000014901161, 0.03500000014901161, 0.03500000014901161]}}'),$);
#8904=IFCREPRESENTATIONMAP(#8905,#9212);
#8905=IFCAXIS2PLACEMENT3D(#8906,#8907,#8908);
#8906=IFCCARTESIANPOINT((0.,0.,0.));
#8907=IFCDIRECTION((0.,0.,1.));
#8908=IFCDIRECTION((1.,0.,0.));
#8912=IFCREPRESENTATIONMAP(#8913,#9293);
#8913=IFCAXIS2PLACEMENT3D(#8914,#8915,#8916);
#8914=IFCCARTESIANPOINT((0.,0.,0.));
#8915=IFCDIRECTION((0.,0.,1.));
#8916=IFCDIRECTION((1.,0.,0.));
#8960=IFCREPRESENTATIONMAP(#8961,#9326);
#8961=IFCAXIS2PLACEMENT3D(#8962,#8963,#8964);
#8962=IFCCARTESIANPOINT((0.,0.,0.));
#8963=IFCDIRECTION((0.,0.,1.));
#8964=IFCDIRECTION((1.,0.,0.));
#8982=IFCWINDOW('0RTf0p5qrCcu2b9OdADSMf',$,'Window',$,$,#9351,#8991,$,0.89999997615814209,1.2000000476837158,$,.DOUBLE_PANEL_VERTICAL.,$);
#8983=IFCRELDEFINESBYTYPE('3zBp6O2hr22xxENOE$xqme',$,$,$,(#8982),#8901);
#8984=IFCCARTESIANPOINT((0.,0.,0.));
#8985=IFCDIRECTION((1.,0.,0.));
#8986=IFCDIRECTION((0.,1.,0.));
#8987=IFCDIRECTION((0.,0.,1.));
#8988=IFCCARTESIANTRANSFORMATIONOPERATOR3D(#8985,#8986,#8984,1.,#8987);
#8989=IFCMAPPEDITEM(#8904,#8988);
#8990=IFCSHAPEREPRESENTATION(#18,'Profile','MappedRepresentation',(#8989));
#8991=IFCPRODUCTDEFINITIONSHAPE($,$,(#8990,#8998,#9005));
#8992=IFCCARTESIANPOINT((0.,0.,0.));
#8993=IFCDIRECTION((1.,0.,0.));
#8994=IFCDIRECTION((0.,1.,0.));
#8995=IFCDIRECTION((0.,0.,1.));
#8996=IFCCARTESIANTRANSFORMATIONOPERATOR3D(#8993,#8994,#8992,1.,#8995);
#8997=IFCMAPPEDITEM(#8912,#8996);
#8998=IFCSHAPEREPRESENTATION(#11,'Body','MappedRepresentation',(#8997));
#8999=IFCCARTESIANPOINT((0.,0.,0.));
#9000=IFCDIRECTION((1.,0.,0.));
#9001=IFCDIRECTION((0.,1.,0.));
#9002=IFCDIRECTION((0.,0.,1.));
#9003=IFCCARTESIANTRANSFORMATIONOPERATOR3D(#9000,#9001,#8999,1.,#9002);
#9004=IFCMAPPEDITEM(#8960,#9003);
#9005=IFCSHAPEREPRESENTATION(#24,'Body','MappedRepresentation',(#9004));
#9006=IFCOPENINGELEMENT('0QqJ02xcvAeON8iZtzYMd3',$,'Opening',$,$,#9346,#9034,$,.OPENING.);
#9022=IFCCARTESIANPOINT((0.,0.,0.));
#9023=IFCDIRECTION((1.,0.,0.));
#9024=IFCDIRECTION((0.,0.,1.));
#9025=IFCAXIS2PLACEMENT3D(#9022,#9024,#9023);
#9026=IFCREPRESENTATIONMAP(#9025,#9336);
#9027=IFCCARTESIANPOINT((0.,0.,0.));
#9028=IFCDIRECTION((1.,0.,0.));
#9029=IFCDIRECTION((0.,1.,0.));
#9030=IFCDIRECTION((0.,0.,1.));
#9031=IFCCARTESIANTRANSFORMATIONOPERATOR3D(#9028,#9029,#9027,1.,#9030);
#9032=IFCMAPPEDITEM(#9026,#9031);
#9033=IFCSHAPEREPRESENTATION(#11,'Body','MappedRepresentation',(#9032));
#9034=IFCPRODUCTDEFINITIONSHAPE($,$,(#9033));
#9035=IFCRELVOIDSELEMENT('1pe9XIhJ18NgDCIuYpiz_o',$,$,$,#4961,#9006);
#9041=IFCRELFILLSELEMENT('0_59CtTjX0fOxSnUlvm3Zy',$,$,$,#9006,#8982);
#9050=IFCCARTESIANPOINTLIST2D(((0.30000001192092896,0.),(0.,0.),(0.,0.89999997615814209),(0.30000001192092896,0.89999997615814209),(0.30000001192092896,0.87499997578561306),(0.02500000037252903,0.87499997578561306),(0.02500000037252903,0.02500000037252903),(0.30000001192092896,0.02500000037252903)));
#9051=IFCINDEXEDPOLYCURVE(#9050,(IFCLINEINDEX((1,2,3,4,5,6,7,8,1))),$);
#9052=IFCARBITRARYCLOSEDPROFILEDEF(.AREA.,$,#9051);
#9053=IFCCARTESIANPOINT((0.,0.090000001713633537,0.));
#9054=IFCDIRECTION((0.,-1.,0.));
#9055=IFCDIRECTION((1.,0.,0.));
#9056=IFCAXIS2PLACEMENT3D(#9053,#9054,#9055);
#9057=IFCDIRECTION((0.,0.,-1.));
#9058=IFCEXTRUDEDAREASOLID(#9052,#9056,#9057,0.0099999997764825821);
#9059=IFCCARTESIANPOINTLIST2D(((0.,0.),(0.30000001192092896,0.),(0.30000001192092896,0.89999997615814209),(0.,0.89999997615814209)));
#9060=IFCINDEXEDPOLYCURVE(#9059,(IFCLINEINDEX((1,2,3,4,1))),$);
#9061=IFCCARTESIANPOINTLIST2D(((0.05000000074505806,0.05000000074505806),(0.27500001154839993,0.05000000074505806),(0.27500001154839993,0.84999997541308403),(0.05000000074505806,0.84999997541308403)));
#9062=IFCINDEXEDPOLYCURVE(#9061,(IFCLINEINDEX((1,2,3,4,1))),$);
#9063=IFCARBITRARYPROFILEDEFWITHVOIDS(.AREA.,$,#9060,(#9062));
#9064=IFCCARTESIANPOINT((0.,0.05000000074505806,0.));
#9065=IFCDIRECTION((0.,-1.,0.));
#9066=IFCDIRECTION((1.,0.,0.));
#9067=IFCAXIS2PLACEMENT3D(#9064,#9065,#9066);
#9068=IFCDIRECTION((0.,0.,-1.));
#9069=IFCEXTRUDEDAREASOLID(#9063,#9067,#9068,0.040000000968575478);
#9070=IFCCARTESIANPOINTLIST2D(((0.,0.),(0.27500001154839993,0.),(0.27500001154839993,0.84999997541308403),(0.,0.84999997541308403)));
#9071=IFCINDEXEDPOLYCURVE(#9070,(IFCLINEINDEX((1,2,3,4,1))),$);
#9072=IFCCARTESIANPOINTLIST2D(((0.035000000149011612,0.035000000149011612),(0.24000001139938831,0.035000000149011612),(0.24000001139938831,0.81499997526407242),(0.035000000149011612,0.81499997526407242)));
#9073=IFCINDEXEDPOLYCURVE(#9072,(IFCLINEINDEX((1,2,3,4,1))),$);
#9074=IFCARBITRARYPROFILEDEFWITHVOIDS(.AREA.,$,#9071,(#9073));
#9075=IFCCARTESIANPOINT((0.02500000037252903,0.090000001713633537,0.02500000037252903));
#9076=IFCDIRECTION((0.,-1.,0.));
#9077=IFCDIRECTION((1.,0.,0.));
#9078=IFCAXIS2PLACEMENT3D(#9075,#9076,#9077);
#9079=IFCDIRECTION((0.,0.,-1.));
#9080=IFCEXTRUDEDAREASOLID(#9074,#9078,#9079,0.035000000149011612);
#9081=IFCINDEXEDPOLYCURVE(#9082,(IFCLINEINDEX((1,2,3,4,1))),$);
#9082=IFCCARTESIANPOINTLIST2D(((0.035000000149011612,0.035000000149011612),(0.24000001139938831,0.035000000149011612),(0.24000001139938831,0.81499997526407242),(0.035000000149011612,0.81499997526407242)));
#9083=IFCARBITRARYCLOSEDPROFILEDEF(.AREA.,$,#9081);
#9084=IFCCARTESIANPOINT((0.02500000037252903,0.10250000178813934,0.02500000037252903));
#9085=IFCDIRECTION((0.,-1.,0.));
#9086=IFCDIRECTION((1.,0.,0.));
#9087=IFCAXIS2PLACEMENT3D(#9084,#9085,#9086);
#9088=IFCDIRECTION((0.,0.,-1.));
#9089=IFCEXTRUDEDAREASOLID(#9083,#9087,#9088,0.01);
#9090=IFCCARTESIANPOINTLIST2D(((0.,0.89999997615814209),(0.5,0.89999997615814209),(0.5,0.),(0.,0.),(0.,0.02500000037252903),(0.47499999962747097,0.02500000037252903),(0.47499999962747097,0.87499997578561306),(0.,0.87499997578561306)));
#9091=IFCINDEXEDPOLYCURVE(#9090,(IFCLINEINDEX((1,2,3,4,5,6,7,8,1))),$);
#9092=IFCARBITRARYCLOSEDPROFILEDEF(.AREA.,$,#9091);
#9093=IFCCARTESIANPOINT((0.30000001192092896,0.090000001713633537,0.));
#9094=IFCDIRECTION((0.,-1.,0.));
#9095=IFCDIRECTION((1.,0.,0.));
#9096=IFCAXIS2PLACEMENT3D(#9093,#9094,#9095);
#9097=IFCDIRECTION((0.,0.,-1.));
#9098=IFCEXTRUDEDAREASOLID(#9092,#9096,#9097,0.0099999997764825821);
#9099=IFCCARTESIANPOINTLIST2D(((0.,0.),(0.5,0.),(0.5,0.89999997615814209),(0.,0.89999997615814209)));
#9100=IFCINDEXEDPOLYCURVE(#9099,(IFCLINEINDEX((1,2,3,4,1))),$);
#9101=IFCCARTESIANPOINTLIST2D(((0.02500000037252903,0.05000000074505806),(0.44999999925494194,0.05000000074505806),(0.44999999925494194,0.84999997541308403),(0.02500000037252903,0.84999997541308403)));
#9102=IFCINDEXEDPOLYCURVE(#9101,(IFCLINEINDEX((1,2,3,4,1))),$);
#9103=IFCARBITRARYPROFILEDEFWITHVOIDS(.AREA.,$,#9100,(#9102));
#9104=IFCCARTESIANPOINT((0.30000001192092896,0.05000000074505806,0.));
#9105=IFCDIRECTION((0.,-1.,0.));
#9106=IFCDIRECTION((1.,0.,0.));
#9107=IFCAXIS2PLACEMENT3D(#9104,#9105,#9106);
#9108=IFCDIRECTION((0.,0.,-1.));
#9109=IFCEXTRUDEDAREASOLID(#9103,#9107,#9108,0.040000000968575478);
#9110=IFCCARTESIANPOINTLIST2D(((0.,0.),(0.47499999962747097,0.),(0.47499999962747097,0.84999997541308403),(0.,0.84999997541308403)));
#9111=IFCINDEXEDPOLYCURVE(#9110,(IFCLINEINDEX((1,2,3,4,1))),$);
#9112=IFCCARTESIANPOINTLIST2D(((0.035000000149011612,0.035000000149011612),(0.43999999947845936,0.035000000149011612),(0.43999999947845936,0.81499997526407242),(0.035000000149011612,0.81499997526407242)));
#9113=IFCINDEXEDPOLYCURVE(#9112,(IFCLINEINDEX((1,2,3,4,1))),$);
#9114=IFCARBITRARYPROFILEDEFWITHVOIDS(.AREA.,$,#9111,(#9113));
#9115=IFCCARTESIANPOINT((0.30000001192092896,0.090000001713633537,0.02500000037252903));
#9116=IFCDIRECTION((0.,-1.,0.));
#9117=IFCDIRECTION((1.,0.,0.));
#9118=IFCAXIS2PLACEMENT3D(#9115,#9116,#9117);
#9119=IFCDIRECTION((0.,0.,-1.));
#9120=IFCEXTRUDEDAREASOLID(#9114,#9118,#9119,0.035000000149011612);
#9121=IFCINDEXEDPOLYCURVE(#9122,(IFCLINEINDEX((1,2,3,4,1))),$);
#9122=IFCCARTESIANPOINTLIST2D(((0.035000000149011612,0.035000000149011612),(0.43999999947845936,0.035000000149011612),(0.43999999947845936,0.81499997526407242),(0.035000000149011612,0.81499997526407242)));
#9123=IFCARBITRARYCLOSEDPROFILEDEF(.AREA.,$,#9121);
#9124=IFCCARTESIANPOINT((0.30000001192092896,0.10250000178813934,0.02500000037252903));
#9125=IFCDIRECTION((0.,-1.,0.));
#9126=IFCDIRECTION((1.,0.,0.));
#9127=IFCAXIS2PLACEMENT3D(#9124,#9125,#9126);
#9128=IFCDIRECTION((0.,0.,-1.));
#9129=IFCEXTRUDEDAREASOLID(#9123,#9127,#9128,0.01);
#9131=IFCSHAPEREPRESENTATION(#11,'Body','SweptSolid',(#9261,#9272,#9069,#9058,#9232,#9221,#9098,#9109));
#9132=IFCSHAPEASPECT((#9131),'Lining',$,.T.,#8991);
#9133=IFCSHAPEREPRESENTATION(#11,'Body','SweptSolid',(#9243,#9120,#9283,#9080));
#9134=IFCSHAPEASPECT((#9133),'Framing',$,.T.,#8991);
#9135=IFCSHAPEREPRESENTATION(#11,'Body','SweptSolid',(#9129,#9089,#9292,#9252));
#9136=IFCSHAPEASPECT((#9135),'Glazing',$,.T.,#8991);
#9210=IFCCARTESIANPOINTLIST3D(((0.,0.,0.),(1.2000000476837158,0.,0.),(1.2000000476837158,0.,0.89999997615814209),(0.,0.,0.89999997615814209)));
#9211=IFCINDEXEDPOLYCURVE(#9210,(IFCLINEINDEX((1,2,3,4,1))),$);
#9212=IFCSHAPEREPRESENTATION(#18,'Profile','Curve3D',(#9211));
#9213=IFCCARTESIANPOINTLIST2D(((0.60000002384185791,0.),(0.,0.),(0.,0.89999997615814209),(0.60000002384185791,0.89999997615814209),(0.60000002384185791,0.87499997578561306),(0.02500000037252903,0.87499997578561306),(0.02500000037252903,0.02500000037252903),(0.60000002384185791,0.02500000037252903)));
#9214=IFCINDEXEDPOLYCURVE(#9213,(IFCLINEINDEX((1,2,3,4,5,6,7,8,1))),$);
#9215=IFCARBITRARYCLOSEDPROFILEDEF(.AREA.,$,#9214);
#9216=IFCCARTESIANPOINT((0.,0.090000001713633537,0.));
#9217=IFCDIRECTION((0.,-1.,0.));
#9218=IFCDIRECTION((1.,0.,0.));
#9219=IFCAXIS2PLACEMENT3D(#9216,#9217,#9218);
#9220=IFCDIRECTION((0.,0.,-1.));
#9221=IFCEXTRUDEDAREASOLID(#9215,#9219,#9220,0.0099999997764825821);
#9222=IFCCARTESIANPOINTLIST2D(((0.,0.),(0.60000002384185791,0.),(0.60000002384185791,0.89999997615814209),(0.,0.89999997615814209)));
#9223=IFCINDEXEDPOLYCURVE(#9222,(IFCLINEINDEX((1,2,3,4,1))),$);
#9224=IFCCARTESIANPOINTLIST2D(((0.05000000074505806,0.05000000074505806),(0.57500002346932888,0.05000000074505806),(0.57500002346932888,0.84999997541308403),(0.05000000074505806,0.84999997541308403)));
#9225=IFCINDEXEDPOLYCURVE(#9224,(IFCLINEINDEX((1,2,3,4,1))),$);
#9226=IFCARBITRARYPROFILEDEFWITHVOIDS(.AREA.,$,#9223,(#9225));
#9227=IFCCARTESIANPOINT((0.,0.05000000074505806,0.));
#9228=IFCDIRECTION((0.,-1.,0.));
#9229=IFCDIRECTION((1.,0.,0.));
#9230=IFCAXIS2PLACEMENT3D(#9227,#9228,#9229);
#9231=IFCDIRECTION((0.,0.,-1.));
#9232=IFCEXTRUDEDAREASOLID(#9226,#9230,#9231,0.040000000968575478);
#9233=IFCCARTESIANPOINTLIST2D(((0.,0.),(0.57500002346932888,0.),(0.57500002346932888,0.84999997541308403),(0.,0.84999997541308403)));
#9234=IFCINDEXEDPOLYCURVE(#9233,(IFCLINEINDEX((1,2,3,4,1))),$);
#9235=IFCCARTESIANPOINTLIST2D(((0.035000000149011612,0.035000000149011612),(0.54000002332031727,0.035000000149011612),(0.54000002332031727,0.81499997526407242),(0.035000000149011612,0.81499997526407242)));
#9236=IFCINDEXEDPOLYCURVE(#9235,(IFCLINEINDEX((1,2,3,4,1))),$);
#9237=IFCARBITRARYPROFILEDEFWITHVOIDS(.AREA.,$,#9234,(#9236));
#9238=IFCCARTESIANPOINT((0.02500000037252903,0.090000001713633537,0.02500000037252903));
#9239=IFCDIRECTION((0.,-1.,0.));
#9240=IFCDIRECTION((1.,0.,0.));
#9241=IFCAXIS2PLACEMENT3D(#9238,#9239,#9240);
#9242=IFCDIRECTION((0.,0.,-1.));
#9243=IFCEXTRUDEDAREASOLID(#9237,#9241,#9242,0.035000000149011612);
#9244=IFCINDEXEDPOLYCURVE(#9245,(IFCLINEINDEX((1,2,3,4,1))),$);
#9245=IFCCARTESIANPOINTLIST2D(((0.035000000149011612,0.035000000149011612),(0.54000002332031727,0.035000000149011612),(0.54000002332031727,0.81499997526407242),(0.035000000149011612,0.81499997526407242)));
#9246=IFCARBITRARYCLOSEDPROFILEDEF(.AREA.,$,#9244);
#9247=IFCCARTESIANPOINT((0.02500000037252903,0.10250000178813934,0.02500000037252903));
#9248=IFCDIRECTION((0.,-1.,0.));
#9249=IFCDIRECTION((1.,0.,0.));
#9250=IFCAXIS2PLACEMENT3D(#9247,#9248,#9249);
#9251=IFCDIRECTION((0.,0.,-1.));
#9252=IFCEXTRUDEDAREASOLID(#9246,#9250,#9251,0.01);
#9253=IFCCARTESIANPOINTLIST2D(((0.,0.89999997615814209),(0.60000002384185791,0.89999997615814209),(0.60000002384185791,0.),(0.,0.),(0.,0.02500000037252903),(0.57500002346932888,0.02500000037252903),(0.57500002346932888,0.87499997578561306),(0.,0.87499997578561306)));
#9254=IFCINDEXEDPOLYCURVE(#9253,(IFCLINEINDEX((1,2,3,4,5,6,7,8,1))),$);
#9255=IFCARBITRARYCLOSEDPROFILEDEF(.AREA.,$,#9254);
#9256=IFCCARTESIANPOINT((0.60000002384185791,0.090000001713633537,0.));
#9257=IFCDIRECTION((0.,-1.,0.));
#9258=IFCDIRECTION((1.,0.,0.));
#9259=IFCAXIS2PLACEMENT3D(#9256,#9257,#9258);
#9260=IFCDIRECTION((0.,0.,-1.));
#9261=IFCEXTRUDEDAREASOLID(#9255,#9259,#9260,0.0099999997764825821);
#9262=IFCCARTESIANPOINTLIST2D(((0.,0.),(0.60000002384185791,0.),(0.60000002384185791,0.89999997615814209),(0.,0.89999997615814209)));
#9263=IFCINDEXEDPOLYCURVE(#9262,(IFCLINEINDEX((1,2,3,4,1))),$);
#9264=IFCCARTESIANPOINTLIST2D(((0.02500000037252903,0.05000000074505806),(0.55000002309679985,0.05000000074505806),(0.55000002309679985,0.84999997541308403),(0.02500000037252903,0.84999997541308403)));
#9265=IFCINDEXEDPOLYCURVE(#9264,(IFCLINEINDEX((1,2,3,4,1))),$);
#9266=IFCARBITRARYPROFILEDEFWITHVOIDS(.AREA.,$,#9263,(#9265));
#9267=IFCCARTESIANPOINT((0.60000002384185791,0.05000000074505806,0.));
#9268=IFCDIRECTION((0.,-1.,0.));
#9269=IFCDIRECTION((1.,0.,0.));
#9270=IFCAXIS2PLACEMENT3D(#9267,#9268,#9269);
#9271=IFCDIRECTION((0.,0.,-1.));
#9272=IFCEXTRUDEDAREASOLID(#9266,#9270,#9271,0.040000000968575478);
#9273=IFCCARTESIANPOINTLIST2D(((0.,0.),(0.57500002346932888,0.),(0.57500002346932888,0.84999997541308403),(0.,0.84999997541308403)));
#9274=IFCINDEXEDPOLYCURVE(#9273,(IFCLINEINDEX((1,2,3,4,1))),$);
#9275=IFCCARTESIANPOINTLIST2D(((0.035000000149011612,0.035000000149011612),(0.54000002332031727,0.035000000149011612),(0.54000002332031727,0.81499997526407242),(0.035000000149011612,0.81499997526407242)));
#9276=IFCINDEXEDPOLYCURVE(#9275,(IFCLINEINDEX((1,2,3,4,1))),$);
#9277=IFCARBITRARYPROFILEDEFWITHVOIDS(.AREA.,$,#9274,(#9276));
#9278=IFCCARTESIANPOINT((0.60000002384185791,0.090000001713633537,0.02500000037252903));
#9279=IFCDIRECTION((0.,-1.,0.));
#9280=IFCDIRECTION((1.,0.,0.));
#9281=IFCAXIS2PLACEMENT3D(#9278,#9279,#9280);
#9282=IFCDIRECTION((0.,0.,-1.));
#9283=IFCEXTRUDEDAREASOLID(#9277,#9281,#9282,0.035000000149011612);
#9284=IFCINDEXEDPOLYCURVE(#9285,(IFCLINEINDEX((1,2,3,4,1))),$);
#9285=IFCCARTESIANPOINTLIST2D(((0.035000000149011612,0.035000000149011612),(0.54000002332031727,0.035000000149011612),(0.54000002332031727,0.81499997526407242),(0.035000000149011612,0.81499997526407242)));
#9286=IFCARBITRARYCLOSEDPROFILEDEF(.AREA.,$,#9284);
#9287=IFCCARTESIANPOINT((0.60000002384185791,0.10250000178813934,0.02500000037252903));
#9288=IFCDIRECTION((0.,-1.,0.));
#9289=IFCDIRECTION((1.,0.,0.));
#9290=IFCAXIS2PLACEMENT3D(#9287,#9288,#9289);
#9291=IFCDIRECTION((0.,0.,-1.));
#9292=IFCEXTRUDEDAREASOLID(#9286,#9290,#9291,0.01);
#9293=IFCSHAPEREPRESENTATION(#11,'Body','SweptSolid',(#9221,#9232,#9243,#9252,#9261,#9272,#9283,#9292));
#9294=IFCCARTESIANPOINTLIST2D(((0.05000000074505806,0.05000000074505806),(0.57500002346932888,0.05000000074505806)));
#9295=IFCINDEXEDPOLYCURVE(#9294,$,$);
#9296=IFCCARTESIANPOINTLIST2D(((0.,0.10000000149011612),(0.02500000037252903,0.10000000149011612),(0.02500000037252903,0.090000001713633537),(0.05000000074505806,0.090000001713633537),(0.05000000074505806,0.05000000074505806),(0.,0.05000000074505806)));
#9297=IFCINDEXEDPOLYCURVE(#9296,(IFCLINEINDEX((1,2,3,4,5,6,1))),$);
#9298=IFCCARTESIANPOINTLIST2D(((0.60000002384185791,0.10000000149011612),(0.60000002384185791,0.10000000149011612),(0.60000002384185791,0.090000001713633537),(0.57500002346932888,0.090000001713633537),(0.57500002346932888,0.05000000074505806),(0.60000002384185791,0.05000000074505806)));
#9299=IFCINDEXEDPOLYCURVE(#9298,$,$);
#9300=IFCCARTESIANPOINTLIST2D(((0.02500000037252903,0.090000001713633537),(0.060000000521540642,0.090000001713633537),(0.060000000521540642,0.12500000186264515),(0.02500000037252903,0.12500000186264515)));
#9301=IFCINDEXEDPOLYCURVE(#9300,(IFCLINEINDEX((1,2,3,4,1))),$);
#9302=IFCINDEXEDPOLYCURVE(#9303,(IFCLINEINDEX((1,2,3,4,1))),$);
#9303=IFCCARTESIANPOINTLIST2D(((0.60000002384185791,0.090000001713633537),(0.5650000236928463,0.090000001713633537),(0.5650000236928463,0.12500000186264515),(0.60000002384185791,0.12500000186264515)));
#9304=IFCCARTESIANPOINTLIST2D(((0.060000000521540642,0.090000001713633537),(0.5650000236928463,0.090000001713633537)));
#9305=IFCINDEXEDPOLYCURVE(#9304,$,$);
#9306=IFCINDEXEDPOLYCURVE(#9307,$,$);
#9307=IFCCARTESIANPOINTLIST2D(((0.060000000521540642,0.12500000186264515),(0.5650000236928463,0.12500000186264515)));
#9308=IFCINDEXEDPOLYCURVE(#9309,$,$);
#9309=IFCCARTESIANPOINTLIST2D(((0.060000000521540642,0.10750000178813934),(0.5650000236928463,0.10750000178813934)));
#9310=IFCCARTESIANPOINTLIST2D(((0.62500002421438694,0.05000000074505806),(1.1500000469386578,0.05000000074505806)));
#9311=IFCINDEXEDPOLYCURVE(#9310,$,$);
#9312=IFCCARTESIANPOINTLIST2D(((0.60000002384185791,0.10000000149011612),(0.60000002384185791,0.10000000149011612),(0.60000002384185791,0.090000001713633537),(0.62500002421438694,0.090000001713633537),(0.62500002421438694,0.05000000074505806),(0.60000002384185791,0.05000000074505806)));
#9313=IFCINDEXEDPOLYCURVE(#9312,$,$);
#9314=IFCCARTESIANPOINTLIST2D(((1.2000000476837158,0.10000000149011612),(1.1750000473111868,0.10000000149011612),(1.1750000473111868,0.090000001713633537),(1.1500000469386578,0.090000001713633537),(1.1500000469386578,0.05000000074505806),(1.2000000476837158,0.05000000074505806)));
#9315=IFCINDEXEDPOLYCURVE(#9314,(IFCLINEINDEX((1,2,3,4,5,6,1))),$);
#9316=IFCCARTESIANPOINTLIST2D(((0.60000002384185791,0.090000001713633537),(0.63500002399086952,0.090000001713633537),(0.63500002399086952,0.12500000186264515),(0.60000002384185791,0.12500000186264515)));
#9317=IFCINDEXEDPOLYCURVE(#9316,(IFCLINEINDEX((1,2,3,4,1))),$);
#9318=IFCINDEXEDPOLYCURVE(#9319,(IFCLINEINDEX((1,2,3,4,1))),$);
#9319=IFCCARTESIANPOINTLIST2D(((1.1750000473111868,0.090000001713633537),(1.1400000471621752,0.090000001713633537),(1.1400000471621752,0.12500000186264515),(1.1750000473111868,0.12500000186264515)));
#9320=IFCCARTESIANPOINTLIST2D(((0.63500002399086952,0.090000001713633537),(1.1400000471621752,0.090000001713633537)));
#9321=IFCINDEXEDPOLYCURVE(#9320,$,$);
#9322=IFCINDEXEDPOLYCURVE(#9323,$,$);
#9323=IFCCARTESIANPOINTLIST2D(((0.63500002399086952,0.12500000186264515),(1.1400000471621752,0.12500000186264515)));
#9324=IFCINDEXEDPOLYCURVE(#9325,$,$);
#9325=IFCCARTESIANPOINTLIST2D(((0.63500002399086952,0.10750000178813934),(1.1400000471621752,0.10750000178813934)));
#9326=IFCSHAPEREPRESENTATION(#24,'Body','Curve2D',(#9295,#9297,#9299,#9301,#9302,#9305,#9306,#9308,#9311,#9313,#9315,#9317,#9318,#9321,#9322,#9324));
#9327=IFCCARTESIANPOINTLIST2D(((0.,0.),(1.2000000476837158,0.),(1.2000000476837158,0.89999997615814209),(0.,0.89999997615814209)));
#9328=IFCINDEXEDPOLYCURVE(#9327,(IFCLINEINDEX((1,2,3,4,1))),$);
#9329=IFCARBITRARYCLOSEDPROFILEDEF(.AREA.,$,#9328);
#9330=IFCCARTESIANPOINT((0.,-0.60000002384185791,0.));
#9331=IFCDIRECTION((0.,-1.,0.));
#9332=IFCDIRECTION((1.,0.,0.));
#9333=IFCAXIS2PLACEMENT3D(#9330,#9331,#9332);
#9334=IFCDIRECTION((0.,0.,-1.));
#9335=IFCEXTRUDEDAREASOLID(#9329,#9333,#9334,1.2);
#9336=IFCSHAPEREPRESENTATION(#11,'Body','SweptSolid',(#9335));
#9342=IFCCARTESIANPOINT((0.6038922656558805,8.3185084776005169E-07,1.));
#9343=IFCDIRECTION((0.,0.,1.));
#9344=IFCDIRECTION((0.99999999999997147,-2.3841854533419426E-07,0.));
#9345=IFCAXIS2PLACEMENT3D(#9342,#9343,#9344);
#9346=IFCLOCALPLACEMENT(#10906,#9345);
#9347=IFCCARTESIANPOINT((1.1102230246251565E-16,1.7763568394002505E-15,0.));
#9348=IFCDIRECTION((0.,0.,1.));
#9349=IFCDIRECTION((1.,1.0842021724855044E-19,0.));
#9350=IFCAXIS2PLACEMENT3D(#9347,#9348,#9349);
#9351=IFCLOCALPLACEMENT(#9346,#9350);
#9437=IFCWINDOWTYPE('1Wu$P7URXD5PE8RC5UVX6z',$,'BEDROOM 2-1-2F',$,$,(#9438),(#9440,#9448,#9534),$,$,.WINDOW.,.SINGLE_PANEL.,$,$);
#9438=IFCPROPERTYSET('07sI5JR6X1rgYfGiBtb6IC',$,'BBIM_Window',$,(#9439));
#9439=IFCPROPERTYSINGLEVALUE('Data',$,IFCTEXT('{"window_type": "DOUBLE_PANEL_VERTICAL", "overall_height": 0.8999999761581421, "overall_width": 1.2000000476837158, "lining_properties": {"lining_depth": 0.05000000074505806, "lining_thickness": 0.05000000074505806, "lining_offset": 0.05000000074505806, "lining_to_panel_offset_x": 0.02500000037252903, "lining_to_panel_offset_y": 0.02500000037252903, "mullion_thickness": 0.05000000074505806, "first_mullion_offset": 0.6000000238418579}, "panel_properties": {"frame_depth": [0.03500000014901161, 0.03500000014901161, 0.03500000014901161], "frame_thickness": [0.03500000014901161, 0.03500000014901161, 0.03500000014901161]}}'),$);
#9440=IFCREPRESENTATIONMAP(#9441,#9654);
#9441=IFCAXIS2PLACEMENT3D(#9442,#9443,#9444);
#9442=IFCCARTESIANPOINT((0.,0.,0.));
#9443=IFCDIRECTION((0.,0.,1.));
#9444=IFCDIRECTION((1.,0.,0.));
#9448=IFCREPRESENTATIONMAP(#9449,#9735);
#9449=IFCAXIS2PLACEMENT3D(#9450,#9451,#9452);
#9450=IFCCARTESIANPOINT((0.,0.,0.));
#9451=IFCDIRECTION((0.,0.,1.));
#9452=IFCDIRECTION((1.,0.,0.));
#9534=IFCREPRESENTATIONMAP(#9535,#9774);
#9535=IFCAXIS2PLACEMENT3D(#9536,#9537,#9538);
#9536=IFCCARTESIANPOINT((0.,0.,0.));
#9537=IFCDIRECTION((0.,0.,1.));
#9538=IFCDIRECTION((1.,0.,0.));
#9572=IFCWINDOW('2oKRBawhj69gcMMNIAXzHI',$,'Window',$,$,#9799,#9581,$,0.89999997615814209,1.2000000476837158,$,.DOUBLE_PANEL_VERTICAL.,$);
#9573=IFCRELDEFINESBYTYPE('3I6wbbITT1v8PFeCJwSzuK',$,$,$,(#9572),#9437);
#9574=IFCCARTESIANPOINT((0.,0.,0.));
#9575=IFCDIRECTION((1.,0.,0.));
#9576=IFCDIRECTION((0.,1.,0.));
#9577=IFCDIRECTION((0.,0.,1.));
#9578=IFCCARTESIANTRANSFORMATIONOPERATOR3D(#9575,#9576,#9574,1.,#9577);
#9579=IFCMAPPEDITEM(#9440,#9578);
#9580=IFCSHAPEREPRESENTATION(#18,'Profile','MappedRepresentation',(#9579));
#9581=IFCPRODUCTDEFINITIONSHAPE($,$,(#9580,#9588,#9595));
#9582=IFCCARTESIANPOINT((0.,0.,0.));
#9583=IFCDIRECTION((1.,0.,0.));
#9584=IFCDIRECTION((0.,1.,0.));
#9585=IFCDIRECTION((0.,0.,1.));
#9586=IFCCARTESIANTRANSFORMATIONOPERATOR3D(#9583,#9584,#9582,1.,#9585);
#9587=IFCMAPPEDITEM(#9448,#9586);
#9588=IFCSHAPEREPRESENTATION(#11,'Body','MappedRepresentation',(#9587));
#9589=IFCCARTESIANPOINT((0.,0.,0.));
#9590=IFCDIRECTION((1.,0.,0.));
#9591=IFCDIRECTION((0.,1.,0.));
#9592=IFCDIRECTION((0.,0.,1.));
#9593=IFCCARTESIANTRANSFORMATIONOPERATOR3D(#9590,#9591,#9589,1.,#9592);
#9594=IFCMAPPEDITEM(#9534,#9593);
#9595=IFCSHAPEREPRESENTATION(#24,'Body','MappedRepresentation',(#9594));
#9596=IFCOPENINGELEMENT('0Gc6ZT6ZT8ahIvXFWnIikp',$,'Opening',$,$,#9794,#9624,$,.OPENING.);
#9612=IFCCARTESIANPOINT((0.,0.,0.));
#9613=IFCDIRECTION((1.,0.,0.));
#9614=IFCDIRECTION((0.,0.,1.));
#9615=IFCAXIS2PLACEMENT3D(#9612,#9614,#9613);
#9616=IFCREPRESENTATIONMAP(#9615,#9784);
#9617=IFCCARTESIANPOINT((0.,0.,0.));
#9618=IFCDIRECTION((1.,0.,0.));
#9619=IFCDIRECTION((0.,1.,0.));
#9620=IFCDIRECTION((0.,0.,1.));
#9621=IFCCARTESIANTRANSFORMATIONOPERATOR3D(#9618,#9619,#9617,1.,#9620);
#9622=IFCMAPPEDITEM(#9616,#9621);
#9623=IFCSHAPEREPRESENTATION(#11,'Body','MappedRepresentation',(#9622));
#9624=IFCPRODUCTDEFINITIONSHAPE($,$,(#9623));
#9625=IFCRELVOIDSELEMENT('1nxUYNCJr87A096Fb8kd5p',$,$,$,#5447,#9596);
#9631=IFCRELFILLSELEMENT('3AVtwf$f55Ofd_YNskFTvb',$,$,$,#9596,#9572);
#9652=IFCCARTESIANPOINTLIST3D(((0.,0.,0.),(1.2000000476837158,0.,0.),(1.2000000476837158,0.,0.89999997615814209),(0.,0.,0.89999997615814209)));
#9653=IFCINDEXEDPOLYCURVE(#9652,(IFCLINEINDEX((1,2,3,4,1))),$);
#9654=IFCSHAPEREPRESENTATION(#18,'Profile','Curve3D',(#9653));
#9655=IFCCARTESIANPOINTLIST2D(((0.60000002384185791,0.),(0.,0.),(0.,0.89999997615814209),(0.60000002384185791,0.89999997615814209),(0.60000002384185791,0.87499997578561306),(0.02500000037252903,0.87499997578561306),(0.02500000037252903,0.02500000037252903),(0.60000002384185791,0.02500000037252903)));
#9656=IFCINDEXEDPOLYCURVE(#9655,(IFCLINEINDEX((1,2,3,4,5,6,7,8,1))),$);
#9657=IFCARBITRARYCLOSEDPROFILEDEF(.AREA.,$,#9656);
#9658=IFCCARTESIANPOINT((0.,0.090000001713633537,0.));
#9659=IFCDIRECTION((0.,-1.,0.));
#9660=IFCDIRECTION((1.,0.,0.));
#9661=IFCAXIS2PLACEMENT3D(#9658,#9659,#9660);
#9662=IFCDIRECTION((0.,0.,-1.));
#9663=IFCEXTRUDEDAREASOLID(#9657,#9661,#9662,0.0099999997764825821);
#9664=IFCCARTESIANPOINTLIST2D(((0.,0.),(0.60000002384185791,0.),(0.60000002384185791,0.89999997615814209),(0.,0.89999997615814209)));
#9665=IFCINDEXEDPOLYCURVE(#9664,(IFCLINEINDEX((1,2,3,4,1))),$);
#9666=IFCCARTESIANPOINTLIST2D(((0.05000000074505806,0.05000000074505806),(0.57500002346932888,0.05000000074505806),(0.57500002346932888,0.84999997541308403),(0.05000000074505806,0.84999997541308403)));
#9667=IFCINDEXEDPOLYCURVE(#9666,(IFCLINEINDEX((1,2,3,4,1))),$);
#9668=IFCARBITRARYPROFILEDEFWITHVOIDS(.AREA.,$,#9665,(#9667));
#9669=IFCCARTESIANPOINT((0.,0.05000000074505806,0.));
#9670=IFCDIRECTION((0.,-1.,0.));
#9671=IFCDIRECTION((1.,0.,0.));
#9672=IFCAXIS2PLACEMENT3D(#9669,#9670,#9671);
#9673=IFCDIRECTION((0.,0.,-1.));
#9674=IFCEXTRUDEDAREASOLID(#9668,#9672,#9673,0.040000000968575478);
#9675=IFCCARTESIANPOINTLIST2D(((0.,0.),(0.57500002346932888,0.),(0.57500002346932888,0.84999997541308403),(0.,0.84999997541308403)));
#9676=IFCINDEXEDPOLYCURVE(#9675,(IFCLINEINDEX((1,2,3,4,1))),$);
#9677=IFCCARTESIANPOINTLIST2D(((0.035000000149011612,0.035000000149011612),(0.54000002332031727,0.035000000149011612),(0.54000002332031727,0.81499997526407242),(0.035000000149011612,0.81499997526407242)));
#9678=IFCINDEXEDPOLYCURVE(#9677,(IFCLINEINDEX((1,2,3,4,1))),$);
#9679=IFCARBITRARYPROFILEDEFWITHVOIDS(.AREA.,$,#9676,(#9678));
#9680=IFCCARTESIANPOINT((0.02500000037252903,0.090000001713633537,0.02500000037252903));
#9681=IFCDIRECTION((0.,-1.,0.));
#9682=IFCDIRECTION((1.,0.,0.));
#9683=IFCAXIS2PLACEMENT3D(#9680,#9681,#9682);
#9684=IFCDIRECTION((0.,0.,-1.));
#9685=IFCEXTRUDEDAREASOLID(#9679,#9683,#9684,0.035000000149011612);
#9686=IFCINDEXEDPOLYCURVE(#9687,(IFCLINEINDEX((1,2,3,4,1))),$);
#9687=IFCCARTESIANPOINTLIST2D(((0.035000000149011612,0.035000000149011612),(0.54000002332031727,0.035000000149011612),(0.54000002332031727,0.81499997526407242),(0.035000000149011612,0.81499997526407242)));
#9688=IFCARBITRARYCLOSEDPROFILEDEF(.AREA.,$,#9686);
#9689=IFCCARTESIANPOINT((0.02500000037252903,0.10250000178813934,0.02500000037252903));
#9690=IFCDIRECTION((0.,-1.,0.));
#9691=IFCDIRECTION((1.,0.,0.));
#9692=IFCAXIS2PLACEMENT3D(#9689,#9690,#9691);
#9693=IFCDIRECTION((0.,0.,-1.));
#9694=IFCEXTRUDEDAREASOLID(#9688,#9692,#9693,0.01);
#9695=IFCCARTESIANPOINTLIST2D(((0.,0.89999997615814209),(0.60000002384185791,0.89999997615814209),(0.60000002384185791,0.),(0.,0.),(0.,0.02500000037252903),(0.57500002346932888,0.02500000037252903),(0.57500002346932888,0.87499997578561306),(0.,0.87499997578561306)));
#9696=IFCINDEXEDPOLYCURVE(#9695,(IFCLINEINDEX((1,2,3,4,5,6,7,8,1))),$);
#9697=IFCARBITRARYCLOSEDPROFILEDEF(.AREA.,$,#9696);
#9698=IFCCARTESIANPOINT((0.60000002384185791,0.090000001713633537,0.));
#9699=IFCDIRECTION((0.,-1.,0.));
#9700=IFCDIRECTION((1.,0.,0.));
#9701=IFCAXIS2PLACEMENT3D(#9698,#9699,#9700);
#9702=IFCDIRECTION((0.,0.,-1.));
#9703=IFCEXTRUDEDAREASOLID(#9697,#9701,#9702,0.0099999997764825821);
#9704=IFCCARTESIANPOINTLIST2D(((0.,0.),(0.60000002384185791,0.),(0.60000002384185791,0.89999997615814209),(0.,0.89999997615814209)));
#9705=IFCINDEXEDPOLYCURVE(#9704,(IFCLINEINDEX((1,2,3,4,1))),$);
#9706=IFCCARTESIANPOINTLIST2D(((0.02500000037252903,0.05000000074505806),(0.55000002309679985,0.05000000074505806),(0.55000002309679985,0.84999997541308403),(0.02500000037252903,0.84999997541308403)));
#9707=IFCINDEXEDPOLYCURVE(#9706,(IFCLINEINDEX((1,2,3,4,1))),$);
#9708=IFCARBITRARYPROFILEDEFWITHVOIDS(.AREA.,$,#9705,(#9707));
#9709=IFCCARTESIANPOINT((0.60000002384185791,0.05000000074505806,0.));
#9710=IFCDIRECTION((0.,-1.,0.));
#9711=IFCDIRECTION((1.,0.,0.));
#9712=IFCAXIS2PLACEMENT3D(#9709,#9710,#9711);
#9713=IFCDIRECTION((0.,0.,-1.));
#9714=IFCEXTRUDEDAREASOLID(#9708,#9712,#9713,0.040000000968575478);
#9715=IFCCARTESIANPOINTLIST2D(((0.,0.),(0.57500002346932888,0.),(0.57500002346932888,0.84999997541308403),(0.,0.84999997541308403)));
#9716=IFCINDEXEDPOLYCURVE(#9715,(IFCLINEINDEX((1,2,3,4,1))),$);
#9717=IFCCARTESIANPOINTLIST2D(((0.035000000149011612,0.035000000149011612),(0.54000002332031727,0.035000000149011612),(0.54000002332031727,0.81499997526407242),(0.035000000149011612,0.81499997526407242)));
#9718=IFCINDEXEDPOLYCURVE(#9717,(IFCLINEINDEX((1,2,3,4,1))),$);
#9719=IFCARBITRARYPROFILEDEFWITHVOIDS(.AREA.,$,#9716,(#9718));
#9720=IFCCARTESIANPOINT((0.60000002384185791,0.090000001713633537,0.02500000037252903));
#9721=IFCDIRECTION((0.,-1.,0.));
#9722=IFCDIRECTION((1.,0.,0.));
#9723=IFCAXIS2PLACEMENT3D(#9720,#9721,#9722);
#9724=IFCDIRECTION((0.,0.,-1.));
#9725=IFCEXTRUDEDAREASOLID(#9719,#9723,#9724,0.035000000149011612);
#9726=IFCINDEXEDPOLYCURVE(#9727,(IFCLINEINDEX((1,2,3,4,1))),$);
#9727=IFCCARTESIANPOINTLIST2D(((0.035000000149011612,0.035000000149011612),(0.54000002332031727,0.035000000149011612),(0.54000002332031727,0.81499997526407242),(0.035000000149011612,0.81499997526407242)));
#9728=IFCARBITRARYCLOSEDPROFILEDEF(.AREA.,$,#9726);
#9729=IFCCARTESIANPOINT((0.60000002384185791,0.10250000178813934,0.02500000037252903));
#9730=IFCDIRECTION((0.,-1.,0.));
#9731=IFCDIRECTION((1.,0.,0.));
#9732=IFCAXIS2PLACEMENT3D(#9729,#9730,#9731);
#9733=IFCDIRECTION((0.,0.,-1.));
#9734=IFCEXTRUDEDAREASOLID(#9728,#9732,#9733,0.01);
#9735=IFCSHAPEREPRESENTATION(#11,'Body','SweptSolid',(#9663,#9674,#9685,#9694,#9703,#9714,#9725,#9734));
#9736=IFCSHAPEREPRESENTATION(#11,'Body','SweptSolid',(#9663,#9674,#9703,#9714));
#9737=IFCSHAPEASPECT((#9736),'Lining',$,.T.,#9581);
#9738=IFCSHAPEREPRESENTATION(#11,'Body','SweptSolid',(#9685,#9725));
#9739=IFCSHAPEASPECT((#9738),'Framing',$,.T.,#9581);
#9740=IFCSHAPEREPRESENTATION(#11,'Body','SweptSolid',(#9694,#9734));
#9741=IFCSHAPEASPECT((#9740),'Glazing',$,.T.,#9581);
#9742=IFCCARTESIANPOINTLIST2D(((0.05000000074505806,0.05000000074505806),(0.57500002346932888,0.05000000074505806)));
#9743=IFCINDEXEDPOLYCURVE(#9742,$,$);
#9744=IFCCARTESIANPOINTLIST2D(((0.,0.10000000149011612),(0.02500000037252903,0.10000000149011612),(0.02500000037252903,0.090000001713633537),(0.05000000074505806,0.090000001713633537),(0.05000000074505806,0.05000000074505806),(0.,0.05000000074505806)));
#9745=IFCINDEXEDPOLYCURVE(#9744,(IFCLINEINDEX((1,2,3,4,5,6,1))),$);
#9746=IFCCARTESIANPOINTLIST2D(((0.60000002384185791,0.10000000149011612),(0.60000002384185791,0.10000000149011612),(0.60000002384185791,0.090000001713633537),(0.57500002346932888,0.090000001713633537),(0.57500002346932888,0.05000000074505806),(0.60000002384185791,0.05000000074505806)));
#9747=IFCINDEXEDPOLYCURVE(#9746,$,$);
#9748=IFCCARTESIANPOINTLIST2D(((0.02500000037252903,0.090000001713633537),(0.060000000521540642,0.090000001713633537),(0.060000000521540642,0.12500000186264515),(0.02500000037252903,0.12500000186264515)));
#9749=IFCINDEXEDPOLYCURVE(#9748,(IFCLINEINDEX((1,2,3,4,1))),$);
#9750=IFCINDEXEDPOLYCURVE(#9751,(IFCLINEINDEX((1,2,3,4,1))),$);
#9751=IFCCARTESIANPOINTLIST2D(((0.60000002384185791,0.090000001713633537),(0.5650000236928463,0.090000001713633537),(0.5650000236928463,0.12500000186264515),(0.60000002384185791,0.12500000186264515)));
#9752=IFCCARTESIANPOINTLIST2D(((0.060000000521540642,0.090000001713633537),(0.5650000236928463,0.090000001713633537)));
#9753=IFCINDEXEDPOLYCURVE(#9752,$,$);
#9754=IFCINDEXEDPOLYCURVE(#9755,$,$);
#9755=IFCCARTESIANPOINTLIST2D(((0.060000000521540642,0.12500000186264515),(0.5650000236928463,0.12500000186264515)));
#9756=IFCINDEXEDPOLYCURVE(#9757,$,$);
#9757=IFCCARTESIANPOINTLIST2D(((0.060000000521540642,0.10750000178813934),(0.5650000236928463,0.10750000178813934)));
#9758=IFCCARTESIANPOINTLIST2D(((0.62500002421438694,0.05000000074505806),(1.1500000469386578,0.05000000074505806)));
#9759=IFCINDEXEDPOLYCURVE(#9758,$,$);
#9760=IFCCARTESIANPOINTLIST2D(((0.60000002384185791,0.10000000149011612),(0.60000002384185791,0.10000000149011612),(0.60000002384185791,0.090000001713633537),(0.62500002421438694,0.090000001713633537),(0.62500002421438694,0.05000000074505806),(0.60000002384185791,0.05000000074505806)));
#9761=IFCINDEXEDPOLYCURVE(#9760,$,$);
#9762=IFCCARTESIANPOINTLIST2D(((1.2000000476837158,0.10000000149011612),(1.1750000473111868,0.10000000149011612),(1.1750000473111868,0.090000001713633537),(1.1500000469386578,0.090000001713633537),(1.1500000469386578,0.05000000074505806),(1.2000000476837158,0.05000000074505806)));
#9763=IFCINDEXEDPOLYCURVE(#9762,(IFCLINEINDEX((1,2,3,4,5,6,1))),$);
#9764=IFCCARTESIANPOINTLIST2D(((0.60000002384185791,0.090000001713633537),(0.63500002399086952,0.090000001713633537),(0.63500002399086952,0.12500000186264515),(0.60000002384185791,0.12500000186264515)));
#9765=IFCINDEXEDPOLYCURVE(#9764,(IFCLINEINDEX((1,2,3,4,1))),$);
#9766=IFCINDEXEDPOLYCURVE(#9767,(IFCLINEINDEX((1,2,3,4,1))),$);
#9767=IFCCARTESIANPOINTLIST2D(((1.1750000473111868,0.090000001713633537),(1.1400000471621752,0.090000001713633537),(1.1400000471621752,0.12500000186264515),(1.1750000473111868,0.12500000186264515)));
#9768=IFCCARTESIANPOINTLIST2D(((0.63500002399086952,0.090000001713633537),(1.1400000471621752,0.090000001713633537)));
#9769=IFCINDEXEDPOLYCURVE(#9768,$,$);
#9770=IFCINDEXEDPOLYCURVE(#9771,$,$);
#9771=IFCCARTESIANPOINTLIST2D(((0.63500002399086952,0.12500000186264515),(1.1400000471621752,0.12500000186264515)));
#9772=IFCINDEXEDPOLYCURVE(#9773,$,$);
#9773=IFCCARTESIANPOINTLIST2D(((0.63500002399086952,0.10750000178813934),(1.1400000471621752,0.10750000178813934)));
#9774=IFCSHAPEREPRESENTATION(#24,'Body','Curve2D',(#9743,#9745,#9747,#9749,#9750,#9753,#9754,#9756,#9759,#9761,#9763,#9765,#9766,#9769,#9770,#9772));
#9775=IFCCARTESIANPOINTLIST2D(((0.,0.),(1.2000000476837158,0.),(1.2000000476837158,0.89999997615814209),(0.,0.89999997615814209)));
#9776=IFCINDEXEDPOLYCURVE(#9775,(IFCLINEINDEX((1,2,3,4,1))),$);
#9777=IFCARBITRARYCLOSEDPROFILEDEF(.AREA.,$,#9776);
#9778=IFCCARTESIANPOINT((0.,-0.60000002384185791,0.));
#9779=IFCDIRECTION((0.,-1.,0.));
#9780=IFCDIRECTION((1.,0.,0.));
#9781=IFCAXIS2PLACEMENT3D(#9778,#9779,#9780);
#9782=IFCDIRECTION((0.,0.,-1.));
#9783=IFCEXTRUDEDAREASOLID(#9777,#9781,#9782,1.2);
#9784=IFCSHAPEREPRESENTATION(#11,'Body','SweptSolid',(#9783));
#9790=IFCCARTESIANPOINT((0.31938216378945805,1.5691844579279746E-07,1.));
#9791=IFCDIRECTION((0.,0.,1.));
#9792=IFCDIRECTION((0.99999999999997158,-2.3841857735002034E-07,0.));
#9793=IFCAXIS2PLACEMENT3D(#9790,#9791,#9792);
#9794=IFCLOCALPLACEMENT(#10881,#9793);
#9795=IFCCARTESIANPOINT((-8.8817841970012523E-16,-4.4408920985006262E-16,0.));
#9796=IFCDIRECTION((0.,0.,1.));
#9797=IFCDIRECTION((1.,0.,0.));
#9798=IFCAXIS2PLACEMENT3D(#9795,#9796,#9797);
#9799=IFCLOCALPLACEMENT(#9794,#9798);
#9800=IFCCARTESIANPOINTLIST3D(((0.,0.,0.),(1.3999999761581421,0.,0.),(1.3999999761581421,0.,2.),(0.,0.,2.)));
#9801=IFCINDEXEDPOLYCURVE(#9800,(IFCLINEINDEX((1,2,3,4,1))),$);
#9802=IFCSHAPEREPRESENTATION(#18,'Profile','Curve3D',(#9801));
#9803=IFCCARTESIANPOINTLIST2D(((0.,0.),(0.,2.),(1.3999999761581421,2.),(1.3999999761581421,0.),(1.349999975413084,0.),(1.349999975413084,1.9499999992549419),(0.05000000074505806,1.9499999992549419),(0.05000000074505806,0.)));
#9804=IFCINDEXEDPOLYCURVE(#9803,(IFCLINEINDEX((1,2,3,4,5,6,7,8,1))),$);
#9805=IFCARBITRARYCLOSEDPROFILEDEF(.AREA.,$,#9804);
#9806=IFCCARTESIANPOINT((0.,0.,0.));
#9807=IFCDIRECTION((0.,-1.,0.));
#9808=IFCDIRECTION((1.,0.,0.));
#9809=IFCAXIS2PLACEMENT3D(#9806,#9807,#9808);
#9810=IFCDIRECTION((0.,0.,-1.));
#9811=IFCEXTRUDEDAREASOLID(#9805,#9809,#9810,0.05000000074505806);
#9812=IFCCARTESIANPOINTLIST2D(((0.,0.),(1.299999974668026,0.),(1.299999974668026,0.10000000149011612),(0.,0.10000000149011612)));
#9813=IFCINDEXEDPOLYCURVE(#9812,(IFCLINEINDEX((1,2,3,4,1))),$);
#9814=IFCARBITRARYCLOSEDPROFILEDEF(.AREA.,$,#9813);
#9815=IFCCARTESIANPOINT((0.05000000074505806,0.,0.));
#9816=IFCDIRECTION((0.,0.,1.));
#9817=IFCDIRECTION((1.,0.,0.));
#9818=IFCAXIS2PLACEMENT3D(#9815,#9816,#9817);
#9819=IFCDIRECTION((0.,0.,1.));
#9820=IFCEXTRUDEDAREASOLID(#9814,#9818,#9819,0.02500000037252903);
#9821=IFCCARTESIANPOINTLIST2D(((0.,0.),(0.,2.0250000022351742),(1.4499999806284904,2.0250000022351742),(1.4499999806284904,0.),(1.3749999776482582,0.),(1.3749999776482582,1.9499999992549419),(0.075000002980232239,1.9499999992549419),(0.075000002980232239,0.)));
#9822=IFCINDEXEDPOLYCURVE(#9821,(IFCLINEINDEX((1,2,3,4,5,6,7,8,1))),$);
#9823=IFCARBITRARYCLOSEDPROFILEDEF(.AREA.,$,#9822);
#9824=IFCCARTESIANPOINT((-0.025000002235174179,-0.004999999888241291,0.));
#9825=IFCDIRECTION((0.,-1.,0.));
#9826=IFCDIRECTION((1.,0.,0.));
#9827=IFCAXIS2PLACEMENT3D(#9824,#9825,#9826);
#9828=IFCDIRECTION((0.,0.,-1.));
#9829=IFCEXTRUDEDAREASOLID(#9823,#9827,#9828,0.004999999888241291);
#9830=IFCCARTESIANPOINTLIST2D(((0.,0.),(0.,2.0250000022351742),(1.4499999806284904,2.0250000022351742),(1.4499999806284904,0.),(1.3749999776482582,0.),(1.3749999776482582,1.9499999992549419),(0.075000002980232239,1.9499999992549419),(0.075000002980232239,0.)));
#9831=IFCINDEXEDPOLYCURVE(#9830,(IFCLINEINDEX((1,2,3,4,5,6,7,8,1))),$);
#9832=IFCARBITRARYCLOSEDPROFILEDEF(.AREA.,$,#9831);
#9833=IFCCARTESIANPOINT((-0.025000002235174179,0.05000000074505806,0.));
#9834=IFCDIRECTION((0.,-1.,0.));
#9835=IFCDIRECTION((1.,0.,0.));
#9836=IFCAXIS2PLACEMENT3D(#9833,#9834,#9835);
#9837=IFCDIRECTION((0.,0.,-1.));
#9838=IFCEXTRUDEDAREASOLID(#9832,#9836,#9837,0.004999999888241291);
#9839=IFCCARTESIANPOINTLIST2D(((0.,0.),(1.299999974668026,0.),(1.299999974668026,0.035000000149011612),(0.,0.035000000149011612)));
#9840=IFCINDEXEDPOLYCURVE(#9839,(IFCLINEINDEX((1,2,3,4,1))),$);
#9841=IFCARBITRARYCLOSEDPROFILEDEF(.AREA.,$,#9840);
#9842=IFCCARTESIANPOINT((0.05000000074505806,-0.035000000149011612,0.02500000037252903));
#9843=IFCDIRECTION((0.,0.,1.));
#9844=IFCDIRECTION((1.,0.,0.));
#9845=IFCAXIS2PLACEMENT3D(#9842,#9843,#9844);
#9846=IFCDIRECTION((0.,0.,1.));
#9847=IFCEXTRUDEDAREASOLID(#9841,#9845,#9846,1.9249999988824129);
#9848=IFCCARTESIANPOINTLIST2D(((0.,0.),(0.,-0.040000000000000001),(0.12,-0.040000000000000001),(0.12,-0.02),(0.02,-0.02),(0.02,0.)));
#9849=IFCINDEXEDPOLYCURVE(#9848,(IFCLINEINDEX((1,2,3,4,5,6,1))),$);
#9850=IFCARBITRARYCLOSEDPROFILEDEF(.AREA.,$,#9849);
#9851=IFCCARTESIANPOINT((0.10000000074505806,-0.035000000149011612,1.015000000372529));
#9852=IFCDIRECTION((0.,0.,1.));
#9853=IFCDIRECTION((1.,0.,0.));
#9854=IFCAXIS2PLACEMENT3D(#9851,#9852,#9853);
#9855=IFCDIRECTION((0.,0.,1.));
#9856=IFCEXTRUDEDAREASOLID(#9850,#9854,#9855,0.02);
#9857=IFCEXTRUDEDAREASOLID(#9858,#9861,#9865,0.02);
#9858=IFCARBITRARYCLOSEDPROFILEDEF(.AREA.,$,#9859);
#9859=IFCINDEXEDPOLYCURVE(#9860,(IFCLINEINDEX((1,2,3,4,5,6,1))),$);
#9860=IFCCARTESIANPOINTLIST2D(((0.,0.),(0.,0.040000000000000008),(0.11999999999999998,0.040000000000000008),(0.11999999999999998,0.020000000000000004),(0.020000000000000004,0.020000000000000004),(0.020000000000000004,0.)));
#9861=IFCAXIS2PLACEMENT3D(#9862,#9863,#9864);
#9862=IFCCARTESIANPOINT((0.10000000074505806,0.,1.015000000372529));
#9863=IFCDIRECTION((0.,0.,1.));
#9864=IFCDIRECTION((1.,0.,0.));
#9865=IFCDIRECTION((0.,0.,1.));
#9866=IFCSHAPEREPRESENTATION(#11,'Body','SweptSolid',(#9811,#9847,#9856,#9857,#9820,#9829,#9838));
#9867=IFCSHAPEREPRESENTATION(#11,'Body','SweptSolid',(#9811,#9820,#9829,#9838));
#9868=IFCSHAPEASPECT((#9867),'Lining',$,.T.,#2305);
#9869=IFCSHAPEREPRESENTATION(#11,'Body','SweptSolid',(#9847,#9856,#9857));
#9870=IFCSHAPEASPECT((#9869),'Framing',$,.T.,#2305);
#9871=IFCCARTESIANPOINTLIST2D(((0.,0.),(0.05000000074505806,0.),(0.05000000074505806,0.05000000074505806),(0.,0.05000000074505806)));
#9872=IFCINDEXEDPOLYCURVE(#9871,(IFCLINEINDEX((1,2,3,4,1))),$);
#9873=IFCINDEXEDPOLYCURVE(#9874,(IFCLINEINDEX((1,2,3,4,1))),$);
#9874=IFCCARTESIANPOINTLIST2D(((1.3999999761581421,0.),(1.349999975413084,0.),(1.349999975413084,0.05000000074505806),(1.3999999761581421,0.05000000074505806)));
#9875=IFCCARTESIANPOINTLIST2D(((1.999999962747097,-0.035000000149011612),(0.69999998807907104,-0.035000000149011612),(0.69999998807907104,0.),(1.999999962747097,0.)));
#9876=IFCINDEXEDPOLYCURVE(#9875,(IFCLINEINDEX((1,2,3,4,1))),$);
#9877=IFCSHAPEREPRESENTATION(#24,'Body','Curve2D',(#9872,#9873,#9876));
#9878=IFCCARTESIANPOINTLIST2D(((0.50499999187886713,-0.081587428267465345),(0.89499998427927496,-0.081587428267465345)));
#9879=IFCINDEXEDPOLYCURVE(#9878,$,$);
#9880=IFCCARTESIANPOINTLIST2D(((0.53499999187886715,-0.050529142855162856),(0.50499999187886713,-0.081587428267465345),(0.53499999187886715,-0.11264571367976783)));
#9881=IFCINDEXEDPOLYCURVE(#9880,$,$);
#9882=IFCSHAPEREPRESENTATION(#25,'Annotation','Curve2D',(#9879,#9881));
#9883=IFCCARTESIANPOINT((0.,0.,0.));
#9884=IFCDIRECTION((1.,0.,0.));
#9885=IFCDIRECTION((0.,0.,1.));
#9886=IFCAXIS2PLACEMENT3D(#9883,#9885,#9884);
#9887=IFCREPRESENTATIONMAP(#9886,#9882);
#9888=IFCCARTESIANPOINT((0.,0.,0.));
#9889=IFCDIRECTION((1.,0.,0.));
#9890=IFCDIRECTION((0.,1.,0.));
#9891=IFCDIRECTION((0.,0.,1.));
#9892=IFCCARTESIANTRANSFORMATIONOPERATOR3D(#9889,#9890,#9888,1.,#9891);
#9893=IFCMAPPEDITEM(#9887,#9892);
#9894=IFCSHAPEREPRESENTATION(#25,'Annotation','MappedRepresentation',(#9893));
#9895=IFCCARTESIANPOINTLIST2D(((0.,0.),(1.3999999761581421,0.),(1.3999999761581421,2.),(0.,2.)));
#9896=IFCINDEXEDPOLYCURVE(#9895,(IFCLINEINDEX((1,2,3,4,1))),$);
#9897=IFCARBITRARYCLOSEDPROFILEDEF(.AREA.,$,#9896);
#9898=IFCCARTESIANPOINT((0.,-0.60000002384185791,0.));
#9899=IFCDIRECTION((0.,-1.,0.));
#9900=IFCDIRECTION((1.,0.,0.));
#9901=IFCAXIS2PLACEMENT3D(#9898,#9899,#9900);
#9902=IFCDIRECTION((0.,0.,-1.));
#9903=IFCEXTRUDEDAREASOLID(#9897,#9901,#9902,1.2);
#9904=IFCSHAPEREPRESENTATION(#11,'Body','SweptSolid',(#9903));
#9910=IFCCARTESIANPOINT((0.030112243054493448,0.049999725623827374,0.));
#9911=IFCDIRECTION((0.,0.,1.));
#9912=IFCDIRECTION((0.99999999999974409,-7.1525573730419686E-07,0.));
#9913=IFCAXIS2PLACEMENT3D(#9910,#9911,#9912);
#9914=IFCLOCALPLACEMENT(#1207,#9913);
#9915=IFCCARTESIANPOINT((0.,0.,0.));
#9916=IFCDIRECTION((0.,0.,1.));
#9917=IFCDIRECTION((1.,2.1175823681357508E-22,0.));
#9918=IFCAXIS2PLACEMENT3D(#9915,#9916,#9917);
#9919=IFCLOCALPLACEMENT(#9914,#9918);
#10005=IFCDOORTYPE('2i7Nw8n0DDigo1H0Dyi6YK',$,'BALCONY-2-2F',$,$,(#10006),(#10008,#10016,#10085,#10097),$,$,.DOOR.,.SINGLE_SWING_LEFT.,$,$);
#10006=IFCPROPERTYSET('1GCrshn2vEe995Gjtu9Mt3',$,'BBIM_Door',$,(#10007));
#10007=IFCPROPERTYSINGLEVALUE('Data',$,IFCTEXT('{"door_type": "SLIDING_TO_RIGHT", "overall_height": 2.0, "overall_width": 2.0, "lining_properties": {"lining_depth": 0.05000000074505806, "lining_thickness": 0.05000000074505806, "lining_offset": 0.0, "transom_thickness": 0.0, "casing_thickness": 0.07500000298023224, "casing_depth": 0.004999999888241291, "threshold_thickness": 0.02500000037252903, "threshold_depth": 0.10000000149011612, "threshold_offset": 0.0}, "panel_properties": {"panel_depth": 0.03500000014901161, "panel_width_ratio": 1.0}}'),$);
#10008=IFCREPRESENTATIONMAP(#10009,#10730);
#10009=IFCAXIS2PLACEMENT3D(#10010,#10011,#10012);
#10010=IFCCARTESIANPOINT((0.,0.,0.));
#10011=IFCDIRECTION((0.,0.,1.));
#10012=IFCDIRECTION((1.,0.,0.));
#10016=IFCREPRESENTATIONMAP(#10017,#10794);
#10017=IFCAXIS2PLACEMENT3D(#10018,#10019,#10020);
#10018=IFCCARTESIANPOINT((0.,0.,0.));
#10019=IFCDIRECTION((0.,0.,1.));
#10020=IFCDIRECTION((1.,0.,0.));
#10085=IFCREPRESENTATIONMAP(#10086,#10801);
#10086=IFCAXIS2PLACEMENT3D(#10087,#10088,#10089);
#10087=IFCCARTESIANPOINT((0.,0.,0.));
#10088=IFCDIRECTION((0.,0.,1.));
#10089=IFCDIRECTION((1.,0.,0.));
#10097=IFCREPRESENTATIONMAP(#10098,#10806);
#10098=IFCAXIS2PLACEMENT3D(#10099,#10100,#10101);
#10099=IFCCARTESIANPOINT((0.,0.,0.));
#10100=IFCDIRECTION((0.,0.,1.));
#10101=IFCDIRECTION((1.,0.,0.));
#10107=IFCDOOR('1AOHCItsL1beWd0_7Pxafz',$,'Door',$,$,#10831,#10116,$,2.,2.,$,.SLIDING_TO_RIGHT.,$);
#10108=IFCRELDEFINESBYTYPE('3Pww_n5k5Cfeh87VrLK30Q',$,$,$,(#10107),#10005);
#10109=IFCCARTESIANPOINT((0.,0.,0.));
#10110=IFCDIRECTION((1.,0.,0.));
#10111=IFCDIRECTION((0.,1.,0.));
#10112=IFCDIRECTION((0.,0.,1.));
#10113=IFCCARTESIANTRANSFORMATIONOPERATOR3D(#10110,#10111,#10109,1.,#10112);
#10114=IFCMAPPEDITEM(#10008,#10113);
#10115=IFCSHAPEREPRESENTATION(#18,'Profile','MappedRepresentation',(#10114));
#10116=IFCPRODUCTDEFINITIONSHAPE($,$,(#10115,#10123,#10130,#10137));
#10117=IFCCARTESIANPOINT((0.,0.,0.));
#10118=IFCDIRECTION((1.,0.,0.));
#10119=IFCDIRECTION((0.,1.,0.));
#10120=IFCDIRECTION((0.,0.,1.));
#10121=IFCCARTESIANTRANSFORMATIONOPERATOR3D(#10118,#10119,#10117,1.,#10120);
#10122=IFCMAPPEDITEM(#10016,#10121);
#10123=IFCSHAPEREPRESENTATION(#11,'Body','MappedRepresentation',(#10122));
#10124=IFCCARTESIANPOINT((0.,0.,0.));
#10125=IFCDIRECTION((1.,0.,0.));
#10126=IFCDIRECTION((0.,1.,0.));
#10127=IFCDIRECTION((0.,0.,1.));
#10128=IFCCARTESIANTRANSFORMATIONOPERATOR3D(#10125,#10126,#10124,1.,#10127);
#10129=IFCMAPPEDITEM(#10085,#10128);
#10130=IFCSHAPEREPRESENTATION(#24,'Body','MappedRepresentation',(#10129));
#10131=IFCCARTESIANPOINT((0.,0.,0.));
#10132=IFCDIRECTION((1.,0.,0.));
#10133=IFCDIRECTION((0.,1.,0.));
#10134=IFCDIRECTION((0.,0.,1.));
#10135=IFCCARTESIANTRANSFORMATIONOPERATOR3D(#10132,#10133,#10131,1.,#10134);
#10136=IFCMAPPEDITEM(#10097,#10135);
#10137=IFCSHAPEREPRESENTATION(#25,'Annotation','MappedRepresentation',(#10136));
#10138=IFCOPENINGELEMENT('0RS19Rb0v8UhiZ12Ji$Ng5',$,'Opening',$,$,#10826,#10166,$,.OPENING.);
#10154=IFCCARTESIANPOINT((0.,0.,0.));
#10155=IFCDIRECTION((1.,0.,0.));
#10156=IFCDIRECTION((0.,0.,1.));
#10157=IFCAXIS2PLACEMENT3D(#10154,#10156,#10155);
#10158=IFCREPRESENTATIONMAP(#10157,#10816);
#10159=IFCCARTESIANPOINT((0.,0.,0.));
#10160=IFCDIRECTION((1.,0.,0.));
#10161=IFCDIRECTION((0.,1.,0.));
#10162=IFCDIRECTION((0.,0.,1.));
#10163=IFCCARTESIANTRANSFORMATIONOPERATOR3D(#10160,#10161,#10159,1.,#10162);
#10164=IFCMAPPEDITEM(#10158,#10163);
#10165=IFCSHAPEREPRESENTATION(#11,'Body','MappedRepresentation',(#10164));
#10166=IFCPRODUCTDEFINITIONSHAPE($,$,(#10165));
#10167=IFCRELVOIDSELEMENT('1m1o9MIE1E4Oz7BkEZ_EWZ',$,$,$,#5011,#10138);
#10173=IFCRELFILLSELEMENT('1x0plI6Hz9efnZJzxn8tSp',$,$,$,#10138,#10107);
#10184=IFCSLAB('27Oa_YB0z4HwYfZNOqW95X',$,'Slab',$,$,#10926,#10199,$,$);
#10185=IFCRELCONTAINEDINSPATIALSTRUCTURE('3JupcdkW9DwAt6clKOIRcF',$,$,$,(#10184,#10207,#11299),#3758);
#10186=IFCMATERIALLAYERSETUSAGE(#1268,.AXIS3.,.POSITIVE.,-0.10000000149011612,$);
#10187=IFCRELASSOCIATESMATERIAL('0Ae0D1_r13uBkw6VPgFqKQ',$,$,$,(#10184),#10186);
#10193=IFCCARTESIANPOINTLIST2D(((0.,0.),(9.5367431640625E-07,9.6410465240478516),(-3.9099323749542236,9.641047477722168),(-3.9166684150695801,8.6427316665649414),(-7.4703865051269531,8.6475439071655273),(-7.4739632606506348,1.4922873973846436),(-3.9099595546722412,1.4898895025253296),(-3.9101150035858154,0.90187931060791016),(-2.3488025665283203,0.90187931060791016),(-2.3443083763122559,0.00020074844360351562),(0.,0.)));
#10194=IFCINDEXEDPOLYCURVE(#10193,$,$);
#10195=IFCDIRECTION((0.,0.,1.));
#10196=IFCARBITRARYCLOSEDPROFILEDEF(.AREA.,$,#10194);
#10197=IFCEXTRUDEDAREASOLID(#10196,#10206,#10195,0.10000000000000001);
#10198=IFCSHAPEREPRESENTATION(#11,'Body','SweptSolid',(#10197));
#10199=IFCPRODUCTDEFINITIONSHAPE($,$,(#10198));
#10200=IFCPROPERTYSET('3jARch2izEqQ1SWWegH4XW',$,'EPset_Parametric',$,(#10202));
#10201=IFCRELDEFINESBYPROPERTIES('1xRtz_isD6_elURl8DY2XW',$,$,$,(#10184),#10200);
#10202=IFCPROPERTYSINGLEVALUE('Engine',$,IFCLABEL('Bonsai.DumbLayer3'),$);
#10203=IFCCARTESIANPOINT((-0.,-0.,-0.10000000149011612));
#10204=IFCDIRECTION((0.,0.,1.));
#10205=IFCDIRECTION((1.,0.,0.));
#10206=IFCAXIS2PLACEMENT3D(#10203,#10204,#10205);
#10207=IFCROOF('1wqhpJ8cz8F9IZ9hoKr2RJ',$,'Roof',$,$,#10931,#10216,$,$);
#10208=IFCRELDEFINESBYTYPE('0VS7JO9Wf05BNUBHe170q_',$,$,$,(#10207),#3636);
#10209=IFCCARTESIANPOINT((0.,0.,0.));
#10210=IFCDIRECTION((1.,0.,0.));
#10211=IFCDIRECTION((0.,1.,0.));
#10212=IFCDIRECTION((0.,0.,1.));
#10213=IFCCARTESIANTRANSFORMATIONOPERATOR3D(#10210,#10211,#10209,1.,#10212);
#10214=IFCMAPPEDITEM(#3666,#10213);
#10215=IFCSHAPEREPRESENTATION(#11,'Body','MappedRepresentation',(#10214));
#10216=IFCPRODUCTDEFINITIONSHAPE($,$,(#10215,#10223));
#10217=IFCCARTESIANPOINT((0.,0.,0.));
#10218=IFCDIRECTION((1.,0.,0.));
#10219=IFCDIRECTION((0.,1.,0.));
#10220=IFCDIRECTION((0.,0.,1.));
#10221=IFCCARTESIANTRANSFORMATIONOPERATOR3D(#10218,#10219,#10217,1.,#10220);
#10222=IFCMAPPEDITEM(#3694,#10221);
#10223=IFCSHAPEREPRESENTATION(#13,'Box','MappedRepresentation',(#10222));
#10234=IFCCARTESIANPOINTLIST3D(((0.,0.,0.),(0.80000001192092896,0.,0.),(0.80000001192092896,0.,0.89999997615814209),(0.,0.,0.89999997615814209)));
#10235=IFCINDEXEDPOLYCURVE(#10234,(IFCLINEINDEX((1,2,3,4,1))),$);
#10236=IFCSHAPEREPRESENTATION(#18,'Profile','Curve3D',(#10235));
#10237=IFCCARTESIANPOINTLIST2D(((0.,0.),(0.80000001192092896,0.),(0.80000001192092896,0.89999997615814209),(0.,0.89999997615814209)));
#10238=IFCINDEXEDPOLYCURVE(#10237,(IFCLINEINDEX((1,2,3,4,1))),$);
#10239=IFCCARTESIANPOINTLIST2D(((0.02500000037252903,0.02500000037252903),(0.77500001154839993,0.02500000037252903),(0.77500001154839993,0.87499997578561306),(0.02500000037252903,0.87499997578561306)));
#10240=IFCINDEXEDPOLYCURVE(#10239,(IFCLINEINDEX((1,2,3,4,1))),$);
#10241=IFCARBITRARYPROFILEDEFWITHVOIDS(.AREA.,$,#10238,(#10240));
#10242=IFCCARTESIANPOINT((0.,0.090000001713633537,0.));
#10243=IFCDIRECTION((0.,-1.,0.));
#10244=IFCDIRECTION((1.,0.,0.));
#10245=IFCAXIS2PLACEMENT3D(#10242,#10243,#10244);
#10246=IFCDIRECTION((0.,0.,-1.));
#10247=IFCEXTRUDEDAREASOLID(#10241,#10245,#10246,0.0099999997764825821);
#10248=IFCCARTESIANPOINTLIST2D(((0.,0.),(0.80000001192092896,0.),(0.80000001192092896,0.89999997615814209),(0.,0.89999997615814209)));
#10249=IFCINDEXEDPOLYCURVE(#10248,(IFCLINEINDEX((1,2,3,4,1))),$);
#10250=IFCCARTESIANPOINTLIST2D(((0.05000000074505806,0.05000000074505806),(0.7500000111758709,0.05000000074505806),(0.7500000111758709,0.84999997541308403),(0.05000000074505806,0.84999997541308403)));
#10251=IFCINDEXEDPOLYCURVE(#10250,(IFCLINEINDEX((1,2,3,4,1))),$);
#10252=IFCARBITRARYPROFILEDEFWITHVOIDS(.AREA.,$,#10249,(#10251));
#10253=IFCCARTESIANPOINT((0.,0.05000000074505806,0.));
#10254=IFCDIRECTION((0.,-1.,0.));
#10255=IFCDIRECTION((1.,0.,0.));
#10256=IFCAXIS2PLACEMENT3D(#10253,#10254,#10255);
#10257=IFCDIRECTION((0.,0.,-1.));
#10258=IFCEXTRUDEDAREASOLID(#10252,#10256,#10257,0.040000000968575478);
#10259=IFCCARTESIANPOINTLIST2D(((0.,0.),(0.7500000111758709,0.),(0.7500000111758709,0.84999997541308403),(0.,0.84999997541308403)));
#10260=IFCINDEXEDPOLYCURVE(#10259,(IFCLINEINDEX((1,2,3,4,1))),$);
#10261=IFCCARTESIANPOINTLIST2D(((0.035000000149011612,0.035000000149011612),(0.71500001102685928,0.035000000149011612),(0.71500001102685928,0.81499997526407242),(0.035000000149011612,0.81499997526407242)));
#10262=IFCINDEXEDPOLYCURVE(#10261,(IFCLINEINDEX((1,2,3,4,1))),$);
#10263=IFCARBITRARYPROFILEDEFWITHVOIDS(.AREA.,$,#10260,(#10262));
#10264=IFCCARTESIANPOINT((0.02500000037252903,0.090000001713633537,0.02500000037252903));
#10265=IFCDIRECTION((0.,-1.,0.));
#10266=IFCDIRECTION((1.,0.,0.));
#10267=IFCAXIS2PLACEMENT3D(#10264,#10265,#10266);
#10268=IFCDIRECTION((0.,0.,-1.));
#10269=IFCEXTRUDEDAREASOLID(#10263,#10267,#10268,0.035000000149011612);
#10270=IFCINDEXEDPOLYCURVE(#10271,(IFCLINEINDEX((1,2,3,4,1))),$);
#10271=IFCCARTESIANPOINTLIST2D(((0.035000000149011612,0.035000000149011612),(0.71500001102685928,0.035000000149011612),(0.71500001102685928,0.81499997526407242),(0.035000000149011612,0.81499997526407242)));
#10272=IFCARBITRARYCLOSEDPROFILEDEF(.AREA.,$,#10270);
#10273=IFCCARTESIANPOINT((0.02500000037252903,0.10250000178813934,0.02500000037252903));
#10274=IFCDIRECTION((0.,-1.,0.));
#10275=IFCDIRECTION((1.,0.,0.));
#10276=IFCAXIS2PLACEMENT3D(#10273,#10274,#10275);
#10277=IFCDIRECTION((0.,0.,-1.));
#10278=IFCEXTRUDEDAREASOLID(#10272,#10276,#10277,0.01);
#10279=IFCSHAPEREPRESENTATION(#11,'Body','SweptSolid',(#10247,#10258,#10269,#10278));
#10280=IFCSHAPEREPRESENTATION(#11,'Body','SweptSolid',(#10247,#10258));
#10281=IFCSHAPEASPECT((#10280),'Lining',$,.T.,#3221);
#10282=IFCSHAPEREPRESENTATION(#11,'Body','SweptSolid',(#10269));
#10283=IFCSHAPEASPECT((#10282),'Framing',$,.T.,#3221);
#10284=IFCSHAPEREPRESENTATION(#11,'Body','SweptSolid',(#10278));
#10285=IFCSHAPEASPECT((#10284),'Glazing',$,.T.,#3221);
#10286=IFCCARTESIANPOINTLIST2D(((0.05000000074505806,0.05000000074505806),(0.7500000111758709,0.05000000074505806)));
#10287=IFCINDEXEDPOLYCURVE(#10286,$,$);
#10288=IFCCARTESIANPOINTLIST2D(((0.,0.10000000149011612),(0.02500000037252903,0.10000000149011612),(0.02500000037252903,0.090000001713633537),(0.05000000074505806,0.090000001713633537),(0.05000000074505806,0.05000000074505806),(0.,0.05000000074505806)));
#10289=IFCINDEXEDPOLYCURVE(#10288,(IFCLINEINDEX((1,2,3,4,5,6,1))),$);
#10290=IFCCARTESIANPOINTLIST2D(((0.80000001192092896,0.10000000149011612),(0.77500001154839993,0.10000000149011612),(0.77500001154839993,0.090000001713633537),(0.7500000111758709,0.090000001713633537),(0.7500000111758709,0.05000000074505806),(0.80000001192092896,0.05000000074505806)));
#10291=IFCINDEXEDPOLYCURVE(#10290,(IFCLINEINDEX((1,2,3,4,5,6,1))),$);
#10292=IFCCARTESIANPOINTLIST2D(((0.02500000037252903,0.090000001713633537),(0.060000000521540642,0.090000001713633537),(0.060000000521540642,0.12500000186264515),(0.02500000037252903,0.12500000186264515)));
#10293=IFCINDEXEDPOLYCURVE(#10292,(IFCLINEINDEX((1,2,3,4,1))),$);
#10294=IFCINDEXEDPOLYCURVE(#10295,(IFCLINEINDEX((1,2,3,4,1))),$);
#10295=IFCCARTESIANPOINTLIST2D(((0.77500001154839993,0.090000001713633537),(0.74000001139938831,0.090000001713633537),(0.74000001139938831,0.12500000186264515),(0.77500001154839993,0.12500000186264515)));
#10296=IFCCARTESIANPOINTLIST2D(((0.060000000521540642,0.090000001713633537),(0.74000001139938831,0.090000001713633537)));
#10297=IFCINDEXEDPOLYCURVE(#10296,$,$);
#10298=IFCINDEXEDPOLYCURVE(#10299,$,$);
#10299=IFCCARTESIANPOINTLIST2D(((0.060000000521540642,0.12500000186264515),(0.74000001139938831,0.12500000186264515)));
#10300=IFCINDEXEDPOLYCURVE(#10301,$,$);
#10301=IFCCARTESIANPOINTLIST2D(((0.060000000521540642,0.10750000178813934),(0.74000001139938831,0.10750000178813934)));
#10302=IFCSHAPEREPRESENTATION(#24,'Body','Curve2D',(#10287,#10289,#10291,#10293,#10294,#10297,#10298,#10300));
#10303=IFCCARTESIANPOINTLIST2D(((0.,0.),(0.80000001192092896,0.),(0.80000001192092896,0.89999997615814209),(0.,0.89999997615814209)));
#10304=IFCINDEXEDPOLYCURVE(#10303,(IFCLINEINDEX((1,2,3,4,1))),$);
#10305=IFCARBITRARYCLOSEDPROFILEDEF(.AREA.,$,#10304);
#10306=IFCCARTESIANPOINT((0.,-0.60000002384185791,0.));
#10307=IFCDIRECTION((0.,-1.,0.));
#10308=IFCDIRECTION((1.,0.,0.));
#10309=IFCAXIS2PLACEMENT3D(#10306,#10307,#10308);
#10310=IFCDIRECTION((0.,0.,-1.));
#10311=IFCEXTRUDEDAREASOLID(#10305,#10309,#10310,1.2);
#10312=IFCSHAPEREPRESENTATION(#11,'Body','SweptSolid',(#10311));
#10318=IFCCARTESIANPOINT((3.0612422939046748,7.2255701644152737E-07,1.));
#10319=IFCDIRECTION((0.,0.,1.));
#10320=IFCDIRECTION((0.99999999999997147,2.384185719961227E-07,0.));
#10321=IFCAXIS2PLACEMENT3D(#10318,#10319,#10320);
#10322=IFCLOCALPLACEMENT(#535,#10321);
#10323=IFCCARTESIANPOINT((2.2204460492503131E-16,0.,0.));
#10324=IFCDIRECTION((0.,0.,1.));
#10325=IFCDIRECTION((1.,-5.2939559203393771E-23,0.));
#10326=IFCAXIS2PLACEMENT3D(#10323,#10324,#10325);
#10327=IFCLOCALPLACEMENT(#10322,#10326);
#10328=IFCCARTESIANPOINTLIST3D(((0.,0.,0.),(1.2000000476837158,0.,0.),(1.2000000476837158,0.,0.89999997615814209),(0.,0.,0.89999997615814209)));
#10329=IFCINDEXEDPOLYCURVE(#10328,(IFCLINEINDEX((1,2,3,4,1))),$);
#10330=IFCSHAPEREPRESENTATION(#18,'Profile','Curve3D',(#10329));
#10331=IFCCARTESIANPOINTLIST2D(((0.60000002384185791,0.),(0.,0.),(0.,0.89999997615814209),(0.60000002384185791,0.89999997615814209),(0.60000002384185791,0.87499997578561306),(0.02500000037252903,0.87499997578561306),(0.02500000037252903,0.02500000037252903),(0.60000002384185791,0.02500000037252903)));
#10332=IFCINDEXEDPOLYCURVE(#10331,(IFCLINEINDEX((1,2,3,4,5,6,7,8,1))),$);
#10333=IFCARBITRARYCLOSEDPROFILEDEF(.AREA.,$,#10332);
#10334=IFCCARTESIANPOINT((0.,0.090000001713633537,0.));
#10335=IFCDIRECTION((0.,-1.,0.));
#10336=IFCDIRECTION((1.,0.,0.));
#10337=IFCAXIS2PLACEMENT3D(#10334,#10335,#10336);
#10338=IFCDIRECTION((0.,0.,-1.));
#10339=IFCEXTRUDEDAREASOLID(#10333,#10337,#10338,0.0099999997764825821);
#10340=IFCCARTESIANPOINTLIST2D(((0.,0.),(0.60000002384185791,0.),(0.60000002384185791,0.89999997615814209),(0.,0.89999997615814209)));
#10341=IFCINDEXEDPOLYCURVE(#10340,(IFCLINEINDEX((1,2,3,4,1))),$);
#10342=IFCCARTESIANPOINTLIST2D(((0.05000000074505806,0.05000000074505806),(0.57500002346932888,0.05000000074505806),(0.57500002346932888,0.84999997541308403),(0.05000000074505806,0.84999997541308403)));
#10343=IFCINDEXEDPOLYCURVE(#10342,(IFCLINEINDEX((1,2,3,4,1))),$);
#10344=IFCARBITRARYPROFILEDEFWITHVOIDS(.AREA.,$,#10341,(#10343));
#10345=IFCCARTESIANPOINT((0.,0.05000000074505806,0.));
#10346=IFCDIRECTION((0.,-1.,0.));
#10347=IFCDIRECTION((1.,0.,0.));
#10348=IFCAXIS2PLACEMENT3D(#10345,#10346,#10347);
#10349=IFCDIRECTION((0.,0.,-1.));
#10350=IFCEXTRUDEDAREASOLID(#10344,#10348,#10349,0.040000000968575478);
#10351=IFCCARTESIANPOINTLIST2D(((0.,0.),(0.57500002346932888,0.),(0.57500002346932888,0.84999997541308403),(0.,0.84999997541308403)));
#10352=IFCINDEXEDPOLYCURVE(#10351,(IFCLINEINDEX((1,2,3,4,1))),$);
#10353=IFCCARTESIANPOINTLIST2D(((0.035000000149011612,0.035000000149011612),(0.54000002332031727,0.035000000149011612),(0.54000002332031727,0.81499997526407242),(0.035000000149011612,0.81499997526407242)));
#10354=IFCINDEXEDPOLYCURVE(#10353,(IFCLINEINDEX((1,2,3,4,1))),$);
#10355=IFCARBITRARYPROFILEDEFWITHVOIDS(.AREA.,$,#10352,(#10354));
#10356=IFCCARTESIANPOINT((0.02500000037252903,0.090000001713633537,0.02500000037252903));
#10357=IFCDIRECTION((0.,-1.,0.));
#10358=IFCDIRECTION((1.,0.,0.));
#10359=IFCAXIS2PLACEMENT3D(#10356,#10357,#10358);
#10360=IFCDIRECTION((0.,0.,-1.));
#10361=IFCEXTRUDEDAREASOLID(#10355,#10359,#10360,0.035000000149011612);
#10362=IFCINDEXEDPOLYCURVE(#10363,(IFCLINEINDEX((1,2,3,4,1))),$);
#10363=IFCCARTESIANPOINTLIST2D(((0.035000000149011612,0.035000000149011612),(0.54000002332031727,0.035000000149011612),(0.54000002332031727,0.81499997526407242),(0.035000000149011612,0.81499997526407242)));
#10364=IFCARBITRARYCLOSEDPROFILEDEF(.AREA.,$,#10362);
#10365=IFCCARTESIANPOINT((0.02500000037252903,0.10250000178813934,0.02500000037252903));
#10366=IFCDIRECTION((0.,-1.,0.));
#10367=IFCDIRECTION((1.,0.,0.));
#10368=IFCAXIS2PLACEMENT3D(#10365,#10366,#10367);
#10369=IFCDIRECTION((0.,0.,-1.));
#10370=IFCEXTRUDEDAREASOLID(#10364,#10368,#10369,0.01);
#10371=IFCCARTESIANPOINTLIST2D(((0.,0.89999997615814209),(0.60000002384185791,0.89999997615814209),(0.60000002384185791,0.),(0.,0.),(0.,0.02500000037252903),(0.57500002346932888,0.02500000037252903),(0.57500002346932888,0.87499997578561306),(0.,0.87499997578561306)));
#10372=IFCINDEXEDPOLYCURVE(#10371,(IFCLINEINDEX((1,2,3,4,5,6,7,8,1))),$);
#10373=IFCARBITRARYCLOSEDPROFILEDEF(.AREA.,$,#10372);
#10374=IFCCARTESIANPOINT((0.60000002384185791,0.090000001713633537,0.));
#10375=IFCDIRECTION((0.,-1.,0.));
#10376=IFCDIRECTION((1.,0.,0.));
#10377=IFCAXIS2PLACEMENT3D(#10374,#10375,#10376);
#10378=IFCDIRECTION((0.,0.,-1.));
#10379=IFCEXTRUDEDAREASOLID(#10373,#10377,#10378,0.0099999997764825821);
#10380=IFCCARTESIANPOINTLIST2D(((0.,0.),(0.60000002384185791,0.),(0.60000002384185791,0.89999997615814209),(0.,0.89999997615814209)));
#10381=IFCINDEXEDPOLYCURVE(#10380,(IFCLINEINDEX((1,2,3,4,1))),$);
#10382=IFCCARTESIANPOINTLIST2D(((0.02500000037252903,0.05000000074505806),(0.55000002309679985,0.05000000074505806),(0.55000002309679985,0.84999997541308403),(0.02500000037252903,0.84999997541308403)));
#10383=IFCINDEXEDPOLYCURVE(#10382,(IFCLINEINDEX((1,2,3,4,1))),$);
#10384=IFCARBITRARYPROFILEDEFWITHVOIDS(.AREA.,$,#10381,(#10383));
#10385=IFCCARTESIANPOINT((0.60000002384185791,0.05000000074505806,0.));
#10386=IFCDIRECTION((0.,-1.,0.));
#10387=IFCDIRECTION((1.,0.,0.));
#10388=IFCAXIS2PLACEMENT3D(#10385,#10386,#10387);
#10389=IFCDIRECTION((0.,0.,-1.));
#10390=IFCEXTRUDEDAREASOLID(#10384,#10388,#10389,0.040000000968575478);
#10391=IFCCARTESIANPOINTLIST2D(((0.,0.),(0.57500002346932888,0.),(0.57500002346932888,0.84999997541308403),(0.,0.84999997541308403)));
#10392=IFCINDEXEDPOLYCURVE(#10391,(IFCLINEINDEX((1,2,3,4,1))),$);
#10393=IFCCARTESIANPOINTLIST2D(((0.035000000149011612,0.035000000149011612),(0.54000002332031727,0.035000000149011612),(0.54000002332031727,0.81499997526407242),(0.035000000149011612,0.81499997526407242)));
#10394=IFCINDEXEDPOLYCURVE(#10393,(IFCLINEINDEX((1,2,3,4,1))),$);
#10395=IFCARBITRARYPROFILEDEFWITHVOIDS(.AREA.,$,#10392,(#10394));
#10396=IFCCARTESIANPOINT((0.60000002384185791,0.090000001713633537,0.02500000037252903));
#10397=IFCDIRECTION((0.,-1.,0.));
#10398=IFCDIRECTION((1.,0.,0.));
#10399=IFCAXIS2PLACEMENT3D(#10396,#10397,#10398);
#10400=IFCDIRECTION((0.,0.,-1.));
#10401=IFCEXTRUDEDAREASOLID(#10395,#10399,#10400,0.035000000149011612);
#10402=IFCINDEXEDPOLYCURVE(#10403,(IFCLINEINDEX((1,2,3,4,1))),$);
#10403=IFCCARTESIANPOINTLIST2D(((0.035000000149011612,0.035000000149011612),(0.54000002332031727,0.035000000149011612),(0.54000002332031727,0.81499997526407242),(0.035000000149011612,0.81499997526407242)));
#10404=IFCARBITRARYCLOSEDPROFILEDEF(.AREA.,$,#10402);
#10405=IFCCARTESIANPOINT((0.60000002384185791,0.10250000178813934,0.02500000037252903));
#10406=IFCDIRECTION((0.,-1.,0.));
#10407=IFCDIRECTION((1.,0.,0.));
#10408=IFCAXIS2PLACEMENT3D(#10405,#10406,#10407);
#10409=IFCDIRECTION((0.,0.,-1.));
#10410=IFCEXTRUDEDAREASOLID(#10404,#10408,#10409,0.01);
#10411=IFCSHAPEREPRESENTATION(#11,'Body','SweptSolid',(#10339,#10350,#10361,#10370,#10379,#10390,#10401,#10410));
#10412=IFCSHAPEREPRESENTATION(#11,'Body','SweptSolid',(#10339,#10350,#10379,#10390));
#10413=IFCSHAPEASPECT((#10412),'Lining',$,.T.,#2892);
#10414=IFCSHAPEREPRESENTATION(#11,'Body','SweptSolid',(#10361,#10401));
#10415=IFCSHAPEASPECT((#10414),'Framing',$,.T.,#2892);
#10416=IFCSHAPEREPRESENTATION(#11,'Body','SweptSolid',(#10370,#10410));
#10417=IFCSHAPEASPECT((#10416),'Glazing',$,.T.,#2892);
#10418=IFCCARTESIANPOINTLIST2D(((0.05000000074505806,0.05000000074505806),(0.57500002346932888,0.05000000074505806)));
#10419=IFCINDEXEDPOLYCURVE(#10418,$,$);
#10420=IFCCARTESIANPOINTLIST2D(((0.,0.10000000149011612),(0.02500000037252903,0.10000000149011612),(0.02500000037252903,0.090000001713633537),(0.05000000074505806,0.090000001713633537),(0.05000000074505806,0.05000000074505806),(0.,0.05000000074505806)));
#10421=IFCINDEXEDPOLYCURVE(#10420,(IFCLINEINDEX((1,2,3,4,5,6,1))),$);
#10422=IFCCARTESIANPOINTLIST2D(((0.60000002384185791,0.10000000149011612),(0.60000002384185791,0.10000000149011612),(0.60000002384185791,0.090000001713633537),(0.57500002346932888,0.090000001713633537),(0.57500002346932888,0.05000000074505806),(0.60000002384185791,0.05000000074505806)));
#10423=IFCINDEXEDPOLYCURVE(#10422,$,$);
#10424=IFCCARTESIANPOINTLIST2D(((0.02500000037252903,0.090000001713633537),(0.060000000521540642,0.090000001713633537),(0.060000000521540642,0.12500000186264515),(0.02500000037252903,0.12500000186264515)));
#10425=IFCINDEXEDPOLYCURVE(#10424,(IFCLINEINDEX((1,2,3,4,1))),$);
#10426=IFCINDEXEDPOLYCURVE(#10427,(IFCLINEINDEX((1,2,3,4,1))),$);
#10427=IFCCARTESIANPOINTLIST2D(((0.60000002384185791,0.090000001713633537),(0.5650000236928463,0.090000001713633537),(0.5650000236928463,0.12500000186264515),(0.60000002384185791,0.12500000186264515)));
#10428=IFCCARTESIANPOINTLIST2D(((0.060000000521540642,0.090000001713633537),(0.5650000236928463,0.090000001713633537)));
#10429=IFCINDEXEDPOLYCURVE(#10428,$,$);
#10430=IFCINDEXEDPOLYCURVE(#10431,$,$);
#10431=IFCCARTESIANPOINTLIST2D(((0.060000000521540642,0.12500000186264515),(0.5650000236928463,0.12500000186264515)));
#10432=IFCINDEXEDPOLYCURVE(#10433,$,$);
#10433=IFCCARTESIANPOINTLIST2D(((0.060000000521540642,0.10750000178813934),(0.5650000236928463,0.10750000178813934)));
#10434=IFCCARTESIANPOINTLIST2D(((0.62500002421438694,0.05000000074505806),(1.1500000469386578,0.05000000074505806)));
#10435=IFCINDEXEDPOLYCURVE(#10434,$,$);
#10436=IFCCARTESIANPOINTLIST2D(((0.60000002384185791,0.10000000149011612),(0.60000002384185791,0.10000000149011612),(0.60000002384185791,0.090000001713633537),(0.62500002421438694,0.090000001713633537),(0.62500002421438694,0.05000000074505806),(0.60000002384185791,0.05000000074505806)));
#10437=IFCINDEXEDPOLYCURVE(#10436,$,$);
#10438=IFCCARTESIANPOINTLIST2D(((1.2000000476837158,0.10000000149011612),(1.1750000473111868,0.10000000149011612),(1.1750000473111868,0.090000001713633537),(1.1500000469386578,0.090000001713633537),(1.1500000469386578,0.05000000074505806),(1.2000000476837158,0.05000000074505806)));
#10439=IFCINDEXEDPOLYCURVE(#10438,(IFCLINEINDEX((1,2,3,4,5,6,1))),$);
#10440=IFCCARTESIANPOINTLIST2D(((0.60000002384185791,0.090000001713633537),(0.63500002399086952,0.090000001713633537),(0.63500002399086952,0.12500000186264515),(0.60000002384185791,0.12500000186264515)));
#10441=IFCINDEXEDPOLYCURVE(#10440,(IFCLINEINDEX((1,2,3,4,1))),$);
#10442=IFCINDEXEDPOLYCURVE(#10443,(IFCLINEINDEX((1,2,3,4,1))),$);
#10443=IFCCARTESIANPOINTLIST2D(((1.1750000473111868,0.090000001713633537),(1.1400000471621752,0.090000001713633537),(1.1400000471621752,0.12500000186264515),(1.1750000473111868,0.12500000186264515)));
#10444=IFCCARTESIANPOINTLIST2D(((0.63500002399086952,0.090000001713633537),(1.1400000471621752,0.090000001713633537)));
#10445=IFCINDEXEDPOLYCURVE(#10444,$,$);
#10446=IFCINDEXEDPOLYCURVE(#10447,$,$);
#10447=IFCCARTESIANPOINTLIST2D(((0.63500002399086952,0.12500000186264515),(1.1400000471621752,0.12500000186264515)));
#10448=IFCINDEXEDPOLYCURVE(#10449,$,$);
#10449=IFCCARTESIANPOINTLIST2D(((0.63500002399086952,0.10750000178813934),(1.1400000471621752,0.10750000178813934)));
#10450=IFCSHAPEREPRESENTATION(#24,'Body','Curve2D',(#10419,#10421,#10423,#10425,#10426,#10429,#10430,#10432,#10435,#10437,#10439,#10441,#10442,#10445,#10446,#10448));
#10451=IFCCARTESIANPOINTLIST2D(((0.,0.),(1.2000000476837158,0.),(1.2000000476837158,0.89999997615814209),(0.,0.89999997615814209)));
#10452=IFCINDEXEDPOLYCURVE(#10451,(IFCLINEINDEX((1,2,3,4,1))),$);
#10453=IFCARBITRARYCLOSEDPROFILEDEF(.AREA.,$,#10452);
#10454=IFCCARTESIANPOINT((0.,-0.60000002384185791,0.));
#10455=IFCDIRECTION((0.,-1.,0.));
#10456=IFCDIRECTION((1.,0.,0.));
#10457=IFCAXIS2PLACEMENT3D(#10454,#10455,#10456);
#10458=IFCDIRECTION((0.,0.,-1.));
#10459=IFCEXTRUDEDAREASOLID(#10453,#10457,#10458,1.2);
#10460=IFCSHAPEREPRESENTATION(#11,'Body','SweptSolid',(#10459));
#10466=IFCCARTESIANPOINT((1.0377288744914654,2.6822090148925781E-07,1.));
#10467=IFCDIRECTION((0.,0.,1.));
#10468=IFCDIRECTION((0.99999999999997158,-2.3841857910155572E-07,0.));
#10469=IFCAXIS2PLACEMENT3D(#10466,#10467,#10468);
#10470=IFCLOCALPLACEMENT(#567,#10469);
#10471=IFCCARTESIANPOINT((0.,0.,0.));
#10472=IFCDIRECTION((0.,0.,1.));
#10473=IFCDIRECTION((1.,0.,0.));
#10474=IFCAXIS2PLACEMENT3D(#10471,#10472,#10473);
#10475=IFCLOCALPLACEMENT(#10470,#10474);
#10594=IFCCARTESIANPOINTLIST2D(((0.,0.),(0.,2.),(2.,2.),(2.,0.),(1.9499999992549419,0.),(1.9499999992549419,1.9499999992549419),(0.05000000074505806,1.9499999992549419),(0.05000000074505806,0.)));
#10595=IFCINDEXEDPOLYCURVE(#10594,(IFCLINEINDEX((1,2,3,4,5,6,7,8,1))),$);
#10596=IFCARBITRARYCLOSEDPROFILEDEF(.AREA.,$,#10595);
#10597=IFCCARTESIANPOINT((0.,0.,0.));
#10598=IFCDIRECTION((0.,-1.,0.));
#10599=IFCDIRECTION((1.,0.,0.));
#10600=IFCAXIS2PLACEMENT3D(#10597,#10598,#10599);
#10601=IFCDIRECTION((0.,0.,-1.));
#10602=IFCEXTRUDEDAREASOLID(#10596,#10600,#10601,0.05000000074505806);
#10603=IFCCARTESIANPOINTLIST2D(((0.,0.),(1.8999999985098839,0.),(1.8999999985098839,0.10000000149011612),(0.,0.10000000149011612)));
#10604=IFCINDEXEDPOLYCURVE(#10603,(IFCLINEINDEX((1,2,3,4,1))),$);
#10605=IFCARBITRARYCLOSEDPROFILEDEF(.AREA.,$,#10604);
#10606=IFCCARTESIANPOINT((0.05000000074505806,0.,0.));
#10607=IFCDIRECTION((0.,0.,1.));
#10608=IFCDIRECTION((1.,0.,0.));
#10609=IFCAXIS2PLACEMENT3D(#10606,#10607,#10608);
#10610=IFCDIRECTION((0.,0.,1.));
#10611=IFCEXTRUDEDAREASOLID(#10605,#10609,#10610,0.02500000037252903);
#10612=IFCCARTESIANPOINTLIST2D(((0.,0.),(0.,2.0250000022351742),(2.0500000044703484,2.0250000022351742),(2.0500000044703484,0.),(1.9750000014901161,0.),(1.9750000014901161,1.9499999992549419),(0.075000002980232239,1.9499999992549419),(0.075000002980232239,0.)));
#10613=IFCINDEXEDPOLYCURVE(#10612,(IFCLINEINDEX((1,2,3,4,5,6,7,8,1))),$);
#10614=IFCARBITRARYCLOSEDPROFILEDEF(.AREA.,$,#10613);
#10615=IFCCARTESIANPOINT((-0.025000002235174179,-0.004999999888241291,0.));
#10616=IFCDIRECTION((0.,-1.,0.));
#10617=IFCDIRECTION((1.,0.,0.));
#10618=IFCAXIS2PLACEMENT3D(#10615,#10616,#10617);
#10619=IFCDIRECTION((0.,0.,-1.));
#10620=IFCEXTRUDEDAREASOLID(#10614,#10618,#10619,0.004999999888241291);
#10621=IFCCARTESIANPOINTLIST2D(((0.,0.),(0.,2.0250000022351742),(2.0500000044703484,2.0250000022351742),(2.0500000044703484,0.),(1.9750000014901161,0.),(1.9750000014901161,1.9499999992549419),(0.075000002980232239,1.9499999992549419),(0.075000002980232239,0.)));
#10622=IFCINDEXEDPOLYCURVE(#10621,(IFCLINEINDEX((1,2,3,4,5,6,7,8,1))),$);
#10623=IFCARBITRARYCLOSEDPROFILEDEF(.AREA.,$,#10622);
#10624=IFCCARTESIANPOINT((-0.025000002235174179,0.05000000074505806,0.));
#10625=IFCDIRECTION((0.,-1.,0.));
#10626=IFCDIRECTION((1.,0.,0.));
#10627=IFCAXIS2PLACEMENT3D(#10624,#10625,#10626);
#10628=IFCDIRECTION((0.,0.,-1.));
#10629=IFCEXTRUDEDAREASOLID(#10623,#10627,#10628,0.004999999888241291);
#10630=IFCCARTESIANPOINTLIST2D(((0.,0.),(0.94899999925494194,0.),(0.94899999925494194,0.035000000149011612),(0.,0.035000000149011612)));
#10631=IFCINDEXEDPOLYCURVE(#10630,(IFCLINEINDEX((1,2,3,4,1))),$);
#10632=IFCARBITRARYCLOSEDPROFILEDEF(.AREA.,$,#10631);
#10633=IFCCARTESIANPOINT((0.05000000074505806,-0.035000000149011612,0.02500000037252903));
#10634=IFCDIRECTION((0.,0.,1.));
#10635=IFCDIRECTION((1.,0.,0.));
#10636=IFCAXIS2PLACEMENT3D(#10633,#10634,#10635);
#10637=IFCDIRECTION((0.,0.,1.));
#10638=IFCEXTRUDEDAREASOLID(#10632,#10636,#10637,1.9249999988824129);
#10639=IFCCARTESIANPOINTLIST2D(((0.,0.),(0.,-0.040000000000000008),(-0.11999999999999988,-0.040000000000000008),(-0.11999999999999988,-0.020000000000000004),(-0.020000000000000018,-0.020000000000000004),(-0.020000000000000018,0.)));
#10640=IFCINDEXEDPOLYCURVE(#10639,(IFCLINEINDEX((1,2,3,4,5,6,1))),$);
#10641=IFCARBITRARYCLOSEDPROFILEDEF(.AREA.,$,#10640);
#10642=IFCCARTESIANPOINT((0.94900000000000007,-0.035000000149011612,1.015000000372529));
#10643=IFCDIRECTION((0.,0.,1.));
#10644=IFCDIRECTION((1.,0.,0.));
#10645=IFCAXIS2PLACEMENT3D(#10642,#10643,#10644);
#10646=IFCDIRECTION((0.,0.,1.));
#10647=IFCEXTRUDEDAREASOLID(#10641,#10645,#10646,0.02);
#10648=IFCEXTRUDEDAREASOLID(#10649,#10652,#10656,0.02);
#10649=IFCARBITRARYCLOSEDPROFILEDEF(.AREA.,$,#10650);
#10650=IFCINDEXEDPOLYCURVE(#10651,(IFCLINEINDEX((1,2,3,4,5,6,1))),$);
#10651=IFCCARTESIANPOINTLIST2D(((0.,0.),(0.,0.040000000000000008),(-0.11999999999999988,0.040000000000000008),(-0.11999999999999988,0.020000000000000004),(-0.020000000000000018,0.020000000000000004),(-0.020000000000000018,0.)));
#10652=IFCAXIS2PLACEMENT3D(#10653,#10654,#10655);
#10653=IFCCARTESIANPOINT((0.94900000000000007,0.,1.015000000372529));
#10654=IFCDIRECTION((0.,0.,1.));
#10655=IFCDIRECTION((1.,0.,0.));
#10656=IFCDIRECTION((0.,0.,1.));
#10657=IFCEXTRUDEDAREASOLID(#10658,#10661,#10665,1.9249999988824129);
#10658=IFCARBITRARYCLOSEDPROFILEDEF(.AREA.,$,#10659);
#10659=IFCINDEXEDPOLYCURVE(#10660,(IFCLINEINDEX((1,2,3,4,1))),$);
#10660=IFCCARTESIANPOINTLIST2D(((0.,0.),(-0.94899999925494205,0.),(-0.94899999925494205,0.035000000149011612),(0.,0.035000000149011612)));
#10661=IFCAXIS2PLACEMENT3D(#10662,#10663,#10664);
#10662=IFCCARTESIANPOINT((1.9499999992549419,-0.035000000149011612,0.02500000037252903));
#10663=IFCDIRECTION((0.,0.,1.));
#10664=IFCDIRECTION((1.,0.,0.));
#10665=IFCDIRECTION((0.,0.,1.));
#10666=IFCEXTRUDEDAREASOLID(#10667,#10670,#10674,0.02);
#10667=IFCARBITRARYCLOSEDPROFILEDEF(.AREA.,$,#10668);
#10668=IFCINDEXEDPOLYCURVE(#10669,(IFCLINEINDEX((1,2,3,4,5,6,1))),$);
#10669=IFCCARTESIANPOINTLIST2D(((0.,0.),(0.,-0.040000000000000008),(0.11999999999999988,-0.040000000000000008),(0.11999999999999988,-0.020000000000000004),(0.020000000000000018,-0.020000000000000004),(0.020000000000000018,0.)));
#10670=IFCAXIS2PLACEMENT3D(#10671,#10672,#10673);
#10671=IFCCARTESIANPOINT((1.0509999999999999,-0.035000000149011612,1.015000000372529));
#10672=IFCDIRECTION((0.,0.,1.));
#10673=IFCDIRECTION((1.,0.,0.));
#10674=IFCDIRECTION((0.,0.,1.));
#10675=IFCEXTRUDEDAREASOLID(#10676,#10679,#10683,0.02);
#10676=IFCARBITRARYCLOSEDPROFILEDEF(.AREA.,$,#10677);
#10677=IFCINDEXEDPOLYCURVE(#10678,(IFCLINEINDEX((1,2,3,4,5,6,1))),$);
#10678=IFCCARTESIANPOINTLIST2D(((0.,0.),(0.,0.040000000000000008),(0.11999999999999988,0.040000000000000008),(0.11999999999999988,0.020000000000000004),(0.020000000000000018,0.020000000000000004),(0.020000000000000018,0.)));
#10679=IFCAXIS2PLACEMENT3D(#10680,#10681,#10682);
#10680=IFCCARTESIANPOINT((1.0509999999999999,0.,1.015000000372529));
#10681=IFCDIRECTION((0.,0.,1.));
#10682=IFCDIRECTION((1.,0.,0.));
#10683=IFCDIRECTION((0.,0.,1.));
#10685=IFCSHAPEREPRESENTATION(#11,'Body','SweptSolid',(#10620,#10757,#10611,#10739,#10766,#10748,#10629,#10602));
#10686=IFCSHAPEASPECT((#10685),'Lining',$,.T.,#10116);
#10687=IFCSHAPEREPRESENTATION(#11,'Body','SweptSolid',(#10638,#10648,#10666,#10784,#10657,#10785,#10647,#10775,#10675));
#10688=IFCSHAPEASPECT((#10687),'Framing',$,.T.,#10116);
#10728=IFCCARTESIANPOINTLIST3D(((0.,0.,0.),(2.,0.,0.),(2.,0.,2.),(0.,0.,2.)));
#10729=IFCINDEXEDPOLYCURVE(#10728,(IFCLINEINDEX((1,2,3,4,1))),$);
#10730=IFCSHAPEREPRESENTATION(#18,'Profile','Curve3D',(#10729));
#10731=IFCCARTESIANPOINTLIST2D(((0.,0.),(0.,2.),(2.,2.),(2.,0.),(1.9499999992549419,0.),(1.9499999992549419,1.9499999992549419),(0.05000000074505806,1.9499999992549419),(0.05000000074505806,0.)));
#10732=IFCINDEXEDPOLYCURVE(#10731,(IFCLINEINDEX((1,2,3,4,5,6,7,8,1))),$);
#10733=IFCARBITRARYCLOSEDPROFILEDEF(.AREA.,$,#10732);
#10734=IFCCARTESIANPOINT((0.,0.,0.));
#10735=IFCDIRECTION((0.,-1.,0.));
#10736=IFCDIRECTION((1.,0.,0.));
#10737=IFCAXIS2PLACEMENT3D(#10734,#10735,#10736);
#10738=IFCDIRECTION((0.,0.,-1.));
#10739=IFCEXTRUDEDAREASOLID(#10733,#10737,#10738,0.05000000074505806);
#10740=IFCCARTESIANPOINTLIST2D(((0.,0.),(1.8999999985098839,0.),(1.8999999985098839,0.10000000149011612),(0.,0.10000000149011612)));
#10741=IFCINDEXEDPOLYCURVE(#10740,(IFCLINEINDEX((1,2,3,4,1))),$);
#10742=IFCARBITRARYCLOSEDPROFILEDEF(.AREA.,$,#10741);
#10743=IFCCARTESIANPOINT((0.05000000074505806,0.,0.));
#10744=IFCDIRECTION((0.,0.,1.));
#10745=IFCDIRECTION((1.,0.,0.));
#10746=IFCAXIS2PLACEMENT3D(#10743,#10744,#10745);
#10747=IFCDIRECTION((0.,0.,1.));
#10748=IFCEXTRUDEDAREASOLID(#10742,#10746,#10747,0.02500000037252903);
#10749=IFCCARTESIANPOINTLIST2D(((0.,0.),(0.,2.0250000022351742),(2.0500000044703484,2.0250000022351742),(2.0500000044703484,0.),(1.9750000014901161,0.),(1.9750000014901161,1.9499999992549419),(0.075000002980232239,1.9499999992549419),(0.075000002980232239,0.)));
#10750=IFCINDEXEDPOLYCURVE(#10749,(IFCLINEINDEX((1,2,3,4,5,6,7,8,1))),$);
#10751=IFCARBITRARYCLOSEDPROFILEDEF(.AREA.,$,#10750);
#10752=IFCCARTESIANPOINT((-0.025000002235174179,-0.004999999888241291,0.));
#10753=IFCDIRECTION((0.,-1.,0.));
#10754=IFCDIRECTION((1.,0.,0.));
#10755=IFCAXIS2PLACEMENT3D(#10752,#10753,#10754);
#10756=IFCDIRECTION((0.,0.,-1.));
#10757=IFCEXTRUDEDAREASOLID(#10751,#10755,#10756,0.004999999888241291);
#10758=IFCCARTESIANPOINTLIST2D(((0.,0.),(0.,2.0250000022351742),(2.0500000044703484,2.0250000022351742),(2.0500000044703484,0.),(1.9750000014901161,0.),(1.9750000014901161,1.9499999992549419),(0.075000002980232239,1.9499999992549419),(0.075000002980232239,0.)));
#10759=IFCINDEXEDPOLYCURVE(#10758,(IFCLINEINDEX((1,2,3,4,5,6,7,8,1))),$);
#10760=IFCARBITRARYCLOSEDPROFILEDEF(.AREA.,$,#10759);
#10761=IFCCARTESIANPOINT((-0.025000002235174179,0.05000000074505806,0.));
#10762=IFCDIRECTION((0.,-1.,0.));
#10763=IFCDIRECTION((1.,0.,0.));
#10764=IFCAXIS2PLACEMENT3D(#10761,#10762,#10763);
#10765=IFCDIRECTION((0.,0.,-1.));
#10766=IFCEXTRUDEDAREASOLID(#10760,#10764,#10765,0.004999999888241291);
#10767=IFCCARTESIANPOINTLIST2D(((0.,0.),(1.8999999985098839,0.),(1.8999999985098839,0.035000000149011612),(0.,0.035000000149011612)));
#10768=IFCINDEXEDPOLYCURVE(#10767,(IFCLINEINDEX((1,2,3,4,1))),$);
#10769=IFCARBITRARYCLOSEDPROFILEDEF(.AREA.,$,#10768);
#10770=IFCCARTESIANPOINT((0.05000000074505806,-0.035000000149011612,0.02500000037252903));
#10771=IFCDIRECTION((0.,0.,1.));
#10772=IFCDIRECTION((1.,0.,0.));
#10773=IFCAXIS2PLACEMENT3D(#10770,#10771,#10772);
#10774=IFCDIRECTION((0.,0.,1.));
#10775=IFCEXTRUDEDAREASOLID(#10769,#10773,#10774,1.9249999988824129);
#10776=IFCCARTESIANPOINTLIST2D(((0.,0.),(0.,-0.040000000000000001),(0.12,-0.040000000000000001),(0.12,-0.02),(0.02,-0.02),(0.02,0.)));
#10777=IFCINDEXEDPOLYCURVE(#10776,(IFCLINEINDEX((1,2,3,4,5,6,1))),$);
#10778=IFCARBITRARYCLOSEDPROFILEDEF(.AREA.,$,#10777);
#10779=IFCCARTESIANPOINT((0.10000000074505806,-0.035000000149011612,1.015000000372529));
#10780=IFCDIRECTION((0.,0.,1.));
#10781=IFCDIRECTION((1.,0.,0.));
#10782=IFCAXIS2PLACEMENT3D(#10779,#10780,#10781);
#10783=IFCDIRECTION((0.,0.,1.));
#10784=IFCEXTRUDEDAREASOLID(#10778,#10782,#10783,0.02);
#10785=IFCEXTRUDEDAREASOLID(#10786,#10789,#10793,0.02);
#10786=IFCARBITRARYCLOSEDPROFILEDEF(.AREA.,$,#10787);
#10787=IFCINDEXEDPOLYCURVE(#10788,(IFCLINEINDEX((1,2,3,4,5,6,1))),$);
#10788=IFCCARTESIANPOINTLIST2D(((0.,0.),(0.,0.040000000000000008),(0.11999999999999998,0.040000000000000008),(0.11999999999999998,0.020000000000000004),(0.020000000000000004,0.020000000000000004),(0.020000000000000004,0.)));
#10789=IFCAXIS2PLACEMENT3D(#10790,#10791,#10792);
#10790=IFCCARTESIANPOINT((0.10000000074505806,0.,1.015000000372529));
#10791=IFCDIRECTION((0.,0.,1.));
#10792=IFCDIRECTION((1.,0.,0.));
#10793=IFCDIRECTION((0.,0.,1.));
#10794=IFCSHAPEREPRESENTATION(#11,'Body','SweptSolid',(#10739,#10775,#10784,#10785,#10748,#10757,#10766));
#10795=IFCCARTESIANPOINTLIST2D(((0.,0.),(0.05000000074505806,0.),(0.05000000074505806,0.05000000074505806),(0.,0.05000000074505806)));
#10796=IFCINDEXEDPOLYCURVE(#10795,(IFCLINEINDEX((1,2,3,4,1))),$);
#10797=IFCINDEXEDPOLYCURVE(#10798,(IFCLINEINDEX((1,2,3,4,1))),$);
#10798=IFCCARTESIANPOINTLIST2D(((2.,0.),(1.9499999992549419,0.),(1.9499999992549419,0.05000000074505806),(2.,0.05000000074505806)));
#10799=IFCCARTESIANPOINTLIST2D(((2.8999999985098839,-0.035000000149011612),(1.,-0.035000000149011612),(1.,0.),(2.8999999985098839,0.)));
#10800=IFCINDEXEDPOLYCURVE(#10799,(IFCLINEINDEX((1,2,3,4,1))),$);
#10801=IFCSHAPEREPRESENTATION(#24,'Body','Curve2D',(#10796,#10797,#10800));
#10802=IFCCARTESIANPOINTLIST2D(((0.7150000002235174,-0.081587428267465345),(1.2849999997764827,-0.081587428267465345)));
#10803=IFCINDEXEDPOLYCURVE(#10802,$,$);
#10804=IFCCARTESIANPOINTLIST2D(((0.74500000022351742,-0.050529142855162856),(0.7150000002235174,-0.081587428267465345),(0.74500000022351742,-0.11264571367976783)));
#10805=IFCINDEXEDPOLYCURVE(#10804,$,$);
#10806=IFCSHAPEREPRESENTATION(#25,'Annotation','Curve2D',(#10803,#10805));
#10807=IFCCARTESIANPOINTLIST2D(((0.,0.),(2.,0.),(2.,2.),(0.,2.)));
#10808=IFCINDEXEDPOLYCURVE(#10807,(IFCLINEINDEX((1,2,3,4,1))),$);
#10809=IFCARBITRARYCLOSEDPROFILEDEF(.AREA.,$,#10808);
#10810=IFCCARTESIANPOINT((0.,-0.60000002384185791,0.));
#10811=IFCDIRECTION((0.,-1.,0.));
#10812=IFCDIRECTION((1.,0.,0.));
#10813=IFCAXIS2PLACEMENT3D(#10810,#10811,#10812);
#10814=IFCDIRECTION((0.,0.,-1.));
#10815=IFCEXTRUDEDAREASOLID(#10809,#10813,#10814,1.2);
#10816=IFCSHAPEREPRESENTATION(#11,'Body','SweptSolid',(#10815));
#10822=IFCCARTESIANPOINT((3.4097300756076221,0.024999805075960557,0.));
#10823=IFCDIRECTION((0.,0.,1.));
#10824=IFCDIRECTION((-0.99999999999992417,3.894091679724522E-07,0.));
#10825=IFCAXIS2PLACEMENT3D(#10822,#10823,#10824);
#10826=IFCLOCALPLACEMENT(#10856,#10825);
#10827=IFCCARTESIANPOINT((0.,0.,0.));
#10828=IFCDIRECTION((0.,0.,1.));
#10829=IFCDIRECTION((1.,0.,0.));
#10830=IFCAXIS2PLACEMENT3D(#10827,#10828,#10829);
#10831=IFCLOCALPLACEMENT(#10826,#10830);
#10832=IFCCARTESIANPOINT((0.,0.,3.));
#10833=IFCDIRECTION((0.,0.,1.));
#10834=IFCDIRECTION((1.,0.,0.));
#10835=IFCAXIS2PLACEMENT3D(#10832,#10833,#10834);
#10836=IFCLOCALPLACEMENT(#56,#10835);
#10837=IFCCARTESIANPOINT((4.176605224609375,-2.5401062965393066,0.));
#10838=IFCDIRECTION((0.,0.,1.));
#10839=IFCDIRECTION((1.,0.,0.));
#10840=IFCAXIS2PLACEMENT3D(#10837,#10838,#10839);
#10841=IFCLOCALPLACEMENT(#10836,#10840);
#10842=IFCCARTESIANPOINT((4.1781199753146154,6.5243949890136861,0.));
#10843=IFCDIRECTION((0.,0.,1.));
#10844=IFCDIRECTION((-0.99999999999999623,8.7422776573475527E-08,0.));
#10845=IFCAXIS2PLACEMENT3D(#10842,#10843,#10844);
#10846=IFCLOCALPLACEMENT(#10836,#10845);
#10847=IFCCARTESIANPOINT((-3.292267322120265,5.530892258681285,0.));
#10848=IFCDIRECTION((0.,0.,1.));
#10849=IFCDIRECTION((-0.00049988826217298448,-0.99999987505585486,0.));
#10850=IFCAXIS2PLACEMENT3D(#10847,#10848,#10849);
#10851=IFCLOCALPLACEMENT(#10836,#10850);
#10852=IFCCARTESIANPOINT((-3.2958441513718513,-1.6243643763396167,0.));
#10853=IFCDIRECTION((0.,0.,1.));
#10854=IFCDIRECTION((0.99999977365849546,-0.00067281718014261364,0.));
#10855=IFCAXIS2PLACEMENT3D(#10852,#10853,#10854);
#10856=IFCLOCALPLACEMENT(#10836,#10855);
#10857=IFCCARTESIANPOINT((0.26815962800131427,-1.626762299855222,0.));
#10858=IFCDIRECTION((0.,0.,1.));
#10859=IFCDIRECTION((-0.00026433071540827685,-0.99999996506463584,0.));
#10860=IFCAXIS2PLACEMENT3D(#10857,#10858,#10859);
#10861=IFCLOCALPLACEMENT(#10836,#10860);
#10862=IFCCARTESIANPOINT((0.26800419884883392,-2.2147724628448486,0.));
#10863=IFCDIRECTION((0.,0.,1.));
#10864=IFCDIRECTION((1.,0.,0.));
#10865=IFCAXIS2PLACEMENT3D(#10862,#10863,#10864);
#10866=IFCLOCALPLACEMENT(#10836,#10865);
#10867=IFCCARTESIANPOINT((1.8340115547180176,-2.2147724628448486,0.));
#10868=IFCDIRECTION((0.,0.,1.));
#10869=IFCDIRECTION((-0.00022260745202910091,-0.99999997522296091,0.));
#10870=IFCAXIS2PLACEMENT3D(#10867,#10868,#10869);
#10871=IFCLOCALPLACEMENT(#10836,#10870);
#10872=IFCCARTESIANPOINT((4.1781192474358253,-3.1166516796797703,0.));
#10873=IFCDIRECTION((0.,0.,1.));
#10874=IFCDIRECTION((7.5497901264043123E-08,0.99999999999999722,0.));
#10875=IFCAXIS2PLACEMENT3D(#10872,#10873,#10874);
#10876=IFCLOCALPLACEMENT(#10836,#10875);
#10877=IFCCARTESIANPOINT((1.8338108343457733,-3.1164510250013544,0.));
#10878=IFCDIRECTION((0.,0.,1.));
#10879=IFCDIRECTION((0.99999999633698167,-8.559226958393489E-05,0.));
#10880=IFCAXIS2PLACEMENT3D(#10877,#10878,#10879);
#10881=IFCLOCALPLACEMENT(#10836,#10880);
#10882=IFCCARTESIANPOINT((0.36818602681159973,-1.5268296003341675,0.));
#10883=IFCDIRECTION((0.,0.,1.));
#10884=IFCDIRECTION((7.5497901264043123E-08,0.99999999999999722,0.));
#10885=IFCAXIS2PLACEMENT3D(#10882,#10883,#10884);
#10886=IFCLOCALPLACEMENT(#10836,#10885);
#10887=IFCCARTESIANPOINT((0.36818634088284852,2.633170127887507,0.));
#10888=IFCDIRECTION((0.,0.,1.));
#10889=IFCDIRECTION((-0.99999906042725406,0.0013708189555967233,0.));
#10890=IFCAXIS2PLACEMENT3D(#10887,#10888,#10889);
#10891=IFCLOCALPLACEMENT(#10836,#10890);
#10892=IFCCARTESIANPOINT((4.0832219123840332,0.47910812497138977,0.));
#10893=IFCDIRECTION((0.,0.,1.));
#10894=IFCDIRECTION((-0.99999999999999623,8.7422776573475527E-08,0.));
#10895=IFCAXIS2PLACEMENT3D(#10892,#10893,#10894);
#10896=IFCLOCALPLACEMENT(#10836,#10895);
#10897=IFCCARTESIANPOINT((0.368186354637146,2.6331701278686523,0.));
#10898=IFCDIRECTION((0.,0.,1.));
#10899=IFCDIRECTION((7.5497901264043123E-08,0.99999999999999722,0.));
#10900=IFCAXIS2PLACEMENT3D(#10897,#10898,#10899);
#10901=IFCLOCALPLACEMENT(#10836,#10900);
#10902=IFCCARTESIANPOINT((0.3681865732679761,5.5290232117803315,0.));
#10903=IFCDIRECTION((0.,0.,1.));
#10904=IFCDIRECTION((-0.99999986964117538,0.00051060516283584401,0.));
#10905=IFCAXIS2PLACEMENT3D(#10902,#10903,#10904);
#10906=IFCLOCALPLACEMENT(#10836,#10905);
#10907=IFCCARTESIANPOINT((4.0781207084655762,4.9939432144165039,0.));
#10908=IFCDIRECTION((0.,0.,1.));
#10909=IFCDIRECTION((-0.99999999999999623,8.7422776573475527E-08,0.));
#10910=IFCAXIS2PLACEMENT3D(#10907,#10908,#10909);
#10911=IFCLOCALPLACEMENT(#10836,#10910);
#10912=IFCCARTESIANPOINT((4.1781191825866699,-3.1166517734527588,0.));
#10913=IFCDIRECTION((0.,0.,1.));
#10914=IFCDIRECTION((1.,0.,0.));
#10915=IFCAXIS2PLACEMENT3D(#10912,#10913,#10914);
#10916=IFCLOCALPLACEMENT(#10836,#10915);
#10917=IFCCARTESIANPOINT((0.,0.,6.));
#10918=IFCDIRECTION((0.,0.,1.));
#10919=IFCDIRECTION((1.,0.,0.));
#10920=IFCAXIS2PLACEMENT3D(#10917,#10918,#10919);
#10921=IFCLOCALPLACEMENT(#56,#10920);
#10922=IFCCARTESIANPOINT((4.1781191825866699,-3.1166517734527588,0.));
#10923=IFCDIRECTION((0.,0.,1.));
#10924=IFCDIRECTION((1.,0.,0.));
#10925=IFCAXIS2PLACEMENT3D(#10922,#10923,#10924);
#10926=IFCLOCALPLACEMENT(#10921,#10925);
#10927=IFCCARTESIANPOINT((0.46189355850219727,1.7322185039520264,0.10154247283935547));
#10928=IFCDIRECTION((0.,0.,1.));
#10929=IFCDIRECTION((1.,0.,0.));
#10930=IFCAXIS2PLACEMENT3D(#10927,#10928,#10929);
#10931=IFCLOCALPLACEMENT(#10921,#10930);
#10932=IFCCOVERINGTYPE('2e0FSupl14rOjG$XUAbAvs',$,'Unnamed',$,$,(#10936),$,$,$,.FLOORING.);
#10933=IFCMATERIALLAYERSET((#10957,#10956),$,$);
#10934=IFCRELASSOCIATESMATERIAL('2MLffFgT962B1dFiYAlDTf',$,$,$,(#10932),#10933);
#10936=IFCPROPERTYSET('1JT5KoVwrCoR$33okw3oY3',$,'EPset_Parametric',$,(#10937));
#10937=IFCPROPERTYSINGLEVALUE('LayerSetDirection',$,IFCLABEL('AXIS3'),$);
#10938=IFCCOVERING('1CF$4imEr2VgrZaROKE0Qb',$,'Covering',$,$,#11131,#10952,$,$);
#10939=IFCRELDEFINESBYTYPE('3P4WUwycDCfwWpsnmE16zX',$,$,$,(#10938),#10932);
#10940=IFCMATERIALLAYERSETUSAGE(#10933,.AXIS3.,.POSITIVE.,0.,$);
#10941=IFCRELASSOCIATESMATERIAL('0sfiiGY9P9qxCGKVYNc8zy',$,$,$,(#10938),#10940);
#10942=IFCCARTESIANPOINTLIST2D(((-1.5026777982711792,1.7655911445617676),(1.7473220825195312,1.7655911445617676),(1.7473220825195312,-7.1344089508056641),(-2.0526778697967529,-7.1344089508056641),(-2.0526778697967529,-4.6844086647033691),(-2.0526778697967529,-4.6344084739685059),(-2.0526778697967529,-4.6344084739685059),(-2.0526778697967529,-4.5844087600708008),(-2.0526778697967529,-2.004408597946167),(-3.5096778869628906,-2.004408597946167),(-3.5596776008605957,-2.004408597946167),(-3.5596776008605957,-1.2364087104797363),(-3.5596776008605957,-1.1864087581634521),(-1.5026777982711792,-1.1864087581634521),(-1.5026777982711792,0.26559114456176758),(-1.5026777982711792,0.31559133529663086),(-1.5026777982711792,0.36559152603149414)));
#10943=IFCINDEXEDPOLYCURVE(#10942,(IFCLINEINDEX((1,2,3,4,5,6,7,8,9,10,11,12,13,14,15,16,17,1))),$);
#10944=IFCARBITRARYCLOSEDPROFILEDEF(.AREA.,$,#10943);
#10945=IFCCARTESIANPOINT((0.,0.,0.));
#10946=IFCDIRECTION((0.,0.,1.));
#10947=IFCDIRECTION((1.,0.,0.));
#10948=IFCAXIS2PLACEMENT3D(#10945,#10946,#10947);
#10949=IFCDIRECTION((0.,0.,1.));
#10950=IFCEXTRUDEDAREASOLID(#10944,#10948,#10949,0.09999999962747097);
#10951=IFCSHAPEREPRESENTATION(#11,'Body','SweptSolid',(#10950));
#10952=IFCPRODUCTDEFINITIONSHAPE($,$,(#10951));
#10953=IFCMATERIAL('screed',$,'cement');
#10954=IFCMATERIAL('parquet',$,'wood');
#10956=IFCMATERIALLAYER(#10954,0.029999999329447746,$,$,$,$,$);
#10957=IFCMATERIALLAYER(#10953,0.070000000298023224,$,$,$,$,$);
#10958=IFCCARTESIANPOINTLIST2D(((0.,0.),(0.,0.10000000149011612),(2.3200003794181638,0.10000000149011612),(2.3200003599474455,0.)));
#10959=IFCINDEXEDPOLYCURVE(#10958,(IFCLINEINDEX((1,2,3,4,1))),$);
#10960=IFCARBITRARYCLOSEDPROFILEDEF(.AREA.,$,#10959);
#10961=IFCCARTESIANPOINT((0.,0.,0.));
#10962=IFCDIRECTION((0.,0.,1.));
#10963=IFCDIRECTION((1.,0.,0.));
#10964=IFCAXIS2PLACEMENT3D(#10961,#10962,#10963);
#10965=IFCDIRECTION((0.,0.,1.));
#10966=IFCEXTRUDEDAREASOLID(#10960,#10964,#10965,3.);
#10967=IFCSHAPEREPRESENTATION(#11,'Body','SweptSolid',(#10966));
#10968=IFCCARTESIANPOINTLIST2D(((0.,0.),(2.4200003614375634,0.)));
#10969=IFCINDEXEDPOLYCURVE(#10968,$,$);
#10970=IFCSHAPEREPRESENTATION(#23,'Axis','Curve2D',(#10969));
#10971=IFCCARTESIANPOINTLIST2D(((0.,0.),(-0.1000000535449858,0.10000000149011612),(2.4000001848739321,0.10000000149011612),(2.5000002384189175,0.)));
#10972=IFCINDEXEDPOLYCURVE(#10971,(IFCLINEINDEX((1,2,3,4,1))),$);
#10973=IFCARBITRARYCLOSEDPROFILEDEF(.AREA.,$,#10972);
#10974=IFCCARTESIANPOINT((0.,0.,0.));
#10975=IFCDIRECTION((0.,0.,1.));
#10976=IFCDIRECTION((1.,0.,0.));
#10977=IFCAXIS2PLACEMENT3D(#10974,#10975,#10976);
#10978=IFCDIRECTION((0.,0.,1.));
#10979=IFCEXTRUDEDAREASOLID(#10973,#10977,#10978,3.);
#10980=IFCSHAPEREPRESENTATION(#11,'Body','SweptSolid',(#10979));
#10981=IFCCARTESIANPOINTLIST2D(((0.,0.),(2.5000002384189175,0.)));
#10982=IFCINDEXEDPOLYCURVE(#10981,$,$);
#10983=IFCSHAPEREPRESENTATION(#23,'Axis','Curve2D',(#10982));
#10984=IFCCARTESIANPOINTLIST2D(((0.,0.),(0.099999993940326173,0.10000000149011612),(3.1000001415678291,0.10000000149011612),(3.0000000880228432,0.)));
#10985=IFCINDEXEDPOLYCURVE(#10984,(IFCLINEINDEX((1,2,3,4,1))),$);
#10986=IFCARBITRARYCLOSEDPROFILEDEF(.AREA.,$,#10985);
#10987=IFCCARTESIANPOINT((0.,0.,0.));
#10988=IFCDIRECTION((0.,0.,1.));
#10989=IFCDIRECTION((1.,0.,0.));
#10990=IFCAXIS2PLACEMENT3D(#10987,#10988,#10989);
#10991=IFCDIRECTION((0.,0.,1.));
#10992=IFCEXTRUDEDAREASOLID(#10986,#10990,#10991,3.);
#10993=IFCSHAPEREPRESENTATION(#11,'Body','SweptSolid',(#10992));
#10994=IFCCARTESIANPOINTLIST2D(((0.,0.),(3.0000000880228432,0.)));
#10995=IFCINDEXEDPOLYCURVE(#10994,$,$);
#10996=IFCSHAPEREPRESENTATION(#23,'Axis','Curve2D',(#10995));
#10997=IFCCARTESIANPOINTLIST2D(((0.,0.),(0.10000004798135449,0.10000000149011612),(5.0500010070108097,0.10000000149011612),(5.1500010009511357,0.)));
#10998=IFCINDEXEDPOLYCURVE(#10997,(IFCLINEINDEX((1,2,3,4,1))),$);
#10999=IFCARBITRARYCLOSEDPROFILEDEF(.AREA.,$,#10998);
#11000=IFCCARTESIANPOINT((0.,0.,0.));
#11001=IFCDIRECTION((0.,0.,1.));
#11002=IFCDIRECTION((1.,0.,0.));
#11003=IFCAXIS2PLACEMENT3D(#11000,#11001,#11002);
#11004=IFCDIRECTION((0.,0.,1.));
#11005=IFCEXTRUDEDAREASOLID(#10999,#11003,#11004,3.);
#11006=IFCSHAPEREPRESENTATION(#11,'Body','SweptSolid',(#11005));
#11007=IFCCARTESIANPOINTLIST2D(((0.,0.),(5.1500010009511357,0.)));
#11008=IFCINDEXEDPOLYCURVE(#11007,$,$);
#11009=IFCSHAPEREPRESENTATION(#23,'Axis','Curve2D',(#11008));
#11010=IFCCARTESIANPOINTLIST2D(((0.,0.),(-0.10000004798135448,0.10000000149011612),(3.4499995369700875,0.10000000149011612),(3.5499995849514421,0.)));
#11011=IFCINDEXEDPOLYCURVE(#11010,(IFCLINEINDEX((1,2,3,4,1))),$);
#11012=IFCARBITRARYCLOSEDPROFILEDEF(.AREA.,$,#11011);
#11013=IFCCARTESIANPOINT((0.,0.,0.));
#11014=IFCDIRECTION((0.,0.,1.));
#11015=IFCDIRECTION((1.,0.,0.));
#11016=IFCAXIS2PLACEMENT3D(#11013,#11014,#11015);
#11017=IFCDIRECTION((0.,0.,1.));
#11018=IFCEXTRUDEDAREASOLID(#11012,#11016,#11017,3.);
#11019=IFCSHAPEREPRESENTATION(#11,'Body','SweptSolid',(#11018));
#11020=IFCCARTESIANPOINTLIST2D(((0.,0.),(3.5499995849514421,0.)));
#11021=IFCINDEXEDPOLYCURVE(#11020,$,$);
#11022=IFCSHAPEREPRESENTATION(#23,'Axis','Curve2D',(#11021));
#11023=IFCCARTESIANPOINTLIST2D(((0.,0.),(0.1000000241394894,0.10000000149011612),(3.3500002639372166,0.10000000149011612),(3.4500002578775426,0.)));
#11024=IFCINDEXEDPOLYCURVE(#11023,(IFCLINEINDEX((1,2,3,4,1))),$);
#11025=IFCARBITRARYCLOSEDPROFILEDEF(.AREA.,$,#11024);
#11026=IFCCARTESIANPOINT((0.,0.,0.));
#11027=IFCDIRECTION((0.,0.,1.));
#11028=IFCDIRECTION((1.,0.,0.));
#11029=IFCAXIS2PLACEMENT3D(#11026,#11027,#11028);
#11030=IFCDIRECTION((0.,0.,1.));
#11031=IFCEXTRUDEDAREASOLID(#11025,#11029,#11030,3.);
#11032=IFCSHAPEREPRESENTATION(#11,'Body','SweptSolid',(#11031));
#11033=IFCCARTESIANPOINTLIST2D(((0.,0.),(3.4500002578775426,0.)));
#11034=IFCINDEXEDPOLYCURVE(#11033,$,$);
#11035=IFCSHAPEREPRESENTATION(#23,'Axis','Curve2D',(#11034));
#11036=IFCCARTESIANPOINTLIST2D(((0.,0.),(0.09999999394032616,0.10000000149011612),(9.0000005957488725,0.10000000149011612),(9.1000006198883625,0.)));
#11037=IFCINDEXEDPOLYCURVE(#11036,(IFCLINEINDEX((1,2,3,4,1))),$);
#11038=IFCARBITRARYCLOSEDPROFILEDEF(.AREA.,$,#11037);
#11039=IFCCARTESIANPOINT((0.,0.,0.));
#11040=IFCDIRECTION((0.,0.,1.));
#11041=IFCDIRECTION((1.,0.,0.));
#11042=IFCAXIS2PLACEMENT3D(#11039,#11040,#11041);
#11043=IFCDIRECTION((0.,0.,1.));
#11044=IFCEXTRUDEDAREASOLID(#11038,#11042,#11043,3.);
#11045=IFCSHAPEREPRESENTATION(#11,'Body','SweptSolid',(#11044));
#11046=IFCCARTESIANPOINTLIST2D(((0.,0.),(9.1000006198883625,0.)));
#11047=IFCINDEXEDPOLYCURVE(#11046,$,$);
#11048=IFCSHAPEREPRESENTATION(#23,'Axis','Curve2D',(#11047));
#11049=IFCCARTESIANPOINTLIST2D(((0.,0.),(0.1000000241394894,0.10000000149011612),(3.0000005523955675,0.10000000149011612),(3.0000005448457769,0.)));
#11050=IFCINDEXEDPOLYCURVE(#11049,(IFCLINEINDEX((1,2,3,4,1))),$);
#11051=IFCARBITRARYCLOSEDPROFILEDEF(.AREA.,$,#11050);
#11052=IFCCARTESIANPOINT((0.,0.,0.));
#11053=IFCDIRECTION((0.,0.,1.));
#11054=IFCDIRECTION((1.,0.,0.));
#11055=IFCAXIS2PLACEMENT3D(#11052,#11053,#11054);
#11056=IFCDIRECTION((0.,0.,1.));
#11057=IFCEXTRUDEDAREASOLID(#11051,#11055,#11056,3.);
#11058=IFCSHAPEREPRESENTATION(#11,'Body','SweptSolid',(#11057));
#11059=IFCCARTESIANPOINTLIST2D(((0.,0.),(3.1000005463358935,0.)));
#11060=IFCINDEXEDPOLYCURVE(#11059,$,$);
#11061=IFCSHAPEREPRESENTATION(#23,'Axis','Curve2D',(#11060));
#11062=IFCCARTESIANPOINTLIST2D(((0.10000000149013319,0.),(0.10000005990228916,0.10000000149011612),(1.6021782520410108,0.10000000149011612),(1.5021781921387216,0.)));
#11063=IFCINDEXEDPOLYCURVE(#11062,(IFCLINEINDEX((1,2,3,4,1))),$);
#11064=IFCARBITRARYCLOSEDPROFILEDEF(.AREA.,$,#11063);
#11065=IFCCARTESIANPOINT((0.,0.,0.));
#11066=IFCDIRECTION((0.,0.,1.));
#11067=IFCDIRECTION((1.,0.,0.));
#11068=IFCAXIS2PLACEMENT3D(#11065,#11066,#11067);
#11069=IFCDIRECTION((0.,0.,1.));
#11070=IFCEXTRUDEDAREASOLID(#11064,#11068,#11069,3.);
#11071=IFCSHAPEREPRESENTATION(#11,'Body','SweptSolid',(#11070));
#11072=IFCCARTESIANPOINTLIST2D(((0.,0.),(1.5021781921387216,0.)));
#11073=IFCINDEXEDPOLYCURVE(#11072,$,$);
#11074=IFCSHAPEREPRESENTATION(#23,'Axis','Curve2D',(#11073));
#11075=IFCCARTESIANPOINTLIST2D(((0.,0.),(-0.10000005990228915,0.10000000149011612),(1.9567355875832835,0.10000000149011612),(1.9567356070540021,0.)));
#11076=IFCINDEXEDPOLYCURVE(#11075,(IFCLINEINDEX((1,2,3,4,1))),$);
#11077=IFCARBITRARYCLOSEDPROFILEDEF(.AREA.,$,#11076);
#11078=IFCCARTESIANPOINT((0.,0.,0.));
#11079=IFCDIRECTION((0.,0.,1.));
#11080=IFCDIRECTION((1.,0.,0.));
#11081=IFCAXIS2PLACEMENT3D(#11078,#11079,#11080);
#11082=IFCDIRECTION((0.,0.,1.));
#11083=IFCEXTRUDEDAREASOLID(#11077,#11081,#11082,3.);
#11084=IFCSHAPEREPRESENTATION(#11,'Body','SweptSolid',(#11083));
#11085=IFCCARTESIANPOINTLIST2D(((0.,0.),(1.9567356070540021,0.)));
#11086=IFCINDEXEDPOLYCURVE(#11085,$,$);
#11087=IFCSHAPEREPRESENTATION(#23,'Axis','Curve2D',(#11086));
#11088=IFCCARTESIANPOINTLIST2D(((0.,0.),(0.10000005354498581,0.10000000149011612),(3.8999998769198236,0.10000000149011612),(3.9999998708601496,0.)));
#11089=IFCINDEXEDPOLYCURVE(#11088,(IFCLINEINDEX((1,2,3,4,1))),$);
#11090=IFCARBITRARYCLOSEDPROFILEDEF(.AREA.,$,#11089);
#11091=IFCCARTESIANPOINT((0.,0.,0.));
#11092=IFCDIRECTION((0.,0.,1.));
#11093=IFCDIRECTION((1.,0.,0.));
#11094=IFCAXIS2PLACEMENT3D(#11091,#11092,#11093);
#11095=IFCDIRECTION((0.,0.,1.));
#11096=IFCEXTRUDEDAREASOLID(#11090,#11094,#11095,3.);
#11097=IFCSHAPEREPRESENTATION(#11,'Body','SweptSolid',(#11096));
#11098=IFCCARTESIANPOINTLIST2D(((0.,0.),(3.9999998708601496,0.)));
#11099=IFCINDEXEDPOLYCURVE(#11098,$,$);
#11100=IFCSHAPEREPRESENTATION(#23,'Axis','Curve2D',(#11099));
#11101=IFCCARTESIANPOINTLIST2D(((0.,0.),(0.,0.10000000149011612),(2.5299999934438873,0.10000000149011612),(2.6300000175833764,0.)));
#11102=IFCINDEXEDPOLYCURVE(#11101,(IFCLINEINDEX((1,2,3,4,1))),$);
#11103=IFCARBITRARYCLOSEDPROFILEDEF(.AREA.,$,#11102);
#11104=IFCCARTESIANPOINT((0.,0.,0.));
#11105=IFCDIRECTION((0.,0.,1.));
#11106=IFCDIRECTION((1.,0.,0.));
#11107=IFCAXIS2PLACEMENT3D(#11104,#11105,#11106);
#11108=IFCDIRECTION((0.,0.,1.));
#11109=IFCEXTRUDEDAREASOLID(#11103,#11107,#11108,3.);
#11110=IFCSHAPEREPRESENTATION(#11,'Body','SweptSolid',(#11109));
#11111=IFCCARTESIANPOINTLIST2D(((0.,0.),(2.6300000175833764,0.)));
#11112=IFCINDEXEDPOLYCURVE(#11111,$,$);
#11113=IFCSHAPEREPRESENTATION(#23,'Axis','Curve2D',(#11112));
#11114=IFCCARTESIANPOINTLIST2D(((0.,0.),(0.099999993940326173,0.10000000149011612),(1.5500002899852816,0.10000000149011612),(1.4500002420039273,0.)));
#11115=IFCINDEXEDPOLYCURVE(#11114,(IFCLINEINDEX((1,2,3,4,1))),$);
#11116=IFCARBITRARYCLOSEDPROFILEDEF(.AREA.,$,#11115);
#11117=IFCCARTESIANPOINT((0.,0.,0.));
#11118=IFCDIRECTION((0.,0.,1.));
#11119=IFCDIRECTION((1.,0.,0.));
#11120=IFCAXIS2PLACEMENT3D(#11117,#11118,#11119);
#11121=IFCDIRECTION((0.,0.,1.));
#11122=IFCEXTRUDEDAREASOLID(#11116,#11120,#11121,3.);
#11123=IFCSHAPEREPRESENTATION(#11,'Body','SweptSolid',(#11122));
#11124=IFCCARTESIANPOINTLIST2D(((0.,0.),(1.4500002420039273,0.)));
#11125=IFCINDEXEDPOLYCURVE(#11124,$,$);
#11126=IFCSHAPEREPRESENTATION(#23,'Axis','Curve2D',(#11125));
#11127=IFCCARTESIANPOINT((2.3796777725219727,4.6444087028503418,0.));
#11128=IFCDIRECTION((0.,0.,1.));
#11129=IFCDIRECTION((1.,0.,0.));
#11130=IFCAXIS2PLACEMENT3D(#11127,#11128,#11129);
#11131=IFCLOCALPLACEMENT(#79,#11130);
#11132=IFCSTAIRFLIGHTTYPE('1kfjzFV0H8zOve_T1MTWzg',$,'STAIR-1 - GF',$,$,(#11133,#11135),(#11177,#11402),$,$,.STRAIGHT.);
#11133=IFCPROPERTYSET('1jNw5Q2DP4LBQqW2wC654A',$,'BBIM_Stair',$,(#11134));
#11134=IFCPROPERTYSINGLEVALUE('Data',$,IFCTEXT('{"stair_type": "GENERIC", "width": 0.7759405374526978, "height": 1.7999999523162842, "number_of_treads": 7, "tread_run": 0.18857774138450623, "nosing_length": 0.0, "nosing_depth": 0.0, "custom_first_last_tread_run": [null, null], "custom_tread_lock": true}'),$);
#11135=IFCPROPERTYSET('2M$qmRaqj83QdoDm_uAq3Q',$,'Pset_StairFlightCommon',$,(#11136,#11137,#11138,#11139,#11140));
#11136=IFCPROPERTYSINGLEVALUE('NumberOfRiser',$,IFCCOUNTMEASURE(8.),$);
#11137=IFCPROPERTYSINGLEVALUE('NumberOfTreads',$,IFCCOUNTMEASURE(7.),$);
#11138=IFCPROPERTYSINGLEVALUE('RiserHeight',$,IFCPOSITIVELENGTHMEASURE(0.22499999403953552),$);
#11139=IFCPROPERTYSINGLEVALUE('TreadLength',$,IFCPOSITIVELENGTHMEASURE(0.25),$);
#11140=IFCPROPERTYSINGLEVALUE('NosingLength',$,IFCLENGTHMEASURE(0.),$);
#11173=IFCCARTESIANPOINT((0.,0.,0.));
#11174=IFCDIRECTION((1.,0.,0.));
#11175=IFCDIRECTION((0.,0.,1.));
#11176=IFCAXIS2PLACEMENT3D(#11173,#11175,#11174);
#11177=IFCREPRESENTATIONMAP(#11176,#11393);
#11178=IFCSTAIRFLIGHT('1Hiwhztof90fAUJJt4zKo7',$,'StairFlight',$,$,#11298,#11187,$,8,7,0.22499999403953552,0.25,.STRAIGHT.);
#11179=IFCRELDEFINESBYTYPE('33678LtNr4i9v2sLnd9HMJ',$,$,$,(#11178),#11132);
#11187=IFCPRODUCTDEFINITIONSHAPE($,$,(#11194,#11409));
#11188=IFCCARTESIANPOINT((0.,0.,0.));
#11189=IFCDIRECTION((1.,0.,0.));
#11190=IFCDIRECTION((0.,1.,0.));
#11191=IFCDIRECTION((0.,0.,1.));
#11192=IFCCARTESIANTRANSFORMATIONOPERATOR3D(#11189,#11190,#11188,1.,#11191);
#11193=IFCMAPPEDITEM(#11177,#11192);
#11194=IFCSHAPEREPRESENTATION(#11,'Body','MappedRepresentation',(#11193));
#11288=IFCSLABTYPE('3qLa8TIcDEyfL9D2t$9cOD',$,'SLAB LANDING',$,$,(#11292),$,$,$,.LANDING.);
#11289=IFCMATERIALLAYERSET((#11291),$,$);
#11290=IFCRELASSOCIATESMATERIAL('3hgE_fMPfAbh8k9v9PoyRV',$,$,$,(#11288),#11289);
#11291=IFCMATERIALLAYER(#88,1.7999999523162842,$,$,$,$,$);
#11292=IFCPROPERTYSET('1qrBdF2yHBAgVl61GWL04Y',$,'EPset_Parametric',$,(#11293));
#11293=IFCPROPERTYSINGLEVALUE('LayerSetDirection',$,IFCLABEL('AXIS3'),$);
#11294=IFCCARTESIANPOINT((1.8063135147094727,0.54305076599121094,0.10273247957229614));
#11295=IFCDIRECTION((0.,0.,1.));
#11296=IFCDIRECTION((1.,0.,0.));
#11297=IFCAXIS2PLACEMENT3D(#11294,#11295,#11296);
#11298=IFCLOCALPLACEMENT(#79,#11297);
#11299=IFCSLAB('2VE9c_jN10kA2TdTLXK8l5',$,'Slab',$,$,#11307,#11314,$,$);
#11300=IFCRELDEFINESBYTYPE('3FRz9u95L3Hg0C2Eycp3up',$,$,$,(#12269,#11344,#11299),#11288);
#11301=IFCMATERIALLAYERSETUSAGE(#11289,.AXIS3.,.POSITIVE.,-0.10000000149011612,$);
#11302=IFCRELASSOCIATESMATERIAL('0DhIo8sN12uQvTIIQ_P9gk',$,$,$,(#11299),#11301);
#11303=IFCCARTESIANPOINT((3.3170928955078125,1.3125911951065063,0.));
#11304=IFCDIRECTION((0.,0.,1.));
#11305=IFCDIRECTION((1.,0.,0.));
#11306=IFCAXIS2PLACEMENT3D(#11303,#11304,#11305);
#11307=IFCLOCALPLACEMENT(#10921,#11306);
#11308=IFCCARTESIANPOINTLIST2D(((0.,0.),(0.7526702880859375,1.1920928955078125E-07),(0.7526707649230957,-0.76730310916900635),(-1.52587890625E-05,-0.76730316877365112),(0.,0.)));
#11309=IFCINDEXEDPOLYCURVE(#11308,$,$);
#11310=IFCDIRECTION((0.,0.,1.));
#11311=IFCARBITRARYCLOSEDPROFILEDEF(.AREA.,$,#11309);
#11312=IFCEXTRUDEDAREASOLID(#11311,#11321,#11310,0.10000000000000001);
#11313=IFCSHAPEREPRESENTATION(#11,'Body','SweptSolid',(#11312));
#11314=IFCPRODUCTDEFINITIONSHAPE($,$,(#11313));
#11315=IFCPROPERTYSET('2F4CNtvbb5tf8ggW_78I4d',$,'EPset_Parametric',$,(#11317));
#11316=IFCRELDEFINESBYPROPERTIES('3vyXM4bVz7H8pvUcYrPvW8',$,$,$,(#11299),#11315);
#11317=IFCPROPERTYSINGLEVALUE('Engine',$,IFCLABEL('Bonsai.DumbLayer3'),$);
#11318=IFCCARTESIANPOINT((-0.,-0.,-0.10000000149011612));
#11319=IFCDIRECTION((0.,0.,1.));
#11320=IFCDIRECTION((1.,0.,0.));
#11321=IFCAXIS2PLACEMENT3D(#11318,#11319,#11320);
#11344=IFCSLAB('3j7ljdLDbAqBWJ_rOPDe$N',$,'Slab',$,$,#11370,#11358,$,$);
#11345=IFCMATERIALLAYERSETUSAGE(#11289,.AXIS3.,.POSITIVE.,-0.10000000149011612,$);
#11346=IFCRELASSOCIATESMATERIAL('0mlAcANBnARwJEX94HWRgC',$,$,$,(#11344),#11345);
#11354=IFCDIRECTION((0.,0.,1.));
#11356=IFCEXTRUDEDAREASOLID(#12223,#11365,#11354,1.7999999523162842);
#11357=IFCSHAPEREPRESENTATION(#11,'Body','SweptSolid',(#11356));
#11358=IFCPRODUCTDEFINITIONSHAPE($,$,(#11357));
#11359=IFCPROPERTYSET('1G4GM9Yc58SOmGmwohmrjN',$,'EPset_Parametric',$,(#11361));
#11360=IFCRELDEFINESBYPROPERTIES('2gmmAAk8r0w8Ut6UOuAyDO',$,$,$,(#11344),#11359);
#11361=IFCPROPERTYSINGLEVALUE('Engine',$,IFCLABEL('Bonsai.DumbLayer3'),$);
#11362=IFCCARTESIANPOINT((-0.,-0.,-0.10000000149011612));
#11363=IFCDIRECTION((0.,0.,1.));
#11364=IFCDIRECTION((1.,0.,0.));
#11365=IFCAXIS2PLACEMENT3D(#11362,#11363,#11364);
#11366=IFCCARTESIANPOINT((3.3152492046356201,1.3189913034439087,0.20273247361183167));
#11367=IFCDIRECTION((0.,0.,1.));
#11368=IFCDIRECTION((1.,0.,0.));
#11369=IFCAXIS2PLACEMENT3D(#11366,#11367,#11368);
#11370=IFCLOCALPLACEMENT(#79,#11369);
#11371=IFCINDEXEDPOLYGONALFACE((2,1,18,17,16,15,14,13,12,11,10,9,8,7,6,5,4,3));
#11372=IFCINDEXEDPOLYGONALFACE((19,20,21,22,23,24,25,26,27,28,29,30,31,32,33,34,35,36));
#11373=IFCINDEXEDPOLYGONALFACE((7,8,25,24));
#11374=IFCINDEXEDPOLYGONALFACE((15,16,33,32));
#11375=IFCINDEXEDPOLYGONALFACE((8,9,26,25));
#11376=IFCINDEXEDPOLYGONALFACE((1,2,19,36));
#11377=IFCINDEXEDPOLYGONALFACE((16,17,34,33));
#11378=IFCINDEXEDPOLYGONALFACE((9,10,27,26));
#11379=IFCINDEXEDPOLYGONALFACE((2,3,20,19));
#11380=IFCINDEXEDPOLYGONALFACE((17,18,35,34));
#11381=IFCINDEXEDPOLYGONALFACE((10,11,28,27));
#11382=IFCINDEXEDPOLYGONALFACE((3,4,21,20));
#11383=IFCINDEXEDPOLYGONALFACE((18,1,36,35));
#11384=IFCINDEXEDPOLYGONALFACE((11,12,29,28));
#11385=IFCINDEXEDPOLYGONALFACE((4,5,22,21));
#11386=IFCINDEXEDPOLYGONALFACE((12,13,30,29));
#11387=IFCINDEXEDPOLYGONALFACE((5,6,23,22));
#11388=IFCINDEXEDPOLYGONALFACE((13,14,31,30));
#11389=IFCINDEXEDPOLYGONALFACE((6,7,24,23));
#11390=IFCINDEXEDPOLYGONALFACE((14,15,32,31));
#11391=IFCCARTESIANPOINTLIST3D(((0.,0.,0.),(0.,0.,0.22499999403953552),(0.18857774138450623,0.,0.22499999403953552),(0.18857774138450623,0.,0.44999998807907104),(0.37715548276901245,0.,0.44999998807907104),(0.37715548276901245,0.,0.67499995231628418),(0.56573319435119629,0.,0.67499995231628418),(0.56573319435119629,0.,0.89999997615814209),(0.7543109655380249,0.,0.89999997615814209),(0.7543109655380249,0.,1.125),(0.94288873672485352,0.,1.125),(0.94288873672485352,0.,1.3500000238418579),(1.1314665079116821,0.,1.3500000238418579),(1.1314665079116821,0.,1.5750000476837158),(1.3200442790985107,0.,1.5750000476837158),(1.3200442790985107,0.,1.8000000715255737),(1.5086220502853394,0.,1.8000000715255737),(1.5086220502853394,0.,0.),(0.,0.77594053745269775,0.22499999403953552),(0.18857774138450623,0.77594053745269775,0.22499999403953552),(0.18857774138450623,0.77594053745269775,0.44999998807907104),(0.37715548276901245,0.77594053745269775,0.44999998807907104),(0.37715548276901245,0.77594053745269775,0.67499995231628418),(0.56573319435119629,0.77594053745269775,0.67499995231628418),(0.56573319435119629,0.77594053745269775,0.89999997615814209),(0.7543109655380249,0.77594053745269775,0.89999997615814209),(0.7543109655380249,0.77594053745269775,1.125),(0.94288873672485352,0.77594053745269775,1.125),(0.94288873672485352,0.77594053745269775,1.3500000238418579),(1.1314665079116821,0.77594053745269775,1.3500000238418579),(1.1314665079116821,0.77594053745269775,1.5750000476837158),(1.3200442790985107,0.77594053745269775,1.5750000476837158),(1.3200442790985107,0.77594053745269775,1.8000000715255737),(1.5086220502853394,0.77594053745269775,1.8000000715255737),(1.5086220502853394,0.77594053745269775,0.),(0.,0.77594053745269775,0.)));
#11392=IFCPOLYGONALFACESET(#11391,.T.,(#11371,#11372,#11373,#11374,#11375,#11376,#11377,#11378,#11379,#11380,#11381,#11382,#11383,#11384,#11385,#11386,#11387,#11388,#11389,#11390),$);
#11393=IFCSHAPEREPRESENTATION(#11,'Body','Tessellation',(#11392));
#11395=IFCCARTESIANPOINT((0.,0.,0.));
#11396=IFCBOUNDINGBOX(#11395,1.5086220502853394,0.77594053745269775,1.8000000715255737);
#11397=IFCSHAPEREPRESENTATION(#13,'Box','BoundingBox',(#11396));
#11398=IFCCARTESIANPOINT((0.,0.,0.));
#11399=IFCDIRECTION((1.,0.,0.));
#11400=IFCDIRECTION((0.,0.,1.));
#11401=IFCAXIS2PLACEMENT3D(#11398,#11400,#11399);
#11402=IFCREPRESENTATIONMAP(#11401,#11397);
#11403=IFCCARTESIANPOINT((0.,0.,0.));
#11404=IFCDIRECTION((1.,0.,0.));
#11405=IFCDIRECTION((0.,1.,0.));
#11406=IFCDIRECTION((0.,0.,1.));
#11407=IFCCARTESIANTRANSFORMATIONOPERATOR3D(#11404,#11405,#11403,1.,#11406);
#11408=IFCMAPPEDITEM(#11402,#11407);
#11409=IFCSHAPEREPRESENTATION(#13,'Box','MappedRepresentation',(#11408));
#11410=IFCRAILINGTYPE('3Mj8EtdNvFB8a4FcDRP2tF',$,'BALCONY - 1',$,$,(#11411,#11413),(#11442,#11486),$,$,.USERDEFINED.);
#11411=IFCPROPERTYSET('2LvioUS1D3GPMgJtXk6nrx',$,'BBIM_Railing',$,(#11412));
#11412=IFCPROPERTYSINGLEVALUE('Data',$,IFCTEXT('{"railing_type": "FRAMELESS_PANEL", "height": 1.0, "thickness": 0.05000000074505806, "spacing": 0.05000000074505806, "path_data": {"edges": [[0, 1], [1, 2]], "verts": [[-1.0, 0.0, 0.0], [0.0, 0.0, 0.0], [1.0, 0.0, 0.0]]}}'),$);
#11413=IFCPROPERTYSET('0f8DRlcR5CdBP_5kadHXlY',$,'Pset_RailingCommon',$,(#11414));
#11414=IFCPROPERTYSINGLEVALUE('Height',$,IFCPOSITIVELENGTHMEASURE(1.),$);
#11438=IFCCARTESIANPOINT((0.,0.,0.));
#11439=IFCDIRECTION((1.,0.,0.));
#11440=IFCDIRECTION((0.,0.,1.));
#11441=IFCAXIS2PLACEMENT3D(#11438,#11440,#11439);
#11442=IFCREPRESENTATIONMAP(#11441,#11477);
#11443=IFCINDEXEDPOLYGONALFACE((2,3,4));
#11444=IFCINDEXEDPOLYGONALFACE((2,4,1));
#11445=IFCINDEXEDPOLYGONALFACE((6,7,8));
#11446=IFCINDEXEDPOLYGONALFACE((6,8,5));
#11447=IFCINDEXEDPOLYGONALFACE((12,9,10));
#11448=IFCINDEXEDPOLYGONALFACE((12,10,11));
#11449=IFCINDEXEDPOLYGONALFACE((13,14,9));
#11450=IFCINDEXEDPOLYGONALFACE((13,9,12));
#11451=IFCINDEXEDPOLYGONALFACE((18,15,16));
#11452=IFCINDEXEDPOLYGONALFACE((18,16,17));
#11453=IFCINDEXEDPOLYGONALFACE((19,20,15));
#11454=IFCINDEXEDPOLYGONALFACE((19,15,18));
#11455=IFCINDEXEDPOLYGONALFACE((2,13,3));
#11456=IFCINDEXEDPOLYGONALFACE((2,14,13));
#11457=IFCINDEXEDPOLYGONALFACE((6,15,20));
#11458=IFCINDEXEDPOLYGONALFACE((5,16,15));
#11459=IFCINDEXEDPOLYGONALFACE((5,15,6));
#11460=IFCINDEXEDPOLYGONALFACE((2,9,14));
#11461=IFCINDEXEDPOLYGONALFACE((1,10,9));
#11462=IFCINDEXEDPOLYGONALFACE((1,9,2));
#11463=IFCINDEXEDPOLYGONALFACE((6,19,7));
#11464=IFCINDEXEDPOLYGONALFACE((6,20,19));
#11465=IFCINDEXEDPOLYGONALFACE((18,8,7));
#11466=IFCINDEXEDPOLYGONALFACE((18,7,19));
#11467=IFCINDEXEDPOLYGONALFACE((17,8,18));
#11468=IFCINDEXEDPOLYGONALFACE((16,5,8));
#11469=IFCINDEXEDPOLYGONALFACE((16,8,17));
#11470=IFCINDEXEDPOLYGONALFACE((10,1,4));
#11471=IFCINDEXEDPOLYGONALFACE((10,4,11));
#11472=IFCINDEXEDPOLYGONALFACE((12,4,3));
#11473=IFCINDEXEDPOLYGONALFACE((12,3,13));
#11474=IFCINDEXEDPOLYGONALFACE((11,4,12));
#11475=IFCCARTESIANPOINTLIST3D(((-0.02500000037252903,-0.02500000037252903,1.),(-0.02500000037252903,0.02500000037252903,1.),(-0.97500002384185791,0.02500000037252903,1.),(-0.97500002384185791,-0.02500000037252903,1.),(0.97500002384185791,-0.02500000037252903,1.),(0.97500002384185791,0.02500000037252903,1.),(0.02500000037252903,0.02500000037252903,1.),(0.02500000037252903,-0.02500000037252903,1.),(-0.02500000037252903,0.,0.),(-0.02500000037252903,-0.02500000037252903,0.),(-0.97500002384185791,-0.02500000037252903,0.),(-0.97500002384185791,0.,0.),(-0.97500002384185791,0.02500000037252903,0.),(-0.02500000037252903,0.02500000037252903,0.),(0.97500002384185791,0.,0.),(0.97500002384185791,-0.02500000037252903,0.),(0.02500000037252903,-0.02500000037252903,0.),(0.02500000037252903,0.,0.),(0.02500000037252903,0.02500000037252903,0.),(0.97500002384185791,0.02500000037252903,0.)));
#11476=IFCPOLYGONALFACESET(#11475,.T.,(#11443,#11444,#11445,#11446,#11447,#11448,#11449,#11450,#11451,#11452,#11453,#11454,#11455,#11456,#11457,#11458,#11459,#11460,#11461,#11462,#11463,#11464,#11465,#11466,#11467,#11468,#11469,#11470,#11471,#11472,#11473,#11474),$);
#11477=IFCSHAPEREPRESENTATION(#11,'Body','Tessellation',(#11476));
#11479=IFCCARTESIANPOINT((-0.97500002384185791,-0.02500000037252903,0.));
#11480=IFCBOUNDINGBOX(#11479,1.9500000476837158,0.05000000074505806,1.);
#11481=IFCSHAPEREPRESENTATION(#13,'Box','BoundingBox',(#11480));
#11482=IFCCARTESIANPOINT((0.,0.,0.));
#11483=IFCDIRECTION((1.,0.,0.));
#11484=IFCDIRECTION((0.,0.,1.));
#11485=IFCAXIS2PLACEMENT3D(#11482,#11484,#11483);
#11486=IFCREPRESENTATIONMAP(#11485,#11481);
#11487=IFCRAILING('2CGxqRS6XEoPnLDPwsqMBW',$,'Railing',$,$,#11513,#11496,$,$);
#11488=IFCRELDEFINESBYTYPE('2mtiEJF2H9XuaP2w$MGn_b',$,$,$,(#11487,#11514,#11535,#11556,#11577,#11598),#11410);
#11489=IFCCARTESIANPOINT((0.,0.,0.));
#11490=IFCDIRECTION((1.,0.,0.));
#11491=IFCDIRECTION((0.,1.,0.));
#11492=IFCDIRECTION((0.,0.,1.));
#11493=IFCCARTESIANTRANSFORMATIONOPERATOR3D(#11490,#11491,#11489,1.,#11492);
#11494=IFCMAPPEDITEM(#11442,#11493);
#11495=IFCSHAPEREPRESENTATION(#11,'Body','MappedRepresentation',(#11494));
#11496=IFCPRODUCTDEFINITIONSHAPE($,$,(#11495,#11503));
#11497=IFCCARTESIANPOINT((0.,0.,0.));
#11498=IFCDIRECTION((1.,0.,0.));
#11499=IFCDIRECTION((0.,1.,0.));
#11500=IFCDIRECTION((0.,0.,1.));
#11501=IFCCARTESIANTRANSFORMATIONOPERATOR3D(#11498,#11499,#11497,1.,#11500);
#11502=IFCMAPPEDITEM(#11486,#11501);
#11503=IFCSHAPEREPRESENTATION(#13,'Box','MappedRepresentation',(#11502));
#11509=IFCCARTESIANPOINT((0.85901153087615967,-3.0914661884307861,0.));
#11510=IFCDIRECTION((0.,0.,1.));
#11511=IFCDIRECTION((1.,0.,0.));
#11512=IFCAXIS2PLACEMENT3D(#11509,#11510,#11511);
#11513=IFCLOCALPLACEMENT(#10836,#11512);
#11514=IFCRAILING('0Xw63tjYLAoxrg$nsNbj6L',$,'Railing',$,$,#11515,#11527,$,$);
#11515=IFCLOCALPLACEMENT(#10836,#11516);
#11516=IFCAXIS2PLACEMENT3D(#11517,#11518,#11519);
#11517=IFCCARTESIANPOINT((0.85901153087615967,-3.0914661884307861,0.));
#11518=IFCDIRECTION((0.,0.,1.));
#11519=IFCDIRECTION((1.,0.,0.));
#11520=IFCCARTESIANPOINT((0.,0.,0.));
#11521=IFCDIRECTION((1.,0.,0.));
#11522=IFCDIRECTION((0.,1.,0.));
#11523=IFCDIRECTION((0.,0.,1.));
#11524=IFCCARTESIANTRANSFORMATIONOPERATOR3D(#11521,#11522,#11520,1.,#11523);
#11525=IFCMAPPEDITEM(#11442,#11524);
#11526=IFCSHAPEREPRESENTATION(#11,'Body','MappedRepresentation',(#11525));
#11527=IFCPRODUCTDEFINITIONSHAPE($,$,(#11526,#11534));
#11528=IFCCARTESIANPOINT((0.,0.,0.));
#11529=IFCDIRECTION((1.,0.,0.));
#11530=IFCDIRECTION((0.,1.,0.));
#11531=IFCDIRECTION((0.,0.,1.));
#11532=IFCCARTESIANTRANSFORMATIONOPERATOR3D(#11529,#11530,#11528,1.,#11531);
#11533=IFCMAPPEDITEM(#11486,#11532);
#11534=IFCSHAPEREPRESENTATION(#13,'Box','MappedRepresentation',(#11533));
#11535=IFCRAILING('05$3Ml7oj8NBkGvOpugiT7',$,'Railing',$,$,#11536,#11548,$,$);
#11536=IFCLOCALPLACEMENT(#10836,#11537);
#11537=IFCAXIS2PLACEMENT3D(#11538,#11539,#11540);
#11538=IFCCARTESIANPOINT((0.85901153087615967,-3.0914661884307861,0.));
#11539=IFCDIRECTION((0.,0.,1.));
#11540=IFCDIRECTION((1.,0.,0.));
#11541=IFCCARTESIANPOINT((0.,0.,0.));
#11542=IFCDIRECTION((1.,0.,0.));
#11543=IFCDIRECTION((0.,1.,0.));
#11544=IFCDIRECTION((0.,0.,1.));
#11545=IFCCARTESIANTRANSFORMATIONOPERATOR3D(#11542,#11543,#11541,1.,#11544);
#11546=IFCMAPPEDITEM(#11442,#11545);
#11547=IFCSHAPEREPRESENTATION(#11,'Body','MappedRepresentation',(#11546));
#11548=IFCPRODUCTDEFINITIONSHAPE($,$,(#11547,#11555));
#11549=IFCCARTESIANPOINT((0.,0.,0.));
#11550=IFCDIRECTION((1.,0.,0.));
#11551=IFCDIRECTION((0.,1.,0.));
#11552=IFCDIRECTION((0.,0.,1.));
#11553=IFCCARTESIANTRANSFORMATIONOPERATOR3D(#11550,#11551,#11549,1.,#11552);
#11554=IFCMAPPEDITEM(#11486,#11553);
#11555=IFCSHAPEREPRESENTATION(#13,'Box','MappedRepresentation',(#11554));
#11556=IFCRAILING('3OcTXkG4fEmQp2fcnkD5sT',$,'Railing',$,$,#11557,#11569,$,$);
#11557=IFCLOCALPLACEMENT(#10836,#11558);
#11558=IFCAXIS2PLACEMENT3D(#11559,#11560,#11561);
#11559=IFCCARTESIANPOINT((0.85901153087615967,-3.0914661884307861,0.));
#11560=IFCDIRECTION((0.,0.,1.));
#11561=IFCDIRECTION((1.,0.,0.));
#11562=IFCCARTESIANPOINT((0.,0.,0.));
#11563=IFCDIRECTION((1.,0.,0.));
#11564=IFCDIRECTION((0.,1.,0.));
#11565=IFCDIRECTION((0.,0.,1.));
#11566=IFCCARTESIANTRANSFORMATIONOPERATOR3D(#11563,#11564,#11562,1.,#11565);
#11567=IFCMAPPEDITEM(#11442,#11566);
#11568=IFCSHAPEREPRESENTATION(#11,'Body','MappedRepresentation',(#11567));
#11569=IFCPRODUCTDEFINITIONSHAPE($,$,(#11568,#11576));
#11570=IFCCARTESIANPOINT((0.,0.,0.));
#11571=IFCDIRECTION((1.,0.,0.));
#11572=IFCDIRECTION((0.,1.,0.));
#11573=IFCDIRECTION((0.,0.,1.));
#11574=IFCCARTESIANTRANSFORMATIONOPERATOR3D(#11571,#11572,#11570,1.,#11573);
#11575=IFCMAPPEDITEM(#11486,#11574);
#11576=IFCSHAPEREPRESENTATION(#13,'Box','MappedRepresentation',(#11575));
#11577=IFCRAILING('3gw2sO86nFTB7n6SPBurtq',$,'Railing',$,$,#11578,#11590,$,$);
#11578=IFCLOCALPLACEMENT(#10836,#11579);
#11579=IFCAXIS2PLACEMENT3D(#11580,#11581,#11582);
#11580=IFCCARTESIANPOINT((0.85901153087615967,-3.0914661884307861,0.));
#11581=IFCDIRECTION((0.,0.,1.));
#11582=IFCDIRECTION((1.,0.,0.));
#11583=IFCCARTESIANPOINT((0.,0.,0.));
#11584=IFCDIRECTION((1.,0.,0.));
#11585=IFCDIRECTION((0.,1.,0.));
#11586=IFCDIRECTION((0.,0.,1.));
#11587=IFCCARTESIANTRANSFORMATIONOPERATOR3D(#11584,#11585,#11583,1.,#11586);
#11588=IFCMAPPEDITEM(#11442,#11587);
#11589=IFCSHAPEREPRESENTATION(#11,'Body','MappedRepresentation',(#11588));
#11590=IFCPRODUCTDEFINITIONSHAPE($,$,(#11589,#11597));
#11591=IFCCARTESIANPOINT((0.,0.,0.));
#11592=IFCDIRECTION((1.,0.,0.));
#11593=IFCDIRECTION((0.,1.,0.));
#11594=IFCDIRECTION((0.,0.,1.));
#11595=IFCCARTESIANTRANSFORMATIONOPERATOR3D(#11592,#11593,#11591,1.,#11594);
#11596=IFCMAPPEDITEM(#11486,#11595);
#11597=IFCSHAPEREPRESENTATION(#13,'Box','MappedRepresentation',(#11596));
#11598=IFCRAILING('3taBKX6t10cuCUtWlBBrN4',$,'Railing',$,$,#12033,#11611,$,$);
#11604=IFCCARTESIANPOINT((0.,0.,0.));
#11605=IFCDIRECTION((1.,0.,0.));
#11606=IFCDIRECTION((0.,1.,0.));
#11607=IFCDIRECTION((0.,0.,1.));
#11608=IFCCARTESIANTRANSFORMATIONOPERATOR3D(#11605,#11606,#11604,1.,#11607);
#11609=IFCMAPPEDITEM(#11442,#11608);
#11610=IFCSHAPEREPRESENTATION(#11,'Body','MappedRepresentation',(#11609));
#11611=IFCPRODUCTDEFINITIONSHAPE($,$,(#11610,#11618));
#11612=IFCCARTESIANPOINT((0.,0.,0.));
#11613=IFCDIRECTION((1.,0.,0.));
#11614=IFCDIRECTION((0.,1.,0.));
#11615=IFCDIRECTION((0.,0.,1.));
#11616=IFCCARTESIANTRANSFORMATIONOPERATOR3D(#11613,#11614,#11612,1.,#11615);
#11617=IFCMAPPEDITEM(#11486,#11616);
#11618=IFCSHAPEREPRESENTATION(#13,'Box','MappedRepresentation',(#11617));
#11619=IFCRAILINGTYPE('2P0XKzWs5F9g5v3EaUlgWG',$,'BACLONY - 2',$,$,(#11620,#11622),(#11624,#13280),$,$,.USERDEFINED.);
#11620=IFCPROPERTYSET('1_TtuIOd93mAEiei1ufCfa',$,'BBIM_Railing',$,(#11621));
#11621=IFCPROPERTYSINGLEVALUE('Data',$,IFCTEXT('{"railing_type": "FRAMELESS_PANEL", "height": 1.0, "thickness": 0.05000000074505806, "spacing": 0.05000000074505806, "path_data": {"edges": [[0, 1], [1, 2]], "verts": [[0.0, 0.0, 0.0], [-0.08785724639892578, 0.0, 0.0], [0.9802956581115723, 0.0, 0.0]]}}'),$);
#11622=IFCPROPERTYSET('3kXetFO0fFJuOrI5PWCVUe',$,'Pset_RailingCommon',$,(#11623));
#11623=IFCPROPERTYSINGLEVALUE('Height',$,IFCPOSITIVELENGTHMEASURE(1.),$);
#11624=IFCREPRESENTATIONMAP(#11625,#13271);
#11625=IFCAXIS2PLACEMENT3D(#11626,#11627,#11628);
#11626=IFCCARTESIANPOINT((0.,0.,0.));
#11627=IFCDIRECTION((0.,0.,1.));
#11628=IFCDIRECTION((1.,0.,0.));
#11672=IFCRAILING('04B$g_7BfB4RdOKCyQlmVM',$,'Railing',$,'FRAMELESS_PANEL',#12038,#11681,$,.USERDEFINED.);
#11673=IFCRELDEFINESBYTYPE('0v3twXcNz0QueLZJcFvbaW',$,$,$,(#11672),#11619);
#11674=IFCCARTESIANPOINT((0.,0.,0.));
#11675=IFCDIRECTION((1.,0.,0.));
#11676=IFCDIRECTION((0.,1.,0.));
#11677=IFCDIRECTION((0.,0.,1.));
#11678=IFCCARTESIANTRANSFORMATIONOPERATOR3D(#11675,#11676,#11674,1.,#11677);
#11679=IFCMAPPEDITEM(#11624,#11678);
#11680=IFCSHAPEREPRESENTATION(#11,'Body','MappedRepresentation',(#11679));
#11681=IFCPRODUCTDEFINITIONSHAPE($,$,(#11680,#13287));
#11917=IFCRAILING('1zU1wJjr1EC95yN2_1TeZ0',$,'Railing',$,'FRAMELESS_PANEL',#12210,$,$,.USERDEFINED.);
#11970=IFCOPENINGELEMENT('0eIgPCvQTDfwZTtpqGqdZF',$,'Unnamed',$,$,#11997,#11981,$,.OPENING.);
#11971=IFCCARTESIANPOINTLIST2D(((0.,0.),(0.5,0.),(0.5,0.5),(0.,0.5)));
#11972=IFCINDEXEDPOLYCURVE(#11971,(IFCLINEINDEX((1,2,3,4,1))),$);
#11973=IFCARBITRARYCLOSEDPROFILEDEF(.AREA.,$,#11972);
#11974=IFCCARTESIANPOINT((0.,0.,0.));
#11975=IFCDIRECTION((0.,0.,1.));
#11976=IFCDIRECTION((1.,0.,0.));
#11977=IFCAXIS2PLACEMENT3D(#11974,#11975,#11976);
#11978=IFCDIRECTION((0.,0.,1.));
#11979=IFCEXTRUDEDAREASOLID(#11973,#11977,#11978,0.5);
#11980=IFCSHAPEREPRESENTATION(#11,'Body','SweptSolid',(#11979));
#11981=IFCPRODUCTDEFINITIONSHAPE($,$,(#11980));
#11987=IFCRELVOIDSELEMENT('1ktiXLAOHFTAX2u8hG0VAZ',$,$,$,#11917,#11970);
#11993=IFCCARTESIANPOINT((-0.54922221348815858,-5.0557873008981344,0.));
#11994=IFCDIRECTION((0.,0.,1.));
#11995=IFCDIRECTION((-4.3711388286737883E-08,-0.99999999999999889,0.));
#11996=IFCAXIS2PLACEMENT3D(#11993,#11994,#11995);
#11997=IFCLOCALPLACEMENT(#12210,#11996);
#12029=IFCCARTESIANPOINT((-1.1509732007980347,-3.0916526317596436,0.));
#12030=IFCDIRECTION((0.,0.,1.));
#12031=IFCDIRECTION((1.,0.,0.));
#12032=IFCAXIS2PLACEMENT3D(#12029,#12030,#12031);
#12033=IFCLOCALPLACEMENT(#10836,#12032);
#12034=IFCCARTESIANPOINT((-3.1590232849121094,-3.0914511680603027,0.));
#12035=IFCDIRECTION((0.,0.,1.));
#12036=IFCDIRECTION((1.,0.,0.));
#12037=IFCAXIS2PLACEMENT3D(#12034,#12035,#12036);
#12038=IFCLOCALPLACEMENT(#10836,#12037);
#12100=IFCRAILINGTYPE('17VA5XpwH1ufsPMetx86sw',$,'BALCONY - 3',$,$,(#12101,#12103),(#12105,#12198),$,$,.USERDEFINED.);
#12101=IFCPROPERTYSET('2u2jyOn0L1E8e6zBz689mp',$,'BBIM_Railing',$,(#12102));
#12102=IFCPROPERTYSINGLEVALUE('Data',$,IFCTEXT('{"railing_type": "FRAMELESS_PANEL", "height": 1.0, "thickness": 0.05000000074505806, "spacing": 0.05000000074505806, "path_data": {"edges": [[0, 1], [1, 2]], "verts": [[-0.5172386169433594, 2.1102170677522736e-08, 0.0], [0.0, 0.0, 0.0], [1.0, 0.0, 0.0]]}}'),$);
#12103=IFCPROPERTYSET('0hPQTs22D7egflisQWOvcl',$,'Pset_RailingCommon',$,(#12104));
#12104=IFCPROPERTYSINGLEVALUE('Height',$,IFCPOSITIVELENGTHMEASURE(1.),$);
#12105=IFCREPRESENTATIONMAP(#12106,#12189);
#12106=IFCAXIS2PLACEMENT3D(#12107,#12108,#12109);
#12107=IFCCARTESIANPOINT((0.,0.,0.));
#12108=IFCDIRECTION((0.,0.,1.));
#12109=IFCDIRECTION((1.,0.,0.));
#12153=IFCRAILING('0m3Cp6Y8v51Q$smlpZXDmx',$,'Railing',$,'FRAMELESS_PANEL',#12215,#12162,$,.USERDEFINED.);
#12154=IFCRELDEFINESBYTYPE('3WxjFRRDf6iOlb6ajoYj$y',$,$,$,(#12153),#12100);
#12155=IFCCARTESIANPOINT((0.,0.,0.));
#12156=IFCDIRECTION((1.,0.,0.));
#12157=IFCDIRECTION((0.,1.,0.));
#12158=IFCDIRECTION((0.,0.,1.));
#12159=IFCCARTESIANTRANSFORMATIONOPERATOR3D(#12156,#12157,#12155,1.,#12158);
#12160=IFCMAPPEDITEM(#12105,#12159);
#12161=IFCSHAPEREPRESENTATION(#11,'Body','MappedRepresentation',(#12160));
#12162=IFCPRODUCTDEFINITIONSHAPE($,$,(#12161,#12205));
#12175=IFCINDEXEDPOLYGONALFACE((16,19,18,17));
#12176=IFCINDEXEDPOLYGONALFACE((20,23,22,21));
#12177=IFCINDEXEDPOLYGONALFACE((5,11,10,4,8,9));
#12178=IFCINDEXEDPOLYGONALFACE((7,15,14,6,12,13));
#12179=IFCINDEXEDPOLYGONALFACE((5,9,19,16,11));
#12180=IFCINDEXEDPOLYGONALFACE((12,22,23,13));
#12181=IFCINDEXEDPOLYGONALFACE((6,14,21,22,12));
#12182=IFCINDEXEDPOLYGONALFACE((15,20,21,14));
#12183=IFCINDEXEDPOLYGONALFACE((7,13,23,20,15));
#12184=IFCINDEXEDPOLYGONALFACE((11,16,17,10));
#12185=IFCINDEXEDPOLYGONALFACE((8,18,19,9));
#12186=IFCINDEXEDPOLYGONALFACE((4,10,17,18,8));
#12187=IFCCARTESIANPOINTLIST3D(((-0.51723861694335938,2.1102170677522736E-08,0.),(0.,0.,0.),(1.,0.,0.),(-0.4922386109828949,2.0082227436546418E-08,0.),(-0.02500000037252903,1.0199436850655275E-09,0.),(0.02500000037252903,0.,0.),(0.97500002384185791,0.,0.),(-0.4922386109828949,0.025000018998980522,0.),(-0.024999998509883881,0.02500000037252903,0.),(-0.4922386109828949,-0.024999978020787239,0.),(-0.025000002235174179,-0.024999996647238731,0.),(0.02500000037252903,0.02500000037252903,0.),(0.97500002384185791,0.02500000037252903,0.),(0.02500000037252903,-0.02500000037252903,0.),(0.97500002384185791,-0.02500000037252903,0.),(-0.025000002235174179,-0.024999996647238731,1.),(-0.4922386109828949,-0.024999978020787239,1.),(-0.4922386109828949,0.025000018998980522,1.),(-0.024999998509883881,0.02500000037252903,1.),(0.97500002384185791,-0.02500000037252903,1.),(0.02500000037252903,-0.02500000037252903,1.),(0.02500000037252903,0.02500000037252903,1.),(0.97500002384185791,0.02500000037252903,1.)));
#12188=IFCPOLYGONALFACESET(#12187,.F.,(#12175,#12176,#12177,#12178,#12179,#12180,#12181,#12182,#12183,#12184,#12185,#12186),$);
#12189=IFCSHAPEREPRESENTATION(#11,'Body','Tessellation',(#12188));
#12191=IFCCARTESIANPOINT((-0.51723861694335938,-0.02500000037252903,0.));
#12192=IFCBOUNDINGBOX(#12191,1.5172386169433594,0.050000019371509552,1.);
#12193=IFCSHAPEREPRESENTATION(#13,'Box','BoundingBox',(#12192));
#12194=IFCCARTESIANPOINT((0.,0.,0.));
#12195=IFCDIRECTION((1.,0.,0.));
#12196=IFCDIRECTION((0.,0.,1.));
#12197=IFCAXIS2PLACEMENT3D(#12194,#12196,#12195);
#12198=IFCREPRESENTATIONMAP(#12197,#12193);
#12199=IFCCARTESIANPOINT((0.,0.,0.));
#12200=IFCDIRECTION((1.,0.,0.));
#12201=IFCDIRECTION((0.,1.,0.));
#12202=IFCDIRECTION((0.,0.,1.));
#12203=IFCCARTESIANTRANSFORMATIONOPERATOR3D(#12200,#12201,#12199,1.,#12202);
#12204=IFCMAPPEDITEM(#12198,#12203);
#12205=IFCSHAPEREPRESENTATION(#13,'Box','MappedRepresentation',(#12204));
#12206=IFCCARTESIANPOINT((-3.2218806743621826,-2.1369826793670654,0.));
#12207=IFCDIRECTION((0.,0.,1.));
#12208=IFCDIRECTION((1.9470718370939353E-07,0.99999999999998113,0.));
#12209=IFCAXIS2PLACEMENT3D(#12206,#12207,#12208);
#12210=IFCLOCALPLACEMENT(#10836,#12209);
#12211=IFCCARTESIANPOINT((-3.2218804359436035,-2.1416528224945068,0.));
#12212=IFCDIRECTION((0.,0.,1.));
#12213=IFCDIRECTION((-4.3711388286737889E-08,-0.99999999999999911,0.));
#12214=IFCAXIS2PLACEMENT3D(#12211,#12212,#12213);
#12215=IFCLOCALPLACEMENT(#10836,#12214);
#12221=IFCCARTESIANPOINTLIST2D(((0.,0.96519768238067627),(0.81133770942687988,0.96997439861297607),(0.81133770942687988,-0.77950155735015869),(-2.6226043701171875E-06,-0.77950161695480347),(0.,0.96519768238067627)));
#12222=IFCINDEXEDPOLYCURVE(#12221,$,$);
#12223=IFCARBITRARYCLOSEDPROFILEDEF(.AREA.,$,#12222);
#12224=IFCSTAIRFLIGHTTYPE('1or7WGRcLDGBzyFgxOxjsO',$,'STAIR - 1 - 2F',$,$,(#12225,#12227),(#12233,#12436),$,$,.STRAIGHT.);
#12225=IFCPROPERTYSET('2aVPrR6nT17uykAG3I1Zqj',$,'BBIM_Stair',$,(#12226));
#12226=IFCPROPERTYSINGLEVALUE('Data',$,IFCTEXT('{"stair_type": "GENERIC", "width": 0.9653452038764954, "height": 1.0951824188232422, "number_of_treads": 7, "tread_run": 0.18857774138450623, "nosing_length": 0.0, "nosing_depth": 0.0, "custom_first_last_tread_run": [null, null], "custom_tread_lock": true}'),$);
#12227=IFCPROPERTYSET('39YPtj5bf7VB6E2o64YZ7b',$,'Pset_StairFlightCommon',$,(#12228,#12229,#12230,#12231,#12232));
#12228=IFCPROPERTYSINGLEVALUE('NumberOfRiser',$,IFCCOUNTMEASURE(8.),$);
#12229=IFCPROPERTYSINGLEVALUE('NumberOfTreads',$,IFCCOUNTMEASURE(7.),$);
#12230=IFCPROPERTYSINGLEVALUE('RiserHeight',$,IFCPOSITIVELENGTHMEASURE(0.13689780235290527),$);
#12231=IFCPROPERTYSINGLEVALUE('TreadLength',$,IFCPOSITIVELENGTHMEASURE(0.25),$);
#12232=IFCPROPERTYSINGLEVALUE('NosingLength',$,IFCLENGTHMEASURE(0.),$);
#12233=IFCREPRESENTATIONMAP(#12234,#12427);
#12234=IFCAXIS2PLACEMENT3D(#12235,#12236,#12237);
#12235=IFCCARTESIANPOINT((0.,0.,0.));
#12236=IFCDIRECTION((0.,0.,1.));
#12237=IFCDIRECTION((1.,0.,0.));
#12269=IFCSLAB('3lG1PHQbL7$O7dBnolbA4x',$,'Slab',$,$,#12295,#12283,$,$);
#12270=IFCMATERIALLAYERSETUSAGE(#11289,.AXIS3.,.POSITIVE.,-1.7999999523162842,$);
#12271=IFCRELASSOCIATESMATERIAL('31pMBD2DD918PceEV4qNrF',$,$,$,(#12269),#12270);
#12279=IFCDIRECTION((0.,0.,1.));
#12281=IFCEXTRUDEDAREASOLID(#12301,#12290,#12279,1.7999999523162842);
#12282=IFCSHAPEREPRESENTATION(#11,'Body','SweptSolid',(#12281));
#12283=IFCPRODUCTDEFINITIONSHAPE($,$,(#12282));
#12284=IFCPROPERTYSET('3kyRbNUUv9mh_ULeJiw4K5',$,'EPset_Parametric',$,(#12286));
#12285=IFCRELDEFINESBYPROPERTIES('3tfMFnpWTEOPEy89T1tCoh',$,$,$,(#12269),#12284);
#12286=IFCPROPERTYSINGLEVALUE('Engine',$,IFCLABEL('Bonsai.DumbLayer3'),$);
#12287=IFCCARTESIANPOINT((-0.,-0.,-1.7999999523162842));
#12288=IFCDIRECTION((0.,0.,1.));
#12289=IFCDIRECTION((1.,0.,0.));
#12290=IFCAXIS2PLACEMENT3D(#12287,#12288,#12289);
#12291=IFCCARTESIANPOINT((3.3152492046356201,2.284188985824585,1.9027326107025146));
#12292=IFCDIRECTION((0.,0.,1.));
#12293=IFCDIRECTION((1.,0.,0.));
#12294=IFCAXIS2PLACEMENT3D(#12291,#12292,#12293);
#12295=IFCLOCALPLACEMENT(#79,#12294);
#12299=IFCCARTESIANPOINTLIST2D(((0.,0.),(4.76837158203125E-07,-0.96485304832458496),(-1.5089356899261475,-0.96485316753387451),(-1.503664493560791,0.0001468658447265625),(0.,0.)));
#12300=IFCINDEXEDPOLYCURVE(#12299,$,$);
#12301=IFCARBITRARYCLOSEDPROFILEDEF(.AREA.,$,#12300);
#12339=IFCSTAIRFLIGHT('3Q85FK6Zj8dxhS2HNg0zv$',$,'StairFlight',$,$,#12404,#12348,$,8,7,0.13689780235290527,0.25,.STRAIGHT.);
#12340=IFCRELDEFINESBYTYPE('2uuQLjgCn24AMNuuLMq4Qi',$,$,$,(#12339),#12224);
#12341=IFCCARTESIANPOINT((0.,0.,0.));
#12342=IFCDIRECTION((1.,0.,0.));
#12343=IFCDIRECTION((0.,1.,0.));
#12344=IFCDIRECTION((0.,0.,1.));
#12345=IFCCARTESIANTRANSFORMATIONOPERATOR3D(#12342,#12343,#12341,1.,#12344);
#12346=IFCMAPPEDITEM(#12233,#12345);
#12347=IFCSHAPEREPRESENTATION(#11,'Body','MappedRepresentation',(#12346));
#12348=IFCPRODUCTDEFINITIONSHAPE($,$,(#12347,#12443));
#12400=IFCCARTESIANPOINT((3.3152463436126709,2.2843365669250488,1.9027323722839355));
#12401=IFCDIRECTION((0.,0.,1.));
#12402=IFCDIRECTION((-0.99999999999994693,-3.2584136988587576E-07,0.));
#12403=IFCAXIS2PLACEMENT3D(#12400,#12401,#12402);
#12404=IFCLOCALPLACEMENT(#79,#12403);
#12405=IFCINDEXEDPOLYGONALFACE((2,1,18,17,16,15,14,13,12,11,10,9,8,7,6,5,4,3));
#12406=IFCINDEXEDPOLYGONALFACE((19,20,21,22,23,24,25,26,27,28,29,30,31,32,33,34,35,36));
#12407=IFCINDEXEDPOLYGONALFACE((15,16,33,32));
#12408=IFCINDEXEDPOLYGONALFACE((8,9,26,25));
#12409=IFCINDEXEDPOLYGONALFACE((1,2,19,36));
#12410=IFCINDEXEDPOLYGONALFACE((16,17,34,33));
#12411=IFCINDEXEDPOLYGONALFACE((9,10,27,26));
#12412=IFCINDEXEDPOLYGONALFACE((2,3,20,19));
#12413=IFCINDEXEDPOLYGONALFACE((17,18,35,34));
#12414=IFCINDEXEDPOLYGONALFACE((10,11,28,27));
#12415=IFCINDEXEDPOLYGONALFACE((3,4,21,20));
#12416=IFCINDEXEDPOLYGONALFACE((18,1,36,35));
#12417=IFCINDEXEDPOLYGONALFACE((11,12,29,28));
#12418=IFCINDEXEDPOLYGONALFACE((4,5,22,21));
#12419=IFCINDEXEDPOLYGONALFACE((12,13,30,29));
#12420=IFCINDEXEDPOLYGONALFACE((5,6,23,22));
#12421=IFCINDEXEDPOLYGONALFACE((13,14,31,30));
#12422=IFCINDEXEDPOLYGONALFACE((6,7,24,23));
#12423=IFCINDEXEDPOLYGONALFACE((14,15,32,31));
#12424=IFCINDEXEDPOLYGONALFACE((7,8,25,24));
#12425=IFCCARTESIANPOINTLIST3D(((0.,0.,0.),(0.,0.,0.13689780235290527),(0.18857774138450623,0.,0.13689780235290527),(0.18857774138450623,0.,0.27379560470581055),(0.37715548276901245,0.,0.27379560470581055),(0.37715548276901245,0.,0.41069340705871582),(0.56573319435119629,0.,0.41069340705871582),(0.56573319435119629,0.,0.54759120941162109),(0.7543109655380249,0.,0.54759120941162109),(0.7543109655380249,0.,0.68448901176452637),(0.94288873672485352,0.,0.68448901176452637),(0.94288873672485352,0.,0.82138681411743164),(1.1314665079116821,0.,0.82138681411743164),(1.1314665079116821,0.,0.95828461647033691),(1.3200442790985107,0.,0.95828461647033691),(1.3200442790985107,0.,1.0951824188232422),(1.5086220502853394,0.,1.0951824188232422),(1.5086220502853394,0.,0.),(0.,0.96534520387649536,0.13689780235290527),(0.18857774138450623,0.96534520387649536,0.13689780235290527),(0.18857774138450623,0.96534520387649536,0.27379560470581055),(0.37715548276901245,0.96534520387649536,0.27379560470581055),(0.37715548276901245,0.96534520387649536,0.41069340705871582),(0.56573319435119629,0.96534520387649536,0.41069340705871582),(0.56573319435119629,0.96534520387649536,0.54759120941162109),(0.7543109655380249,0.96534520387649536,0.54759120941162109),(0.7543109655380249,0.96534520387649536,0.68448901176452637),(0.94288873672485352,0.96534520387649536,0.68448901176452637),(0.94288873672485352,0.96534520387649536,0.82138681411743164),(1.1314665079116821,0.96534520387649536,0.82138681411743164),(1.1314665079116821,0.96534520387649536,0.95828461647033691),(1.3200442790985107,0.96534520387649536,0.95828461647033691),(1.3200442790985107,0.96534520387649536,1.0951824188232422),(1.5086220502853394,0.96534520387649536,1.0951824188232422),(1.5086220502853394,0.96534520387649536,0.),(0.,0.96534520387649536,0.)));
#12426=IFCPOLYGONALFACESET(#12425,.T.,(#12405,#12406,#12407,#12408,#12409,#12410,#12411,#12412,#12413,#12414,#12415,#12416,#12417,#12418,#12419,#12420,#12421,#12422,#12423,#12424),$);
#12427=IFCSHAPEREPRESENTATION(#11,'Body','Tessellation',(#12426));
#12429=IFCCARTESIANPOINT((0.,0.,0.));
#12430=IFCBOUNDINGBOX(#12429,1.5086220502853394,0.96534520387649536,1.0951824188232422);
#12431=IFCSHAPEREPRESENTATION(#13,'Box','BoundingBox',(#12430));
#12432=IFCCARTESIANPOINT((0.,0.,0.));
#12433=IFCDIRECTION((1.,0.,0.));
#12434=IFCDIRECTION((0.,0.,1.));
#12435=IFCAXIS2PLACEMENT3D(#12432,#12434,#12433);
#12436=IFCREPRESENTATIONMAP(#12435,#12431);
#12437=IFCCARTESIANPOINT((0.,0.,0.));
#12438=IFCDIRECTION((1.,0.,0.));
#12439=IFCDIRECTION((0.,1.,0.));
#12440=IFCDIRECTION((0.,0.,1.));
#12441=IFCCARTESIANTRANSFORMATIONOPERATOR3D(#12438,#12439,#12437,1.,#12440);
#12442=IFCMAPPEDITEM(#12436,#12441);
#12443=IFCSHAPEREPRESENTATION(#13,'Box','MappedRepresentation',(#12442));
#12444=IFCRAILINGTYPE('3AzkK9TXL9Tf$3a0q0ienE',$,'STAIRS - 1 - GF',$,$,(#12445,#12447),(#12449,#12578),$,$,.USERDEFINED.);
#12445=IFCPROPERTYSET('25v7cs_n1ErRDWQpUuPClU',$,'BBIM_Railing',$,(#12446));
#12446=IFCPROPERTYSINGLEVALUE('Data',$,IFCTEXT('{"railing_type": "FRAMELESS_PANEL", "height": 1.0, "thickness": 0.05000000074505806, "spacing": 0.05000000074505806, "path_data": {"edges": [[0, 1], [1, 2]], "verts": [[-0.9749999046325684, -0.02499997615814209, 0.5082136988639832], [-0.12639999389648438, -0.02499997615814209, 1.5207136869430542], [0.5336222648620605, -0.02499997615814209, 2.308213710784912]]}}'),$);
#12447=IFCPROPERTYSET('005Yzq7F94sAi5s3JVt7ZJ',$,'Pset_RailingCommon',$,(#12448));
#12448=IFCPROPERTYSINGLEVALUE('Height',$,IFCPOSITIVELENGTHMEASURE(1.),$);
#12449=IFCREPRESENTATIONMAP(#12450,#12569);
#12450=IFCAXIS2PLACEMENT3D(#12451,#12452,#12453);
#12451=IFCCARTESIANPOINT((0.,0.,0.));
#12452=IFCDIRECTION((0.,0.,1.));
#12453=IFCDIRECTION((1.,0.,0.));
#12497=IFCRAILING('1Xr2sthnz6gxF6HyMdJALD',$,'Railing',$,'FRAMELESS_PANEL',#12590,#12506,$,.USERDEFINED.);
#12498=IFCRELDEFINESBYTYPE('0$ZG65DDbA18T70KRLg6$E',$,$,$,(#12497),#12444);
#12499=IFCCARTESIANPOINT((0.,0.,0.));
#12500=IFCDIRECTION((1.,0.,0.));
#12501=IFCDIRECTION((0.,1.,0.));
#12502=IFCDIRECTION((0.,0.,1.));
#12503=IFCCARTESIANTRANSFORMATIONOPERATOR3D(#12500,#12501,#12499,1.,#12502);
#12504=IFCMAPPEDITEM(#12449,#12503);
#12505=IFCSHAPEREPRESENTATION(#11,'Body','MappedRepresentation',(#12504));
#12506=IFCPRODUCTDEFINITIONSHAPE($,$,(#12505,#12585));
#12555=IFCINDEXEDPOLYGONALFACE((16,19,18,17));
#12556=IFCINDEXEDPOLYGONALFACE((20,23,22,21));
#12557=IFCINDEXEDPOLYGONALFACE((5,11,10,4,8,9));
#12558=IFCINDEXEDPOLYGONALFACE((7,15,14,6,12,13));
#12559=IFCINDEXEDPOLYGONALFACE((5,9,19,16,11));
#12560=IFCINDEXEDPOLYGONALFACE((7,13,23,20,15));
#12561=IFCINDEXEDPOLYGONALFACE((11,16,17,10));
#12562=IFCINDEXEDPOLYGONALFACE((8,18,19,9));
#12563=IFCINDEXEDPOLYGONALFACE((12,22,23,13));
#12564=IFCINDEXEDPOLYGONALFACE((6,14,21,22,12));
#12565=IFCINDEXEDPOLYGONALFACE((15,20,21,14));
#12566=IFCINDEXEDPOLYGONALFACE((10,17,18,8,4));
#12567=IFCCARTESIANPOINTLIST3D(((-0.97499990463256836,-0.02499997615814209,0.50821369886398315),(-0.12639999389648438,-0.02499997615814209,1.5207136869430542),(0.53362226486206055,-0.02499997615814209,2.3082137107849121),(-0.94999992847442627,-0.02499997615814209,0.53804224729537964),(-0.15139999985694885,-0.02499997615814209,1.4908851385116577),(-0.10139999538660049,-0.02499997615814209,1.5505422353744507),(0.50862228870391846,-0.02499997615814209,2.2783851623535156),(-0.94999992847442627,2.4214386940002441E-08,0.53804224729537964),(-0.15139999985694885,2.4214386940002441E-08,1.4908851385116577),(-0.94999992847442627,-0.04999997466802597,0.53804224729537964),(-0.15139999985694885,-0.04999997466802597,1.4908851385116577),(-0.10139999538660049,2.4214386940002441E-08,1.5505422353744507),(0.50862228870391846,2.4214386940002441E-08,2.2783851623535156),(-0.10139999538660049,-0.04999997466802597,1.5505422353744507),(0.50862228870391846,-0.04999997466802597,2.2783851623535156),(-0.15139999985694885,-0.04999997466802597,2.4908852577209473),(-0.94999992847442627,-0.04999997466802597,1.5380423069000244),(-0.94999992847442627,2.4214386940002441E-08,1.5380423069000244),(-0.15139999985694885,2.4214386940002441E-08,2.4908852577209473),(0.50862228870391846,-0.04999997466802597,3.2783851623535156),(-0.10139999538660049,-0.04999997466802597,2.5505423545837402),(-0.10139999538660049,2.4214386940002441E-08,2.5505423545837402),(0.50862228870391846,2.4214386940002441E-08,3.2783851623535156)));
#12568=IFCPOLYGONALFACESET(#12567,.F.,(#12555,#12556,#12557,#12558,#12559,#12560,#12561,#12562,#12563,#12564,#12565,#12566),$);
#12569=IFCSHAPEREPRESENTATION(#11,'Body','Tessellation',(#12568));
#12571=IFCCARTESIANPOINT((-0.97499990463256836,-0.04999997466802597,0.50821369886398315));
#12572=IFCBOUNDINGBOX(#12571,1.5086221694946289,0.049999997019767761,2.7701714038848877);
#12573=IFCSHAPEREPRESENTATION(#13,'Box','BoundingBox',(#12572));
#12574=IFCCARTESIANPOINT((0.,0.,0.));
#12575=IFCDIRECTION((1.,0.,0.));
#12576=IFCDIRECTION((0.,0.,1.));
#12577=IFCAXIS2PLACEMENT3D(#12574,#12576,#12575);
#12578=IFCREPRESENTATIONMAP(#12577,#12573);
#12579=IFCCARTESIANPOINT((0.,0.,0.));
#12580=IFCDIRECTION((1.,0.,0.));
#12581=IFCDIRECTION((0.,1.,0.));
#12582=IFCDIRECTION((0.,0.,1.));
#12583=IFCCARTESIANTRANSFORMATIONOPERATOR3D(#12580,#12581,#12579,1.,#12582);
#12584=IFCMAPPEDITEM(#12578,#12583);
#12585=IFCSHAPEREPRESENTATION(#13,'Box','MappedRepresentation',(#12584));
#12586=IFCCARTESIANPOINT((2.781313419342041,0.59305071830749512,-0.61309522390365601));
#12587=IFCDIRECTION((0.,0.,1.));
#12588=IFCDIRECTION((1.,0.,0.));
#12589=IFCAXIS2PLACEMENT3D(#12586,#12587,#12588);
#12590=IFCLOCALPLACEMENT(#79,#12589);
#13140=IFCRAILINGTYPE('0XL7c3sSr0MO1KGvCqIiRu',$,'STAIRS - 4 - GF',$,$,(#13141,#13143),(#13145,#13464),$,$,.USERDEFINED.);
#13141=IFCPROPERTYSET('3WIxFRJ2j3xwGL$Qcnus_J',$,'BBIM_Railing',$,(#13142));
#13142=IFCPROPERTYSINGLEVALUE('Data',$,IFCTEXT('{"railing_type": "FRAMELESS_PANEL", "height": 1.0, "thickness": 0.05000000074505806, "spacing": 0.05000000074505806, "path_data": {"edges": [[0, 1]], "verts": [[-1.0, 0.0, 0.0], [-0.12259422242641449, 0.0, 0.0]]}}'),$);
#13143=IFCPROPERTYSET('3NUdxdJAj9iu9D97CCKipX',$,'Pset_RailingCommon',$,(#13144));
#13144=IFCPROPERTYSINGLEVALUE('Height',$,IFCPOSITIVELENGTHMEASURE(1.),$);
#13145=IFCREPRESENTATIONMAP(#13146,#13455);
#13146=IFCAXIS2PLACEMENT3D(#13147,#13148,#13149);
#13147=IFCCARTESIANPOINT((0.,0.,0.));
#13148=IFCDIRECTION((0.,0.,1.));
#13149=IFCDIRECTION((1.,0.,0.));
#13258=IFCINDEXEDPOLYGONALFACE((13,17,15,14));
#13259=IFCINDEXEDPOLYGONALFACE((16,18,13,17));
#13260=IFCINDEXEDPOLYGONALFACE((5,9,8,4,7,11));
#13261=IFCINDEXEDPOLYGONALFACE((6,12,11,5,9,10));
#13262=IFCINDEXEDPOLYGONALFACE((7,15,17,11));
#13263=IFCINDEXEDPOLYGONALFACE((6,10,18,16,12));
#13264=IFCINDEXEDPOLYGONALFACE((5,9,13,17,11));
#13265=IFCINDEXEDPOLYGONALFACE((9,13,18,10));
#13266=IFCINDEXEDPOLYGONALFACE((12,16,17,11));
#13267=IFCINDEXEDPOLYGONALFACE((9,13,14,8));
#13268=IFCINDEXEDPOLYGONALFACE((4,8,14,15,7));
#13269=IFCCARTESIANPOINTLIST3D(((0.,0.,0.),(-0.087857246398925781,0.,0.),(0.98029565811157227,0.,0.),(-0.02500000037252903,0.,0.),(-0.062857247889041901,0.,0.),(0.95529568195343018,0.,0.),(-0.02500000037252903,-0.02500000037252903,0.),(-0.02500000037252903,0.02500000037252903,0.),(-0.062857247889041901,0.02500000037252903,0.),(0.95529568195343018,0.02500000037252903,0.),(-0.062857247889041901,-0.02500000037252903,0.),(0.95529568195343018,-0.02500000037252903,0.),(-0.062857247889041901,0.02500000037252903,1.),(-0.02500000037252903,0.02500000037252903,1.),(-0.02500000037252903,-0.02500000037252903,1.),(0.95529568195343018,-0.02500000037252903,1.),(-0.062857247889041901,-0.02500000037252903,1.),(0.95529568195343018,0.02500000037252903,1.)));
#13270=IFCPOLYGONALFACESET(#13269,.F.,(#13258,#13259,#13260,#13261,#13262,#13263,#13264,#13265,#13266,#13267,#13268),$);
#13271=IFCSHAPEREPRESENTATION(#11,'Body','Tessellation',(#13270));
#13273=IFCCARTESIANPOINT((-0.087857246398925781,-0.02500000037252903,0.));
#13274=IFCBOUNDINGBOX(#13273,1.068152904510498,0.05000000074505806,1.);
#13275=IFCSHAPEREPRESENTATION(#13,'Box','BoundingBox',(#13274));
#13276=IFCCARTESIANPOINT((0.,0.,0.));
#13277=IFCDIRECTION((1.,0.,0.));
#13278=IFCDIRECTION((0.,0.,1.));
#13279=IFCAXIS2PLACEMENT3D(#13276,#13278,#13277);
#13280=IFCREPRESENTATIONMAP(#13279,#13275);
#13281=IFCCARTESIANPOINT((0.,0.,0.));
#13282=IFCDIRECTION((1.,0.,0.));
#13283=IFCDIRECTION((0.,1.,0.));
#13284=IFCDIRECTION((0.,0.,1.));
#13285=IFCCARTESIANTRANSFORMATIONOPERATOR3D(#13282,#13283,#13281,1.,#13284);
#13286=IFCMAPPEDITEM(#13280,#13285);
#13287=IFCSHAPEREPRESENTATION(#13,'Box','MappedRepresentation',(#13286));
#13295=IFCRAILING('3MUTxiIDPETQs88Tnmsbqp',$,'Railing',$,'FRAMELESS_PANEL',#13755,#13304,$,.USERDEFINED.);
#13296=IFCRELDEFINESBYTYPE('1OTqqnXdX2leJJGRotkUic',$,$,$,(#13295),#13140);
#13297=IFCCARTESIANPOINT((0.,0.,0.));
#13298=IFCDIRECTION((1.,0.,0.));
#13299=IFCDIRECTION((0.,1.,0.));
#13300=IFCDIRECTION((0.,0.,1.));
#13301=IFCCARTESIANTRANSFORMATIONOPERATOR3D(#13298,#13299,#13297,1.,#13300);
#13302=IFCMAPPEDITEM(#13145,#13301);
#13303=IFCSHAPEREPRESENTATION(#11,'Body','MappedRepresentation',(#13302));
#13304=IFCPRODUCTDEFINITIONSHAPE($,$,(#13303,#13471));
#13447=IFCINDEXEDPOLYGONALFACE((9,12,11,10));
#13448=IFCINDEXEDPOLYGONALFACE((6,12,9,8,4));
#13449=IFCINDEXEDPOLYGONALFACE((4,8,7,3,5,6));
#13450=IFCINDEXEDPOLYGONALFACE((5,11,12,6));
#13451=IFCINDEXEDPOLYGONALFACE((8,9,10,7));
#13452=IFCINDEXEDPOLYGONALFACE((7,10,11,5,3));
#13453=IFCCARTESIANPOINTLIST3D(((-1.,0.,0.),(-0.12259422242641449,0.,0.),(-0.97500002384185791,0.,0.),(-0.14759422838687897,0.,0.),(-0.97500002384185791,0.02500000037252903,0.),(-0.14759422838687897,0.02500000037252903,0.),(-0.97500002384185791,-0.02500000037252903,0.),(-0.14759422838687897,-0.02500000037252903,0.),(-0.14759422838687897,-0.02500000037252903,1.),(-0.97500002384185791,-0.02500000037252903,1.),(-0.97500002384185791,0.02500000037252903,1.),(-0.14759422838687897,0.02500000037252903,1.)));
#13454=IFCPOLYGONALFACESET(#13453,.F.,(#13447,#13448,#13449,#13450,#13451,#13452),$);
#13455=IFCSHAPEREPRESENTATION(#11,'Body','Tessellation',(#13454));
#13457=IFCCARTESIANPOINT((-1.,-0.02500000037252903,0.));
#13458=IFCBOUNDINGBOX(#13457,0.87740576267242432,0.05000000074505806,1.);
#13459=IFCSHAPEREPRESENTATION(#13,'Box','BoundingBox',(#13458));
#13460=IFCCARTESIANPOINT((0.,0.,0.));
#13461=IFCDIRECTION((1.,0.,0.));
#13462=IFCDIRECTION((0.,0.,1.));
#13463=IFCAXIS2PLACEMENT3D(#13460,#13462,#13461);
#13464=IFCREPRESENTATIONMAP(#13463,#13459);
#13465=IFCCARTESIANPOINT((0.,0.,0.));
#13466=IFCDIRECTION((1.,0.,0.));
#13467=IFCDIRECTION((0.,1.,0.));
#13468=IFCDIRECTION((0.,0.,1.));
#13469=IFCCARTESIANTRANSFORMATIONOPERATOR3D(#13466,#13467,#13465,1.,#13468);
#13470=IFCMAPPEDITEM(#13464,#13469);
#13471=IFCSHAPEREPRESENTATION(#13,'Box','MappedRepresentation',(#13470));
#13472=IFCRAILINGTYPE('05lL3mj0jDdw8k4qOsgvzX',$,'STAIRS - 5 - GF',$,$,(#13473,#13475),(#13477,#13517),$,$,.USERDEFINED.);
#13473=IFCPROPERTYSET('2wrfjcjNj0VApxvTf3GDAB',$,'BBIM_Railing',$,(#13474));
#13474=IFCPROPERTYSINGLEVALUE('Data',$,IFCTEXT('{"railing_type": "FRAMELESS_PANEL", "height": 1.0, "thickness": 0.05000000074505806, "spacing": 0.05000000074505806, "path_data": {"edges": [[0, 1], [1, 2]], "verts": [[-1.0, 0.0, 0.0], [0.0, 0.0, 0.0], [1.0, 0.0, 0.0]]}}'),$);
#13475=IFCPROPERTYSET('2Pw6UzIlT3GujDWogoAD4L',$,'Pset_RailingCommon',$,(#13476));
#13476=IFCPROPERTYSINGLEVALUE('Height',$,IFCPOSITIVELENGTHMEASURE(1.),$);
#13477=IFCREPRESENTATIONMAP(#13478,#13482);
#13478=IFCAXIS2PLACEMENT3D(#13479,#13480,#13481);
#13479=IFCCARTESIANPOINT((0.,0.,0.));
#13480=IFCDIRECTION((0.,0.,1.));
#13481=IFCDIRECTION((1.,0.,0.));
#13482=IFCSHAPEREPRESENTATION(#11,'Body','Tessellation',(#13483));
#13483=IFCPOLYGONALFACESET(#13484,.T.,(#13485,#13486,#13487,#13488,#13489,#13490,#13491,#13492,#13493,#13494,#13495,#13496,#13497,#13498,#13499,#13500,#13501,#13502,#13503,#13504,#13505,#13506,#13507,#13508,#13509,#13510,#13511,#13512,#13513,#13514,#13515,#13516),$);
#13484=IFCCARTESIANPOINTLIST3D(((-0.02500000037252903,-0.02500000037252903,1.),(-0.02500000037252903,0.02500000037252903,1.),(-0.97500002384185791,0.02500000037252903,1.),(-0.97500002384185791,-0.02500000037252903,1.),(0.97500002384185791,-0.02500000037252903,1.),(0.97500002384185791,0.02500000037252903,1.),(0.02500000037252903,0.02500000037252903,1.),(0.02500000037252903,-0.02500000037252903,1.),(-0.02500000037252903,0.,0.),(-0.02500000037252903,-0.02500000037252903,0.),(-0.97500002384185791,-0.02500000037252903,0.),(-0.97500002384185791,0.,0.),(-0.97500002384185791,0.02500000037252903,0.),(-0.02500000037252903,0.02500000037252903,0.),(0.97500002384185791,0.,0.),(0.97500002384185791,-0.02500000037252903,0.),(0.02500000037252903,-0.02500000037252903,0.),(0.02500000037252903,0.,0.),(0.02500000037252903,0.02500000037252903,0.),(0.97500002384185791,0.02500000037252903,0.)));
#13485=IFCINDEXEDPOLYGONALFACE((2,3,4));
#13486=IFCINDEXEDPOLYGONALFACE((2,4,1));
#13487=IFCINDEXEDPOLYGONALFACE((6,7,8));
#13488=IFCINDEXEDPOLYGONALFACE((6,8,5));
#13489=IFCINDEXEDPOLYGONALFACE((12,9,10));
#13490=IFCINDEXEDPOLYGONALFACE((12,10,11));
#13491=IFCINDEXEDPOLYGONALFACE((13,14,9));
#13492=IFCINDEXEDPOLYGONALFACE((13,9,12));
#13493=IFCINDEXEDPOLYGONALFACE((18,15,16));
#13494=IFCINDEXEDPOLYGONALFACE((18,16,17));
#13495=IFCINDEXEDPOLYGONALFACE((19,20,15));
#13496=IFCINDEXEDPOLYGONALFACE((19,15,18));
#13497=IFCINDEXEDPOLYGONALFACE((2,13,3));
#13498=IFCINDEXEDPOLYGONALFACE((2,14,13));
#13499=IFCINDEXEDPOLYGONALFACE((6,15,20));
#13500=IFCINDEXEDPOLYGONALFACE((5,16,15));
#13501=IFCINDEXEDPOLYGONALFACE((5,15,6));
#13502=IFCINDEXEDPOLYGONALFACE((2,9,14));
#13503=IFCINDEXEDPOLYGONALFACE((1,10,9));
#13504=IFCINDEXEDPOLYGONALFACE((1,9,2));
#13505=IFCINDEXEDPOLYGONALFACE((6,19,7));
#13506=IFCINDEXEDPOLYGONALFACE((6,20,19));
#13507=IFCINDEXEDPOLYGONALFACE((18,8,7));
#13508=IFCINDEXEDPOLYGONALFACE((18,7,19));
#13509=IFCINDEXEDPOLYGONALFACE((17,8,18));
#13510=IFCINDEXEDPOLYGONALFACE((16,5,8));
#13511=IFCINDEXEDPOLYGONALFACE((16,8,17));
#13512=IFCINDEXEDPOLYGONALFACE((10,1,4));
#13513=IFCINDEXEDPOLYGONALFACE((10,4,11));
#13514=IFCINDEXEDPOLYGONALFACE((12,4,3));
#13515=IFCINDEXEDPOLYGONALFACE((12,3,13));
#13516=IFCINDEXEDPOLYGONALFACE((11,4,12));
#13517=IFCREPRESENTATIONMAP(#13518,#13522);
#13518=IFCAXIS2PLACEMENT3D(#13519,#13520,#13521);
#13519=IFCCARTESIANPOINT((0.,0.,0.));
#13520=IFCDIRECTION((0.,0.,1.));
#13521=IFCDIRECTION((1.,0.,0.));
#13522=IFCSHAPEREPRESENTATION(#13,'Box','BoundingBox',(#13523));
#13523=IFCBOUNDINGBOX(#13524,1.9500000476837158,0.05000000074505806,1.);
#13524=IFCCARTESIANPOINT((-0.97500002384185791,-0.02500000037252903,0.));
#13560=IFCRAILINGTYPE('3_xXXx6RbBOuNVEw7U3ax2',$,'STAIRS - 2 - GF',$,$,(#13561,#13563),(#13565,#13585),$,$,.USERDEFINED.);
#13561=IFCPROPERTYSET('2NJYno2tLDqxeBhDHLNSYi',$,'BBIM_Railing',$,(#13562));
#13562=IFCPROPERTYSINGLEVALUE('Data',$,IFCTEXT('{"railing_type": "FRAMELESS_PANEL", "height": 1.0, "thickness": 0.05000000074505806, "spacing": 0.05000000074505806, "path_data": {"edges": [[0, 1], [1, 2]], "verts": [[-0.9749999046325684, -0.02499997615814209, 0.5082136988639832], [-0.12639999389648438, -0.02499997615814209, 1.5207136869430542], [0.5336222648620605, -0.02499997615814209, 2.308213710784912]]}}'),$);
#13563=IFCPROPERTYSET('06Ptyh_693WvpacUBVFdBk',$,'Pset_RailingCommon',$,(#13564));
#13564=IFCPROPERTYSINGLEVALUE('Height',$,IFCPOSITIVELENGTHMEASURE(1.),$);
#13565=IFCREPRESENTATIONMAP(#13566,#13570);
#13566=IFCAXIS2PLACEMENT3D(#13567,#13568,#13569);
#13567=IFCCARTESIANPOINT((0.,0.,0.));
#13568=IFCDIRECTION((0.,0.,1.));
#13569=IFCDIRECTION((1.,0.,0.));
#13570=IFCSHAPEREPRESENTATION(#11,'Body','Tessellation',(#13571));
#13571=IFCPOLYGONALFACESET(#13572,.F.,(#13573,#13574,#13575,#13576,#13577,#13578,#13579,#13580,#13581,#13582,#13583,#13584),$);
#13572=IFCCARTESIANPOINTLIST3D(((-0.97499990463256836,-0.02499997615814209,0.50821369886398315),(-0.12639999389648438,-0.02499997615814209,1.5207136869430542),(0.53362226486206055,-0.02499997615814209,2.3082137107849121),(-0.94999992847442627,-0.02499997615814209,0.53804224729537964),(-0.15139999985694885,-0.02499997615814209,1.4908851385116577),(-0.10139999538660049,-0.02499997615814209,1.5505422353744507),(0.50862228870391846,-0.02499997615814209,2.2783851623535156),(-0.94999992847442627,2.4214386940002441E-08,0.53804224729537964),(-0.15139999985694885,2.4214386940002441E-08,1.4908851385116577),(-0.94999992847442627,-0.04999997466802597,0.53804224729537964),(-0.15139999985694885,-0.04999997466802597,1.4908851385116577),(-0.10139999538660049,2.4214386940002441E-08,1.5505422353744507),(0.50862228870391846,2.4214386940002441E-08,2.2783851623535156),(-0.10139999538660049,-0.04999997466802597,1.5505422353744507),(0.50862228870391846,-0.04999997466802597,2.2783851623535156),(-0.15139999985694885,-0.04999997466802597,2.4908852577209473),(-0.94999992847442627,-0.04999997466802597,1.5380423069000244),(-0.94999992847442627,2.4214386940002441E-08,1.5380423069000244),(-0.15139999985694885,2.4214386940002441E-08,2.4908852577209473),(0.50862228870391846,-0.04999997466802597,3.2783851623535156),(-0.10139999538660049,-0.04999997466802597,2.5505423545837402),(-0.10139999538660049,2.4214386940002441E-08,2.5505423545837402),(0.50862228870391846,2.4214386940002441E-08,3.2783851623535156)));
#13573=IFCINDEXEDPOLYGONALFACE((16,19,18,17));
#13574=IFCINDEXEDPOLYGONALFACE((20,23,22,21));
#13575=IFCINDEXEDPOLYGONALFACE((5,11,10,4,8,9));
#13576=IFCINDEXEDPOLYGONALFACE((7,15,14,6,12,13));
#13577=IFCINDEXEDPOLYGONALFACE((5,9,19,16,11));
#13578=IFCINDEXEDPOLYGONALFACE((7,13,23,20,15));
#13579=IFCINDEXEDPOLYGONALFACE((11,16,17,10));
#13580=IFCINDEXEDPOLYGONALFACE((8,18,19,9));
#13581=IFCINDEXEDPOLYGONALFACE((12,22,23,13));
#13582=IFCINDEXEDPOLYGONALFACE((6,14,21,22,12));
#13583=IFCINDEXEDPOLYGONALFACE((15,20,21,14));
#13584=IFCINDEXEDPOLYGONALFACE((10,17,18,8,4));
#13585=IFCREPRESENTATIONMAP(#13586,#13590);
#13586=IFCAXIS2PLACEMENT3D(#13587,#13588,#13589);
#13587=IFCCARTESIANPOINT((0.,0.,0.));
#13588=IFCDIRECTION((0.,0.,1.));
#13589=IFCDIRECTION((1.,0.,0.));
#13590=IFCSHAPEREPRESENTATION(#13,'Box','BoundingBox',(#13591));
#13591=IFCBOUNDINGBOX(#13592,1.5086221694946289,0.049999997019767761,2.7701714038848877);
#13592=IFCCARTESIANPOINT((-0.97499990463256836,-0.04999997466802597,0.50821369886398315));
#13593=IFCRAILING('3vYIay$FP5kA7TLsZo6jRl',$,'Railing',$,$,#13873,#13602,$,$);
#13594=IFCRELDEFINESBYTYPE('3pD2fo2WP7tAarO17h$hXk',$,$,$,(#13593),#13560);
#13595=IFCCARTESIANPOINT((0.,0.,0.));
#13596=IFCDIRECTION((1.,0.,0.));
#13597=IFCDIRECTION((0.,1.,0.));
#13598=IFCDIRECTION((0.,0.,1.));
#13599=IFCCARTESIANTRANSFORMATIONOPERATOR3D(#13596,#13597,#13595,1.,#13598);
#13600=IFCMAPPEDITEM(#13565,#13599);
#13601=IFCSHAPEREPRESENTATION(#11,'Body','MappedRepresentation',(#13600));
#13602=IFCPRODUCTDEFINITIONSHAPE($,$,(#13601,#13609));
#13603=IFCCARTESIANPOINT((0.,0.,0.));
#13604=IFCDIRECTION((1.,0.,0.));
#13605=IFCDIRECTION((0.,1.,0.));
#13606=IFCDIRECTION((0.,0.,1.));
#13607=IFCCARTESIANTRANSFORMATIONOPERATOR3D(#13604,#13605,#13603,1.,#13606);
#13608=IFCMAPPEDITEM(#13585,#13607);
#13609=IFCSHAPEREPRESENTATION(#13,'Box','MappedRepresentation',(#13608));
#13617=IFCRAILINGTYPE('3D3qF0TSH7uOplW0ycE8Hr',$,'STAIRS - 3 - GF',$,$,(#13618,#13620),(#13622,#13636),$,$,.USERDEFINED.);
#13618=IFCPROPERTYSET('2Wd$a7$rn9WR2EcITcV6ao',$,'BBIM_Railing',$,(#13619));
#13619=IFCPROPERTYSINGLEVALUE('Data',$,IFCTEXT('{"railing_type": "FRAMELESS_PANEL", "height": 1.0, "thickness": 0.05000000074505806, "spacing": 0.05000000074505806, "path_data": {"edges": [[0, 1]], "verts": [[-1.0, 0.0, 0.0], [-0.12259422242641449, 0.0, 0.0]]}}'),$);
#13620=IFCPROPERTYSET('0$dVnkwWr7c9qogN$eK0CS',$,'Pset_RailingCommon',$,(#13621));
#13621=IFCPROPERTYSINGLEVALUE('Height',$,IFCPOSITIVELENGTHMEASURE(1.),$);
#13622=IFCREPRESENTATIONMAP(#13623,#13627);
#13623=IFCAXIS2PLACEMENT3D(#13624,#13625,#13626);
#13624=IFCCARTESIANPOINT((0.,0.,0.));
#13625=IFCDIRECTION((0.,0.,1.));
#13626=IFCDIRECTION((1.,0.,0.));
#13627=IFCSHAPEREPRESENTATION(#11,'Body','Tessellation',(#13628));
#13628=IFCPOLYGONALFACESET(#13629,.F.,(#13630,#13631,#13632,#13633,#13634,#13635),$);
#13629=IFCCARTESIANPOINTLIST3D(((-1.,0.,0.),(-0.12259422242641449,0.,0.),(-0.97500002384185791,0.,0.),(-0.14759422838687897,0.,0.),(-0.97500002384185791,0.02500000037252903,0.),(-0.14759422838687897,0.02500000037252903,0.),(-0.97500002384185791,-0.02500000037252903,0.),(-0.14759422838687897,-0.02500000037252903,0.),(-0.14759422838687897,-0.02500000037252903,1.),(-0.97500002384185791,-0.02500000037252903,1.),(-0.97500002384185791,0.02500000037252903,1.),(-0.14759422838687897,0.02500000037252903,1.)));
#13630=IFCINDEXEDPOLYGONALFACE((9,12,11,10));
#13631=IFCINDEXEDPOLYGONALFACE((6,12,9,8,4));
#13632=IFCINDEXEDPOLYGONALFACE((4,8,7,3,5,6));
#13633=IFCINDEXEDPOLYGONALFACE((5,11,12,6));
#13634=IFCINDEXEDPOLYGONALFACE((8,9,10,7));
#13635=IFCINDEXEDPOLYGONALFACE((7,10,11,5,3));
#13636=IFCREPRESENTATIONMAP(#13637,#13641);
#13637=IFCAXIS2PLACEMENT3D(#13638,#13639,#13640);
#13638=IFCCARTESIANPOINT((0.,0.,0.));
#13639=IFCDIRECTION((0.,0.,1.));
#13640=IFCDIRECTION((1.,0.,0.));
#13641=IFCSHAPEREPRESENTATION(#13,'Box','BoundingBox',(#13642));
#13642=IFCBOUNDINGBOX(#13643,0.87740576267242432,0.05000000074505806,1.);
#13643=IFCCARTESIANPOINT((-1.,-0.02500000037252903,0.));
#13665=IFCRAILINGTYPE('3vaLbPWy9F8PQjKa0j87Xc',$,'STAIRS - 1 - 2F',$,$,(#13666,#13668),(#13670,#13743),$,$,.USERDEFINED.);
#13666=IFCPROPERTYSET('2bELvBdfX8bOqNZ$EFKZ3m',$,'BBIM_Railing',$,(#13667));
#13667=IFCPROPERTYSINGLEVALUE('Data',$,IFCTEXT('{"railing_type": "FRAMELESS_PANEL", "height": 1.0, "thickness": 0.05000000074505806, "spacing": 0.05000000074505806, "path_data": {"edges": [[0, 1], [1, 2]], "verts": [[0.8113598823547363, -0.931586503982544, 2.44077467918396], [1.5656707286834717, -0.9315865635871887, 2.988365650177002], [2.3199820518493652, -0.931586503982544, 3.535957098007202]]}}'),$);
#13668=IFCPROPERTYSET('264bEkvz90xeo8Tw08yma7',$,'Pset_RailingCommon',$,(#13669));
#13669=IFCPROPERTYSINGLEVALUE('Height',$,IFCPOSITIVELENGTHMEASURE(1.),$);
#13670=IFCREPRESENTATIONMAP(#13671,#13734);
#13671=IFCAXIS2PLACEMENT3D(#13672,#13673,#13674);
#13672=IFCCARTESIANPOINT((0.,0.,0.));
#13673=IFCDIRECTION((0.,0.,1.));
#13674=IFCDIRECTION((1.,0.,0.));
#13698=IFCRAILING('2$3Izb4ojEuQIVdXTZzuMK',$,'Railing',$,'FRAMELESS_PANEL',#13878,#13707,$,.USERDEFINED.);
#13699=IFCRELDEFINESBYTYPE('1R98Ttld174ft4z$xdgY8j',$,$,$,(#13698),#13665);
#13700=IFCCARTESIANPOINT((0.,0.,0.));
#13701=IFCDIRECTION((1.,0.,0.));
#13702=IFCDIRECTION((0.,1.,0.));
#13703=IFCDIRECTION((0.,0.,1.));
#13704=IFCCARTESIANTRANSFORMATIONOPERATOR3D(#13701,#13702,#13700,1.,#13703);
#13705=IFCMAPPEDITEM(#13670,#13704);
#13706=IFCSHAPEREPRESENTATION(#11,'Body','MappedRepresentation',(#13705));
#13707=IFCPRODUCTDEFINITIONSHAPE($,$,(#13706,#13750));
#13720=IFCINDEXEDPOLYGONALFACE((16,19,18,17));
#13721=IFCINDEXEDPOLYGONALFACE((20,23,22,21));
#13722=IFCINDEXEDPOLYGONALFACE((5,11,10,4,8,9));
#13723=IFCINDEXEDPOLYGONALFACE((7,15,14,6,12,13));
#13724=IFCINDEXEDPOLYGONALFACE((7,13,23,20,15));
#13725=IFCINDEXEDPOLYGONALFACE((5,9,19,16,11));
#13726=IFCINDEXEDPOLYGONALFACE((12,22,23,13));
#13727=IFCINDEXEDPOLYGONALFACE((14,21,22,12,6));
#13728=IFCINDEXEDPOLYGONALFACE((15,20,21,14));
#13729=IFCINDEXEDPOLYGONALFACE((11,16,17,10));
#13730=IFCINDEXEDPOLYGONALFACE((8,18,19,9));
#13731=IFCINDEXEDPOLYGONALFACE((4,10,17,18,8));
#13732=IFCCARTESIANPOINTLIST3D(((0.81135988235473633,-0.93158650398254395,2.44077467918396),(1.5656707286834717,-0.93158656358718872,2.988365650177002),(2.3199820518493652,-0.93158650398254395,3.5359570980072021),(0.83635985851287842,-0.93158650398254395,2.45892333984375),(1.5406707525253296,-0.93158656358718872,2.9702169895172119),(1.5906707048416138,-0.93158656358718872,3.006514310836792),(2.2949819564819336,-0.93158650398254395,3.5178084373474121),(0.83635985851287842,-0.90658652782440186,2.45892333984375),(1.5406707525253296,-0.90658658742904663,2.9702169895172119),(0.83635985851287842,-0.95658648014068604,2.45892333984375),(1.5406707525253296,-0.95658653974533081,2.9702169895172119),(1.5906707048416138,-0.90658658742904663,3.006514310836792),(2.2949819564819336,-0.90658652782440186,3.5178084373474121),(1.5906707048416138,-0.95658653974533081,3.006514310836792),(2.2949819564819336,-0.95658648014068604,3.5178084373474121),(1.5406707525253296,-0.95658653974533081,3.9702169895172119),(0.83635985851287842,-0.95658648014068604,3.45892333984375),(0.83635985851287842,-0.90658652782440186,3.45892333984375),(1.5406707525253296,-0.90658658742904663,3.9702169895172119),(2.2949819564819336,-0.95658648014068604,4.5178084373474121),(1.5906707048416138,-0.95658653974533081,4.0065145492553711),(1.5906707048416138,-0.90658658742904663,4.0065145492553711),(2.2949819564819336,-0.90658652782440186,4.5178084373474121)));
#13733=IFCPOLYGONALFACESET(#13732,.F.,(#13720,#13721,#13722,#13723,#13724,#13725,#13726,#13727,#13728,#13729,#13730,#13731),$);
#13734=IFCSHAPEREPRESENTATION(#11,'Body','Tessellation',(#13733));
#13736=IFCCARTESIANPOINT((0.81135988235473633,-0.95658653974533081,2.44077467918396));
#13737=IFCBOUNDINGBOX(#13736,1.5086221694946289,0.050000011920928955,2.0770337581634521);
#13738=IFCSHAPEREPRESENTATION(#13,'Box','BoundingBox',(#13737));
#13739=IFCCARTESIANPOINT((0.,0.,0.));
#13740=IFCDIRECTION((1.,0.,0.));
#13741=IFCDIRECTION((0.,0.,1.));
#13742=IFCAXIS2PLACEMENT3D(#13739,#13741,#13740);
#13743=IFCREPRESENTATIONMAP(#13742,#13738);
#13744=IFCCARTESIANPOINT((0.,0.,0.));
#13745=IFCDIRECTION((1.,0.,0.));
#13746=IFCDIRECTION((0.,1.,0.));
#13747=IFCDIRECTION((0.,0.,1.));
#13748=IFCCARTESIANTRANSFORMATIONOPERATOR3D(#13745,#13746,#13744,1.,#13747);
#13749=IFCMAPPEDITEM(#13743,#13748);
#13750=IFCSHAPEREPRESENTATION(#13,'Box','MappedRepresentation',(#13749));
#13751=IFCCARTESIANPOINT((4.2902469635009766,0.56682634353637695,1.6652898788452148));
#13752=IFCDIRECTION((0.,0.,1.));
#13753=IFCDIRECTION((1.,0.,0.));
#13754=IFCAXIS2PLACEMENT3D(#13751,#13752,#13753);
#13755=IFCLOCALPLACEMENT(#79,#13754);
#13771=IFCRAILINGTYPE('3aqB$3lsn7_93f2Dvf8Uz1',$,'STAIRS - 2 - 2F',$,$,(#13772,#13774),(#13776,#13796),$,$,.USERDEFINED.);
#13772=IFCPROPERTYSET('3uWrkYudHCnvHhau9cSw85',$,'BBIM_Railing',$,(#13773));
#13773=IFCPROPERTYSINGLEVALUE('Data',$,IFCTEXT('{"railing_type": "FRAMELESS_PANEL", "height": 1.0, "thickness": 0.05000000074505806, "spacing": 0.05000000074505806, "path_data": {"edges": [[0, 1], [1, 2]], "verts": [[0.8113598823547363, -0.931586503982544, 2.44077467918396], [1.5656707286834717, -0.9315865635871887, 2.988365650177002], [2.3199820518493652, -0.931586503982544, 3.535957098007202]]}}'),$);
#13774=IFCPROPERTYSET('2t9jPwNIv1PwXLHxnW4Hnc',$,'Pset_RailingCommon',$,(#13775));
#13775=IFCPROPERTYSINGLEVALUE('Height',$,IFCPOSITIVELENGTHMEASURE(1.),$);
#13776=IFCREPRESENTATIONMAP(#13777,#13781);
#13777=IFCAXIS2PLACEMENT3D(#13778,#13779,#13780);
#13778=IFCCARTESIANPOINT((0.,0.,0.));
#13779=IFCDIRECTION((0.,0.,1.));
#13780=IFCDIRECTION((1.,0.,0.));
#13781=IFCSHAPEREPRESENTATION(#11,'Body','Tessellation',(#13782));
#13782=IFCPOLYGONALFACESET(#13783,.F.,(#13784,#13785,#13786,#13787,#13788,#13789,#13790,#13791,#13792,#13793,#13794,#13795),$);
#13783=IFCCARTESIANPOINTLIST3D(((0.81135988235473633,-0.93158650398254395,2.44077467918396),(1.5656707286834717,-0.93158656358718872,2.988365650177002),(2.3199820518493652,-0.93158650398254395,3.5359570980072021),(0.83635985851287842,-0.93158650398254395,2.45892333984375),(1.5406707525253296,-0.93158656358718872,2.9702169895172119),(1.5906707048416138,-0.93158656358718872,3.006514310836792),(2.2949819564819336,-0.93158650398254395,3.5178084373474121),(0.83635985851287842,-0.90658652782440186,2.45892333984375),(1.5406707525253296,-0.90658658742904663,2.9702169895172119),(0.83635985851287842,-0.95658648014068604,2.45892333984375),(1.5406707525253296,-0.95658653974533081,2.9702169895172119),(1.5906707048416138,-0.90658658742904663,3.006514310836792),(2.2949819564819336,-0.90658652782440186,3.5178084373474121),(1.5906707048416138,-0.95658653974533081,3.006514310836792),(2.2949819564819336,-0.95658648014068604,3.5178084373474121),(1.5406707525253296,-0.95658653974533081,3.9702169895172119),(0.83635985851287842,-0.95658648014068604,3.45892333984375),(0.83635985851287842,-0.90658652782440186,3.45892333984375),(1.5406707525253296,-0.90658658742904663,3.9702169895172119),(2.2949819564819336,-0.95658648014068604,4.5178084373474121),(1.5906707048416138,-0.95658653974533081,4.0065145492553711),(1.5906707048416138,-0.90658658742904663,4.0065145492553711),(2.2949819564819336,-0.90658652782440186,4.5178084373474121)));
#13784=IFCINDEXEDPOLYGONALFACE((16,19,18,17));
#13785=IFCINDEXEDPOLYGONALFACE((20,23,22,21));
#13786=IFCINDEXEDPOLYGONALFACE((5,11,10,4,8,9));
#13787=IFCINDEXEDPOLYGONALFACE((7,15,14,6,12,13));
#13788=IFCINDEXEDPOLYGONALFACE((7,13,23,20,15));
#13789=IFCINDEXEDPOLYGONALFACE((5,9,19,16,11));
#13790=IFCINDEXEDPOLYGONALFACE((12,22,23,13));
#13791=IFCINDEXEDPOLYGONALFACE((14,21,22,12,6));
#13792=IFCINDEXEDPOLYGONALFACE((15,20,21,14));
#13793=IFCINDEXEDPOLYGONALFACE((11,16,17,10));
#13794=IFCINDEXEDPOLYGONALFACE((8,18,19,9));
#13795=IFCINDEXEDPOLYGONALFACE((4,10,17,18,8));
#13796=IFCREPRESENTATIONMAP(#13797,#13801);
#13797=IFCAXIS2PLACEMENT3D(#13798,#13799,#13800);
#13798=IFCCARTESIANPOINT((0.,0.,0.));
#13799=IFCDIRECTION((0.,0.,1.));
#13800=IFCDIRECTION((1.,0.,0.));
#13801=IFCSHAPEREPRESENTATION(#13,'Box','BoundingBox',(#13802));
#13802=IFCBOUNDINGBOX(#13803,1.5086221694946289,0.050000011920928955,2.0770337581634521);
#13803=IFCCARTESIANPOINT((0.81135988235473633,-0.95658653974533081,2.44077467918396));
#13804=IFCRAILING('2eZ8jNw_vDaeVmjg9Sy$OE',$,'Railing',$,$,#13883,#13813,$,$);
#13805=IFCRELDEFINESBYTYPE('3l60D3nyvDwOmzgTCuInP$',$,$,$,(#13848,#13804),#13771);
#13806=IFCCARTESIANPOINT((0.,0.,0.));
#13807=IFCDIRECTION((1.,0.,0.));
#13808=IFCDIRECTION((0.,1.,0.));
#13809=IFCDIRECTION((0.,0.,1.));
#13810=IFCCARTESIANTRANSFORMATIONOPERATOR3D(#13807,#13808,#13806,1.,#13809);
#13811=IFCMAPPEDITEM(#13776,#13810);
#13812=IFCSHAPEREPRESENTATION(#11,'Body','MappedRepresentation',(#13811));
#13813=IFCPRODUCTDEFINITIONSHAPE($,$,(#13812,#13820));
#13814=IFCCARTESIANPOINT((0.,0.,0.));
#13815=IFCDIRECTION((1.,0.,0.));
#13816=IFCDIRECTION((0.,1.,0.));
#13817=IFCDIRECTION((0.,0.,1.));
#13818=IFCCARTESIANTRANSFORMATIONOPERATOR3D(#13815,#13816,#13814,1.,#13817);
#13819=IFCMAPPEDITEM(#13796,#13818);
#13820=IFCSHAPEREPRESENTATION(#13,'Box','MappedRepresentation',(#13819));
#13826=IFCRAILING('1NyTUVnTfFQva9Pzi$tD4_',$,'Railing',$,$,#13888,#13835,$,$);
#13827=IFCRELDEFINESBYTYPE('0LZCN0s2nCqQunVQzfLVWM',$,$,$,(#13826),#13617);
#13828=IFCCARTESIANPOINT((0.,0.,0.));
#13829=IFCDIRECTION((1.,0.,0.));
#13830=IFCDIRECTION((0.,1.,0.));
#13831=IFCDIRECTION((0.,0.,1.));
#13832=IFCCARTESIANTRANSFORMATIONOPERATOR3D(#13829,#13830,#13828,1.,#13831);
#13833=IFCMAPPEDITEM(#13622,#13832);
#13834=IFCSHAPEREPRESENTATION(#11,'Body','MappedRepresentation',(#13833));
#13835=IFCPRODUCTDEFINITIONSHAPE($,$,(#13834,#13842));
#13836=IFCCARTESIANPOINT((0.,0.,0.));
#13837=IFCDIRECTION((1.,0.,0.));
#13838=IFCDIRECTION((0.,1.,0.));
#13839=IFCDIRECTION((0.,0.,1.));
#13840=IFCCARTESIANTRANSFORMATIONOPERATOR3D(#13837,#13838,#13836,1.,#13839);
#13841=IFCMAPPEDITEM(#13636,#13840);
#13842=IFCSHAPEREPRESENTATION(#13,'Box','MappedRepresentation',(#13841));
#13848=IFCRAILING('3KvYMdFyH0FBGFOIAbnXHC',$,'Railing',$,$,#13893,#13856,$,$);
#13849=IFCCARTESIANPOINT((0.,0.,0.));
#13850=IFCDIRECTION((1.,0.,0.));
#13851=IFCDIRECTION((0.,1.,0.));
#13852=IFCDIRECTION((0.,0.,1.));
#13853=IFCCARTESIANTRANSFORMATIONOPERATOR3D(#13850,#13851,#13849,1.,#13852);
#13854=IFCMAPPEDITEM(#13776,#13853);
#13855=IFCSHAPEREPRESENTATION(#11,'Body','MappedRepresentation',(#13854));
#13856=IFCPRODUCTDEFINITIONSHAPE($,$,(#13855,#13863));
#13857=IFCCARTESIANPOINT((0.,0.,0.));
#13858=IFCDIRECTION((1.,0.,0.));
#13859=IFCDIRECTION((0.,1.,0.));
#13860=IFCDIRECTION((0.,0.,1.));
#13861=IFCCARTESIANTRANSFORMATIONOPERATOR3D(#13858,#13859,#13857,1.,#13860);
#13862=IFCMAPPEDITEM(#13796,#13861);
#13863=IFCSHAPEREPRESENTATION(#13,'Box','MappedRepresentation',(#13862));
#13869=IFCCARTESIANPOINT((2.781313419342041,1.31899094581604,-0.60138833522796631));
#13870=IFCDIRECTION((0.,0.,1.));
#13871=IFCDIRECTION((1.,0.,0.));
#13872=IFCAXIS2PLACEMENT3D(#13869,#13870,#13871);
#13873=IFCLOCALPLACEMENT(#79,#13872);
#13874=IFCCARTESIANPOINT((4.1266064643859863,1.3277502059936523,-0.78192675113677979));
#13875=IFCDIRECTION((0.,0.,1.));
#13876=IFCDIRECTION((-0.99999999999994693,-3.2584136988587576E-07,0.));
#13877=IFCAXIS2PLACEMENT3D(#13874,#13875,#13876);
#13878=IFCLOCALPLACEMENT(#79,#13877);
#13879=IFCCARTESIANPOINT((4.1512956619262695,0.41240501403808594,-0.55619072914123535));
#13880=IFCDIRECTION((0.,0.,1.));
#13881=IFCDIRECTION((-0.99999999999994693,-3.2584136988587576E-07,0.));
#13882=IFCAXIS2PLACEMENT3D(#13879,#13880,#13881);
#13883=IFCLOCALPLACEMENT(#79,#13882);
#13884=IFCCARTESIANPOINT((4.2902469635009766,2.2591938972473145,1.6652898788452148));
#13885=IFCDIRECTION((0.,0.,1.));
#13886=IFCDIRECTION((1.,0.,0.));
#13887=IFCAXIS2PLACEMENT3D(#13884,#13885,#13886);
#13888=IFCLOCALPLACEMENT(#79,#13887);
#13889=IFCCARTESIANPOINT((4.1262960433959961,0.41240501403808594,-0.78192663192749023));
#13890=IFCDIRECTION((0.,0.,1.));
#13891=IFCDIRECTION((-0.99999999999994693,-3.2584136988587576E-07,0.));
#13892=IFCAXIS2PLACEMENT3D(#13889,#13890,#13891);
#13893=IFCLOCALPLACEMENT(#79,#13892);
#13894=IFCRAILINGTYPE('1zJHMi35D2YP41JzRFh8MM',$,'STAIRS - 6 - 2F',$,$,(#13895,#13897),(#13899,#14219),$,$,.USERDEFINED.);
#13895=IFCPROPERTYSET('0IpgkNLQLFWfMcct8v4c8t',$,'BBIM_Railing',$,(#13896));
#13896=IFCPROPERTYSINGLEVALUE('Data',$,IFCTEXT('{"railing_type": "FRAMELESS_PANEL", "height": 0.7300000190734863, "thickness": 0.05000000074505806, "spacing": 0.05000000074505806, "path_data": {"edges": [[0, 1], [1, 2]], "verts": [[0.0, 0.0, 0.0], [-1.1573121547698975, -0.002201557159423828, 0.0], [1.1573123931884766, 0.002201557159423828, 0.0]]}}'),$);
#13897=IFCPROPERTYSET('0Es2sBp_59quYl4nmYT7Jp',$,'Pset_RailingCommon',$,(#13898));
#13898=IFCPROPERTYSINGLEVALUE('Height',$,IFCPOSITIVELENGTHMEASURE(0.73000001907348633),$);
#13899=IFCREPRESENTATIONMAP(#13900,#14210);
#13900=IFCAXIS2PLACEMENT3D(#13901,#13902,#13903);
#13901=IFCCARTESIANPOINT((0.,0.,0.));
#13902=IFCDIRECTION((0.,0.,1.));
#13903=IFCDIRECTION((1.,0.,0.));
#13926=IFCRAILINGTYPE('0sqFR9QQz5Rx8yY$DGFtxD',$,'STAIRS - 7 - 2F',$,$,(#13927,#13929),(#13931,#14189),$,$,.USERDEFINED.);
#13927=IFCPROPERTYSET('1B1EAgW2j64w6t0MAtvCZq',$,'BBIM_Railing',$,(#13928));
#13928=IFCPROPERTYSINGLEVALUE('Data',$,IFCTEXT('{"railing_type": "FRAMELESS_PANEL", "height": 0.7300000190734863, "thickness": 0.05000000074505806, "spacing": 0.05000000074505806, "path_data": {"edges": [[0, 1], [1, 2]], "verts": [[0.0, 0.0, 0.0], [-0.08785724639892578, 0.0, 0.0], [0.8270249962806702, 6.699673704702036e-09, 0.0]]}}'),$);
#13929=IFCPROPERTYSET('2yIvq8qF18KAXpHhBhhZBi',$,'Pset_RailingCommon',$,(#13930));
#13930=IFCPROPERTYSINGLEVALUE('Height',$,IFCPOSITIVELENGTHMEASURE(0.73000001907348633),$);
#13931=IFCREPRESENTATIONMAP(#13932,#14180);
#13932=IFCAXIS2PLACEMENT3D(#13933,#13934,#13935);
#13933=IFCCARTESIANPOINT((0.,0.,0.));
#13934=IFCDIRECTION((0.,0.,1.));
#13935=IFCDIRECTION((1.,0.,0.));
#13958=IFCRAILING('0n5tJ7TsT6iBKw4s7RTTmv',$,'Railing',$,'FRAMELESS_PANEL',#13979,#13967,$,.USERDEFINED.);
#13959=IFCRELDEFINESBYTYPE('2M5AQtqr99IeJkFX51a5PG',$,$,$,(#13958),#13894);
#13960=IFCCARTESIANPOINT((0.,0.,0.));
#13961=IFCDIRECTION((1.,0.,0.));
#13962=IFCDIRECTION((0.,1.,0.));
#13963=IFCDIRECTION((0.,0.,1.));
#13964=IFCCARTESIANTRANSFORMATIONOPERATOR3D(#13961,#13962,#13960,1.,#13963);
#13965=IFCMAPPEDITEM(#13899,#13964);
#13966=IFCSHAPEREPRESENTATION(#11,'Body','MappedRepresentation',(#13965));
#13967=IFCPRODUCTDEFINITIONSHAPE($,$,(#13966,#14226));
#13975=IFCCARTESIANPOINT((2.9691677093505859,2.28676438331604,0.));
#13976=IFCDIRECTION((0.,0.,1.));
#13977=IFCDIRECTION((1.,0.,0.));
#13978=IFCAXIS2PLACEMENT3D(#13975,#13976,#13977);
#13979=IFCLOCALPLACEMENT(#10836,#13978);
#14010=IFCRAILING('1tva6$objBphh3LVgGudFv',$,'Railing',$,'FRAMELESS_PANEL',#14231,#14019,$,.USERDEFINED.);
#14011=IFCRELDEFINESBYTYPE('0AiIAVwBX1CRYk2P9ugRPZ',$,$,$,(#14010),#13926);
#14012=IFCCARTESIANPOINT((0.,0.,0.));
#14013=IFCDIRECTION((1.,0.,0.));
#14014=IFCDIRECTION((0.,1.,0.));
#14015=IFCDIRECTION((0.,0.,1.));
#14016=IFCCARTESIANTRANSFORMATIONOPERATOR3D(#14013,#14014,#14012,1.,#14015);
#14017=IFCMAPPEDITEM(#13931,#14016);
#14018=IFCSHAPEREPRESENTATION(#11,'Body','MappedRepresentation',(#14017));
#14019=IFCPRODUCTDEFINITIONSHAPE($,$,(#14018,#14196));
#14097=IFCCARTESIANPOINTLIST2D(((0.,0.),(0.050000190734863281,9.0500011444091797),(-3.3999998569488525,9.0500001907348633),(-3.3999996185302734,7.5999999046325684),(-6.9499993324279785,7.600001335144043),(-6.9499988555908203,2.4500002861022949),(-3.899998664855957,2.5000002384185791),(-3.9500000476837158,-0.04999995231628418),(0.,0.)));
#14098=IFCINDEXEDPOLYCURVE(#14097,$,$);
#14099=IFCCARTESIANPOINTLIST2D(((-2.3700587749481201,3.0192148685455322),(-0.04999987781047821,3.0176947116851807),(-0.050125304609537125,4.8290719985961914),(-2.3647496700286865,4.8246688842773438),(-2.3700587749481201,3.0192148685455322)));
#14100=IFCINDEXEDPOLYCURVE(#14099,$,$);
#14101=IFCARBITRARYPROFILEDEFWITHVOIDS(.AREA.,$,#14098,(#14100));
#14102=IFCCARTESIANPOINTLIST2D(((0.,0.),(-7.4499998092651367,-1.1920928955078125E-06),(-7.4703865051269531,8.6475439071655273),(-3.9099321365356445,8.650111198425293),(-3.9099323749542236,9.641047477722168),(1.9073486328125E-06,9.6410465240478516),(0.,0.)));
#14103=IFCINDEXEDPOLYCURVE(#14102,$,$);
#14104=IFCCARTESIANPOINTLIST2D(((-2.371572732925415,3.5957603454589844),(-0.051513671875,3.5942401885986328),(-0.051639080047607422,5.4056177139282227),(-2.3662636280059814,5.401214599609375),(-2.371572732925415,3.5957603454589844)));
#14105=IFCINDEXEDPOLYCURVE(#14104,$,$);
#14106=IFCARBITRARYPROFILEDEFWITHVOIDS(.AREA.,$,#14103,(#14105));
#14167=IFCINDEXEDPOLYGONALFACE((13,16,15,14));
#14168=IFCINDEXEDPOLYGONALFACE((17,18,13,16));
#14169=IFCINDEXEDPOLYGONALFACE((5,10,9,4,7,8));
#14170=IFCINDEXEDPOLYGONALFACE((6,12,8,5,10,11));
#14171=IFCINDEXEDPOLYGONALFACE((10,13,14,9));
#14172=IFCINDEXEDPOLYGONALFACE((7,15,16,8));
#14173=IFCINDEXEDPOLYGONALFACE((6,11,18,17,12));
#14174=IFCINDEXEDPOLYGONALFACE((5,10,13,16,8));
#14175=IFCINDEXEDPOLYGONALFACE((10,13,18,11));
#14176=IFCINDEXEDPOLYGONALFACE((12,17,16,8));
#14177=IFCINDEXEDPOLYGONALFACE((4,9,14,15,7));
#14178=IFCCARTESIANPOINTLIST3D(((0.,0.,0.),(-0.087857246398925781,0.,0.),(0.82702499628067017,6.699673704702036E-09,0.),(-0.02500000037252903,0.,0.),(-0.062857247889041901,0.,0.),(0.80202502012252808,6.5165988161197674E-09,0.),(-0.02500000037252903,-0.02500000037252903,0.),(-0.062857247889041901,-0.02500000037252903,0.),(-0.02500000037252903,0.02500000037252903,0.),(-0.062857247889041901,0.02500000037252903,0.),(0.80202502012252808,0.025000005960464478,0.),(0.80202502012252808,-0.024999994784593582,0.),(-0.062857247889041901,0.02500000037252903,0.73000001907348633),(-0.02500000037252903,0.02500000037252903,0.73000001907348633),(-0.02500000037252903,-0.02500000037252903,0.73000001907348633),(-0.062857247889041901,-0.02500000037252903,0.73000001907348633),(0.80202502012252808,-0.024999994784593582,0.73000001907348633),(0.80202502012252808,0.025000005960464478,0.73000001907348633)));
#14179=IFCPOLYGONALFACESET(#14178,.F.,(#14167,#14168,#14169,#14170,#14171,#14172,#14173,#14174,#14175,#14176,#14177),$);
#14180=IFCSHAPEREPRESENTATION(#11,'Body','Tessellation',(#14179));
#14182=IFCCARTESIANPOINT((-0.087857246398925781,-0.02500000037252903,0.));
#14183=IFCBOUNDINGBOX(#14182,0.91488224267959595,0.050000004470348358,0.73000001907348633);
#14184=IFCSHAPEREPRESENTATION(#13,'Box','BoundingBox',(#14183));
#14185=IFCCARTESIANPOINT((0.,0.,0.));
#14186=IFCDIRECTION((1.,0.,0.));
#14187=IFCDIRECTION((0.,0.,1.));
#14188=IFCAXIS2PLACEMENT3D(#14185,#14187,#14186);
#14189=IFCREPRESENTATIONMAP(#14188,#14184);
#14190=IFCCARTESIANPOINT((0.,0.,0.));
#14191=IFCDIRECTION((1.,0.,0.));
#14192=IFCDIRECTION((0.,1.,0.));
#14193=IFCDIRECTION((0.,0.,1.));
#14194=IFCCARTESIANTRANSFORMATIONOPERATOR3D(#14191,#14192,#14190,1.,#14193);
#14195=IFCMAPPEDITEM(#14189,#14194);
#14196=IFCSHAPEREPRESENTATION(#13,'Box','MappedRepresentation',(#14195));
#14197=IFCINDEXEDPOLYGONALFACE((13,16,15,14));
#14198=IFCINDEXEDPOLYGONALFACE((17,18,13,16));
#14199=IFCINDEXEDPOLYGONALFACE((5,10,9,4,7,8));
#14200=IFCINDEXEDPOLYGONALFACE((6,12,8,5,10,11));
#14201=IFCINDEXEDPOLYGONALFACE((7,15,16,8));
#14202=IFCINDEXEDPOLYGONALFACE((6,11,18,17,12));
#14203=IFCINDEXEDPOLYGONALFACE((5,10,13,16,8));
#14204=IFCINDEXEDPOLYGONALFACE((10,13,18,11));
#14205=IFCINDEXEDPOLYGONALFACE((12,17,16,8));
#14206=IFCINDEXEDPOLYGONALFACE((10,13,14,9));
#14207=IFCINDEXEDPOLYGONALFACE((4,9,14,15,7));
#14208=IFCCARTESIANPOINTLIST3D(((0.,0.,0.),(-1.1573121547698975,-0.0022015571594238281,0.),(1.1573123931884766,0.0022015571594238281,0.),(-0.024999953806400299,-4.7557463403791189E-05,0.),(-1.1323121786117554,-0.002153999637812376,0.),(1.1323124170303345,0.002153999637812376,0.),(-0.024952396750450134,-0.025047510862350464,0.),(-1.1322646141052246,-0.027153953909873962,0.),(-0.025047510862350464,0.024952396750450134,0.),(-1.1323597431182861,0.022845955565571785,0.),(1.1322648525238037,0.027153955772519112,0.),(1.1323599815368652,-0.022845955565571785,0.),(-1.1323597431182861,0.022845953702926636,0.73000001907348633),(-0.025047510862350464,0.024952396750450134,0.73000001907348633),(-0.024952396750450134,-0.025047510862350464,0.73000001907348633),(-1.1322646141052246,-0.027153953909873962,0.73000001907348633),(1.1323599815368652,-0.022845955565571785,0.73000001907348633),(1.1322648525238037,0.027153955772519112,0.73000001907348633)));
#14209=IFCPOLYGONALFACESET(#14208,.F.,(#14197,#14198,#14199,#14200,#14201,#14202,#14203,#14204,#14205,#14206,#14207),$);
#14210=IFCSHAPEREPRESENTATION(#11,'Body','Tessellation',(#14209));
#14212=IFCCARTESIANPOINT((-1.1573121547698975,-0.027153953909873962,0.));
#14213=IFCBOUNDINGBOX(#14212,2.314624547958374,0.054307907819747925,0.73000001907348633);
#14214=IFCSHAPEREPRESENTATION(#13,'Box','BoundingBox',(#14213));
#14215=IFCCARTESIANPOINT((0.,0.,0.));
#14216=IFCDIRECTION((1.,0.,0.));
#14217=IFCDIRECTION((0.,0.,1.));
#14218=IFCAXIS2PLACEMENT3D(#14215,#14217,#14216);
#14219=IFCREPRESENTATIONMAP(#14218,#14214);
#14220=IFCCARTESIANPOINT((0.,0.,0.));
#14221=IFCDIRECTION((1.,0.,0.));
#14222=IFCDIRECTION((0.,1.,0.));
#14223=IFCDIRECTION((0.,0.,1.));
#14224=IFCCARTESIANTRANSFORMATIONOPERATOR3D(#14221,#14222,#14220,1.,#14223);
#14225=IFCMAPPEDITEM(#14219,#14224);
#14226=IFCSHAPEREPRESENTATION(#13,'Box','MappedRepresentation',(#14225));
#14227=IFCCARTESIANPOINT((1.7815464735031128,0.54196572303771973,0.));
#14228=IFCDIRECTION((0.,0.,1.));
#14229=IFCDIRECTION((-4.3711388286737889E-08,0.99999999999999911,0.));
#14230=IFCAXIS2PLACEMENT3D(#14227,#14228,#14229);
#14231=IFCLOCALPLACEMENT(#10836,#14230);
ENDSEC;
END-ISO-10303-21;
