ISO-10303-21;
HEADER;
FILE_DESCRIPTION(('ViewDefinition[DesignTransferView]'),'2;1');
FILE_NAME('s03-activity.ifc','2026-10-02T12:16:16+08:00',(''),(''),'IfcOpenShell 0.8.5-post1','Bonsai 0.8.5-post1','Nobody');
FILE_SCHEMA(('IFC4'));
ENDSEC;
DATA;
#1=IFCPROJECT('37rHeqmND0LBqRr97bfShD',$,'My Project',$,$,$,$,(#10,#22),#5);
#2=IFCSIUNIT(*,.LENGTHUNIT.,$,.METRE.);
#3=IFCSIUNIT(*,.AREAUNIT.,$,.SQUARE_METRE.);
#4=IFCSIUNIT(*,.VOLUMEUNIT.,$,.CUBIC_METRE.);
#5=IFCUNITASSIGNMENT((#4,#2,#3));
#6=IFCCARTESIANPOINT((0.,0.,0.));
#7=IFCDIRECTION((0.,0.,1.));
#8=IFCDIRECTION((1.,0.,0.));
#9=IFCAXIS2PLACEMENT3D(#6,#7,#8);
#10=IFCGEOMETRICREPRESENTATIONCONTEXT($,'Model',3,1.0000000000000001E-05,#9,$);
#11=IFCGEOMETRICREPRESENTATIONSUBCONTEXT('Body','Model',*,*,*,*,#10,$,.MODEL_VIEW.,$);
#12=IFCGEOMETRICREPRESENTATIONSUBCONTEXT('Axis','Model',*,*,*,*,#10,$,.GRAPH_VIEW.,$);
#13=IFCGEOMETRICREPRESENTATIONSUBCONTEXT('Box','Model',*,*,*,*,#10,$,.MODEL_VIEW.,$);
#14=IFCGEOMETRICREPRESENTATIONSUBCONTEXT('Annotation','Model',*,*,*,*,#10,$,.SECTION_VIEW.,$);
#15=IFCGEOMETRICREPRESENTATIONSUBCONTEXT('Annotation','Model',*,*,*,*,#10,$,.ELEVATION_VIEW.,$);
#16=IFCGEOMETRICREPRESENTATIONSUBCONTEXT('Annotation','Model',*,*,*,*,#10,$,.MODEL_VIEW.,$);
#17=IFCGEOMETRICREPRESENTATIONSUBCONTEXT('Annotation','Model',*,*,*,*,#10,$,.PLAN_VIEW.,$);
#18=IFCGEOMETRICREPRESENTATIONSUBCONTEXT('Profile','Model',*,*,*,*,#10,$,.ELEVATION_VIEW.,$);
#19=IFCCARTESIANPOINT((0.,0.));
#20=IFCDIRECTION((1.,0.));
#21=IFCAXIS2PLACEMENT2D(#19,#20);
#22=IFCGEOMETRICREPRESENTATIONCONTEXT($,'Plan',2,1.0000000000000001E-05,#21,$);
#23=IFCGEOMETRICREPRESENTATIONSUBCONTEXT('Axis','Plan',*,*,*,*,#22,$,.GRAPH_VIEW.,$);
#24=IFCGEOMETRICREPRESENTATIONSUBCONTEXT('Body','Plan',*,*,*,*,#22,$,.PLAN_VIEW.,$);
#25=IFCGEOMETRICREPRESENTATIONSUBCONTEXT('Annotation','Plan',*,*,*,*,#22,$,.PLAN_VIEW.,$);
#26=IFCGEOMETRICREPRESENTATIONSUBCONTEXT('Annotation','Plan',*,*,*,*,#22,$,.REFLECTED_PLAN_VIEW.,$);
#27=IFCSITE('1Ac8tkwR95Z82XVT4U9GZx',$,'My Site',$,$,#50,$,$,$,$,$,$,$,$);
#33=IFCBUILDING('2t89UwW65Ab8Fi9lggr2RE',$,'My Building',$,$,#56,$,$,$,$,$,$);
#39=IFCBUILDINGSTOREY('1qC624cd17zfGsiIjYC2VW',$,'2F',$,$,#7821,$,$,$,$);
#45=IFCRELAGGREGATES('2HH_WQFQj9VOISKqL20Yan',$,$,$,#1,(#27));
#46=IFCCARTESIANPOINT((0.,0.,0.));
#47=IFCDIRECTION((0.,0.,1.));
#48=IFCDIRECTION((1.,0.,0.));
#49=IFCAXIS2PLACEMENT3D(#46,#47,#48);
#50=IFCLOCALPLACEMENT($,#49);
#51=IFCRELAGGREGATES('2dZB3Ipp995fGz1dxkvCew',$,$,$,#27,(#33));
#52=IFCCARTESIANPOINT((0.,0.,0.));
#53=IFCDIRECTION((0.,0.,1.));
#54=IFCDIRECTION((1.,0.,0.));
#55=IFCAXIS2PLACEMENT3D(#52,#53,#54);
#56=IFCLOCALPLACEMENT(#50,#55);
#57=IFCRELAGGREGATES('2aHVQWs1z4CvihmZ4Qe7GN',$,$,$,#33,(#7790,#39,#63));
#63=IFCBUILDINGSTOREY('1kkbn0iSv6URZZZ5g8zg2I',$,'GF',$,$,#79,$,$,$,$);
#75=IFCCARTESIANPOINT((0.,0.,0.));
#76=IFCDIRECTION((0.,0.,1.));
#77=IFCDIRECTION((1.,0.,0.));
#78=IFCAXIS2PLACEMENT3D(#75,#76,#77);
#79=IFCLOCALPLACEMENT(#56,#78);
#81=IFCMATERIAL('Unknown',$,$);
#82=IFCMATERIALLAYERSET((#84),$,$);
#84=IFCMATERIALLAYER(#81,0.10000000000000001,$,$,$,$,$);
#87=IFCWALLTYPE('1vFKSiD6HBJuw1QwDOxzoY',$,'Wall',$,$,(#91),$,$,$,.SOLIDWALL.);
#88=IFCMATERIALLAYERSET((#90),$,$);
#89=IFCRELASSOCIATESMATERIAL('1OEpKGZAv02xs9arAlFJjl',$,$,$,(#87),#88);
#90=IFCMATERIALLAYER(#81,0.10000000000000001,$,$,$,$,$);
#91=IFCPROPERTYSET('1D9FzXGAT4MxCv3INGaoP5',$,'EPset_Parametric',$,(#92));
#92=IFCPROPERTYSINGLEVALUE('LayerSetDirection',$,IFCLABEL('AXIS2'),$);
#93=IFCWALL('2RtTWU3IX348Pj3iMznxyt',$,'Wall',$,$,#1106,#101,$,$);
#94=IFCRELCONTAINEDINSPATIALSTRUCTURE('0XgjQwqZrAiAR8wGoPTa0d',$,$,$,(#1351,#233,#782,#877,#93,#4472,#5415,#3475,#1888,#7474,#158,#258,#7282,#183,#588,#1126,#283,#5794,#852,#208,#613,#133),#63);
#95=IFCRELDEFINESBYTYPE('1onJBChEv5mgSOzNL76Tti',$,$,$,(#8766,#9273,#8069,#158,#8925,#7994,#7894,#588,#258,#8094,#283,#183,#7919,#9343,#613,#9027,#877,#852,#8119,#208,#7944,#133,#7969,#233,#782,#93),#87);
#96=IFCMATERIALLAYERSETUSAGE(#88,.AXIS2.,.POSITIVE.,0.,$);
#97=IFCRELASSOCIATESMATERIAL('3Hw_w1ulvDuevqKmwWfjdH',$,$,$,(#93),#96);
#101=IFCPRODUCTDEFINITIONSHAPE($,$,(#1101,#1098));
#117=IFCPROPERTYSET('06wD_RLxv7H8bKqx09tpX6',$,'EPset_Parametric',$,(#119));
#118=IFCRELDEFINESBYPROPERTIES('0ZX43RZp92IRBVceyE_y7d',$,$,$,(#93),#117);
#119=IFCPROPERTYSINGLEVALUE('Engine',$,IFCLABEL('Bonsai.DumbLayer2'),$);
#133=IFCWALL('0q6pAE2RXFQgDvJEBx1QV3',$,'Wall',$,$,#144,#139,$,$);
#134=IFCMATERIALLAYERSETUSAGE(#88,.AXIS2.,.POSITIVE.,0.,$);
#135=IFCRELASSOCIATESMATERIAL('271SzSZEfFihBSQtoxmlvO',$,$,$,(#133),#134);
#139=IFCPRODUCTDEFINITIONSHAPE($,$,(#1087,#1084));
#140=IFCCARTESIANPOINT((4.2266049385070801,-2.5901062488555908,0.));
#141=IFCDIRECTION((0.,0.,1.));
#142=IFCDIRECTION((7.5497901264043109E-08,0.99999999999999711,0.));
#143=IFCAXIS2PLACEMENT3D(#140,#141,#142);
#144=IFCLOCALPLACEMENT(#79,#143);
#155=IFCPROPERTYSET('2NYRF0dk95xRNvbhzEttly',$,'EPset_Parametric',$,(#157));
#156=IFCRELDEFINESBYPROPERTIES('2xNQsGEKr1jgXrdu26$zGm',$,$,$,(#133),#155);
#157=IFCPROPERTYSINGLEVALUE('Engine',$,IFCLABEL('Bonsai.DumbLayer2'),$);
#158=IFCWALL('0NO41Zwsj6vBIT0Z$CScUG',$,'Wall',$,$,#417,#164,$,$);
#159=IFCMATERIALLAYERSETUSAGE(#88,.AXIS2.,.POSITIVE.,0.,$);
#160=IFCRELASSOCIATESMATERIAL('2m0tNx8_f51g0wYMfuOYSX',$,$,$,(#158),#159);
#164=IFCPRODUCTDEFINITIONSHAPE($,$,(#462,#459));
#180=IFCPROPERTYSET('3yOyMU4_DA6wP09g$wD6O0',$,'EPset_Parametric',$,(#182));
#181=IFCRELDEFINESBYPROPERTIES('1dyaveVv51uAAHWoAEoseE',$,$,$,(#158),#180);
#182=IFCPROPERTYSINGLEVALUE('Engine',$,IFCLABEL('Bonsai.DumbLayer2'),$);
#183=IFCWALL('0hWNX7l1b62vy3L_2E46DZ',$,'Wall',$,$,#449,#189,$,$);
#184=IFCMATERIALLAYERSETUSAGE(#88,.AXIS2.,.POSITIVE.,0.,$);
#185=IFCRELASSOCIATESMATERIAL('2U1iCk79b3SOG5BvwcmCtw',$,$,$,(#183),#184);
#189=IFCPRODUCTDEFINITIONSHAPE($,$,(#489,#486));
#205=IFCPROPERTYSET('1EF9k8UVbAtBiQp_nAXdc3',$,'EPset_Parametric',$,(#207));
#206=IFCRELDEFINESBYPROPERTIES('3XY$cD_ljEQ9leGQcqoIfx',$,$,$,(#183),#205);
#207=IFCPROPERTYSINGLEVALUE('Engine',$,IFCLABEL('Bonsai.DumbLayer2'),$);
#208=IFCWALL('2a6QB0TtPENBNOB0ulS2xf',$,'Wall',$,$,#219,#214,$,$);
#209=IFCMATERIALLAYERSETUSAGE(#88,.AXIS2.,.POSITIVE.,0.,$);
#210=IFCRELASSOCIATESMATERIAL('14uH6g5DLDrwkFM2bWlQTb',$,$,$,(#208),#209);
#214=IFCPRODUCTDEFINITIONSHAPE($,$,(#1028,#1025));
#215=IFCCARTESIANPOINT((0.76660549640655518,5.0398941040039062,0.));
#216=IFCDIRECTION((0.,0.,1.));
#217=IFCDIRECTION((-0.99999999999992428,3.8941436741876494E-07,0.));
#218=IFCAXIS2PLACEMENT3D(#215,#216,#217);
#219=IFCLOCALPLACEMENT(#79,#218);
#230=IFCPROPERTYSET('2aoJvw0j10XP51G1cH7h_W',$,'EPset_Parametric',$,(#232));
#231=IFCRELDEFINESBYPROPERTIES('0gylsXLvPETwbvHGFtjYiu',$,$,$,(#208),#230);
#232=IFCPROPERTYSINGLEVALUE('Engine',$,IFCLABEL('Bonsai.DumbLayer2'),$);
#233=IFCWALL('2ZRlAGepP60PiQLq4zHiWM',$,'Wall',$,$,#508,#239,$,$);
#234=IFCMATERIALLAYERSETUSAGE(#88,.AXIS2.,.POSITIVE.,0.,$);
#235=IFCRELASSOCIATESMATERIAL('0jYi$imoLFqg7icOLgA3Xs',$,$,$,(#233),#234);
#239=IFCPRODUCTDEFINITIONSHAPE($,$,(#781,#778));
#255=IFCPROPERTYSET('1Sck5tr8f2jueiWYgtV6Z4',$,'EPset_Parametric',$,(#257));
#256=IFCRELDEFINESBYPROPERTIES('1TAOvcIQf6Q9DKYrpDRv7U',$,$,$,(#233),#255);
#257=IFCPROPERTYSINGLEVALUE('Engine',$,IFCLABEL('Bonsai.DumbLayer2'),$);
#258=IFCWALL('3ie1btIET6Zv0Jc836zDll',$,'Wall',$,$,#540,#264,$,$);
#259=IFCMATERIALLAYERSETUSAGE(#88,.AXIS2.,.POSITIVE.,0.,$);
#260=IFCRELASSOCIATESMATERIAL('0hTkEl5zr8E8fHLPQTDWWl',$,$,$,(#258),#259);
#264=IFCPRODUCTDEFINITIONSHAPE($,$,(#585,#582));
#280=IFCPROPERTYSET('3dPPCeLSrEkev9QFoddYj2',$,'EPset_Parametric',$,(#282));
#281=IFCRELDEFINESBYPROPERTIES('2$cPh81UnFmxEJSBv_8H$$',$,$,$,(#258),#280);
#282=IFCPROPERTYSINGLEVALUE('Engine',$,IFCLABEL('Bonsai.DumbLayer2'),$);
#283=IFCWALL('2ZyFA0h953qByIKG4giEdu',$,'Wall',$,$,#572,#289,$,$);
#284=IFCMATERIALLAYERSETUSAGE(#88,.AXIS2.,.POSITIVE.,0.,$);
#285=IFCRELASSOCIATESMATERIAL('0DQgfPI156bvrsVSKEhNDe',$,$,$,(#283),#284);
#289=IFCPRODUCTDEFINITIONSHAPE($,$,(#1119,#1116));
#305=IFCPROPERTYSET('3xOmRgxj1C3wzS0xWKtYlK',$,'EPset_Parametric',$,(#307));
#306=IFCRELDEFINESBYPROPERTIES('208xIrRdjEreEk02WIRYlK',$,$,$,(#283),#305);
#307=IFCPROPERTYSINGLEVALUE('Engine',$,IFCLABEL('Bonsai.DumbLayer2'),$);
#399=IFCRELCONNECTSPATHELEMENTS('096$s9Ofj1$f$hdhiD1SeY',$,$,$,$,#158,#133,(),(),.ATEND.,.ATSTART.);
#413=IFCCARTESIANPOINT((4.2266056255380287,6.5098943710327468,0.));
#414=IFCDIRECTION((0.,0.,1.));
#415=IFCDIRECTION((-0.99999999999998868,-1.5099580252808492E-07,0.));
#416=IFCAXIS2PLACEMENT3D(#413,#414,#415);
#417=IFCLOCALPLACEMENT(#79,#416);
#431=IFCRELCONNECTSPATHELEMENTS('1LERkql$D5AQfAET8QWLDU',$,$,$,$,#183,#158,(),(),.ATEND.,.ATSTART.);
#445=IFCCARTESIANPOINT((0.76660537719726907,6.5098938485872333,0.));
#446=IFCDIRECTION((0.,0.,1.));
#447=IFCDIRECTION((7.5497901264043123E-08,-0.99999999999999722,0.));
#448=IFCAXIS2PLACEMENT3D(#445,#446,#447);
#449=IFCLOCALPLACEMENT(#79,#448);
#450=IFCCARTESIANPOINTLIST2D(((0.,0.),(0.10000002264937295,0.10000000000000001),(3.3600002558905895,0.10000000000000001),(3.4600002483407994,0.)));
#451=IFCINDEXEDPOLYCURVE(#450,(IFCLINEINDEX((1,2,3,4,1))),$);
#452=IFCARBITRARYCLOSEDPROFILEDEF(.AREA.,$,#451);
#453=IFCCARTESIANPOINT((0.,0.,0.));
#454=IFCDIRECTION((0.,0.,1.));
#455=IFCDIRECTION((1.,0.,0.));
#456=IFCAXIS2PLACEMENT3D(#453,#454,#455);
#457=IFCDIRECTION((0.,0.,1.));
#458=IFCEXTRUDEDAREASOLID(#452,#456,#457,3.);
#459=IFCSHAPEREPRESENTATION(#11,'Body','SweptSolid',(#458));
#460=IFCCARTESIANPOINTLIST2D(((0.,0.),(3.4600002483407994,0.)));
#461=IFCINDEXEDPOLYCURVE(#460,$,$);
#462=IFCSHAPEREPRESENTATION(#23,'Axis','Curve2D',(#461));
#463=IFCRELCONNECTSPATHELEMENTS('2AZIPkF_z1twpaDBb2FACJ',$,$,$,$,#208,#183,(),(),.ATEND.,.ATSTART.);
#477=IFCCARTESIANPOINTLIST2D(((0.,0.),(0.099999992450210171,0.10000000000000001),(1.5699997910745644,0.10000000000000001),(1.4699997445833268,0.)));
#478=IFCINDEXEDPOLYCURVE(#477,(IFCLINEINDEX((1,2,3,4,1))),$);
#479=IFCARBITRARYCLOSEDPROFILEDEF(.AREA.,$,#478);
#480=IFCCARTESIANPOINT((0.,0.,0.));
#481=IFCDIRECTION((0.,0.,1.));
#482=IFCDIRECTION((1.,0.,0.));
#483=IFCAXIS2PLACEMENT3D(#480,#481,#482);
#484=IFCDIRECTION((0.,0.,1.));
#485=IFCEXTRUDEDAREASOLID(#479,#483,#484,3.);
#486=IFCSHAPEREPRESENTATION(#11,'Body','SweptSolid',(#485));
#487=IFCCARTESIANPOINTLIST2D(((0.,0.),(1.4699997445833268,0.)));
#488=IFCINDEXEDPOLYCURVE(#487,$,$);
#489=IFCSHAPEREPRESENTATION(#23,'Axis','Curve2D',(#488));
#490=IFCRELCONNECTSPATHELEMENTS('3fsbJbviz468DYKFrup0hI',$,$,$,$,#233,#208,(),(),.ATEND.,.ATSTART.);
#504=IFCCARTESIANPOINT((-2.7733945846558297,5.0398954825307998,0.));
#505=IFCDIRECTION((0.,0.,1.));
#506=IFCDIRECTION((7.5497901264043123E-08,-0.99999999999999722,0.));
#507=IFCAXIS2PLACEMENT3D(#504,#505,#506);
#508=IFCLOCALPLACEMENT(#79,#507);
#522=IFCRELCONNECTSPATHELEMENTS('2SMWxKoZ9B3hoRsdCHzDGL',$,$,$,$,#258,#233,(),(),.ATEND.,.ATSTART.);
#536=IFCCARTESIANPOINT((-2.7733941965965592,-0.10010528564453125,0.));
#537=IFCDIRECTION((0.,0.,1.));
#538=IFCDIRECTION((1.,0.,0.));
#539=IFCAXIS2PLACEMENT3D(#536,#537,#538);
#540=IFCLOCALPLACEMENT(#79,#539);
#554=IFCRELCONNECTSPATHELEMENTS('2QoZb1pNL8VPU0I7gxekwH',$,$,$,$,#283,#258,(),(),.ATEND.,.ATSTART.);
#568=IFCCARTESIANPOINT((0.22660589218151994,-0.10010528564453126,0.));
#569=IFCDIRECTION((0.,0.,1.));
#570=IFCDIRECTION((5.5233505236165668E-07,-0.99999999999984746,0.));
#571=IFCAXIS2PLACEMENT3D(#568,#569,#570);
#572=IFCLOCALPLACEMENT(#79,#571);
#573=IFCCARTESIANPOINTLIST2D(((0.,0.),(0.099999992450210171,0.10000000000000001),(3.100000033544589,0.10000000000000001),(3.0000000887780791,0.)));
#574=IFCINDEXEDPOLYCURVE(#573,(IFCLINEINDEX((1,2,3,4,1))),$);
#575=IFCARBITRARYCLOSEDPROFILEDEF(.AREA.,$,#574);
#576=IFCCARTESIANPOINT((0.,0.,0.));
#577=IFCDIRECTION((0.,0.,1.));
#578=IFCDIRECTION((1.,0.,0.));
#579=IFCAXIS2PLACEMENT3D(#576,#577,#578);
#580=IFCDIRECTION((0.,0.,1.));
#581=IFCEXTRUDEDAREASOLID(#575,#579,#580,3.);
#582=IFCSHAPEREPRESENTATION(#11,'Body','SweptSolid',(#581));
#583=IFCCARTESIANPOINTLIST2D(((0.,0.),(3.0000000887780791,0.)));
#584=IFCINDEXEDPOLYCURVE(#583,$,$);
#585=IFCSHAPEREPRESENTATION(#23,'Axis','Curve2D',(#584));
#586=IFCDOCUMENTINFORMATION('X','BBIM_Cost_Documents','Bonsai internal document containing references to cost CSV files',$,$,$,$,$,$,$,$,$,$,$,$,$,$);
#587=IFCRELASSOCIATESDOCUMENT('29m$O9JnT4pOZOGmIO9p95',$,$,$,(#1),#586);
#588=IFCWALL('0skBBrOM95vgsz9BVEkh8y',$,'Wall',$,$,#599,#594,$,$);
#589=IFCMATERIALLAYERSETUSAGE(#88,.AXIS2.,.POSITIVE.,0.,$);
#590=IFCRELASSOCIATESMATERIAL('0Pm9tCdk5E8wxCGCq7pRqp',$,$,$,(#588),#589);
#594=IFCPRODUCTDEFINITIONSHAPE($,$,(#690,#687));
#595=IFCCARTESIANPOINT((0.32660582661628723,-0.00010527660197112709,0.));
#596=IFCDIRECTION((0.,0.,1.));
#597=IFCDIRECTION((7.5497901264043109E-08,0.99999999999999711,0.));
#598=IFCAXIS2PLACEMENT3D(#595,#596,#597);
#599=IFCLOCALPLACEMENT(#79,#598);
#610=IFCPROPERTYSET('0ToFJqSVf8x8aic68pij3j',$,'EPset_Parametric',$,(#612));
#611=IFCRELDEFINESBYPROPERTIES('2L5IufrAH5_hhNA5LI7272',$,$,$,(#588),#610);
#612=IFCPROPERTYSINGLEVALUE('Engine',$,IFCLABEL('Bonsai.DumbLayer2'),$);
#613=IFCWALL('0nqSvU3O16rRObcE0ulNDE',$,'Wall',$,$,#624,#619,$,$);
#614=IFCMATERIALLAYERSETUSAGE(#88,.AXIS2.,.POSITIVE.,0.,$);
#615=IFCRELASSOCIATESMATERIAL('3A4tLG3fnCO8l1M5gWl_$l',$,$,$,(#613),#614);
#619=IFCPRODUCTDEFINITIONSHAPE($,$,(#768,#765));
#620=IFCCARTESIANPOINT((0.32660603523254395,2.6398947238922119,0.));
#621=IFCDIRECTION((0.,0.,1.));
#622=IFCDIRECTION((-0.99999999999998868,-1.5099580252808492E-07,0.));
#623=IFCAXIS2PLACEMENT3D(#620,#621,#622);
#624=IFCLOCALPLACEMENT(#79,#623);
#635=IFCPROPERTYSET('17pKzp5Rb2ngQnRd6K8llq',$,'EPset_Parametric',$,(#637));
#636=IFCRELDEFINESBYPROPERTIES('0lu8Qqz9XD38Gbv0_BCSCs',$,$,$,(#613),#635);
#637=IFCPROPERTYSINGLEVALUE('Engine',$,IFCLABEL('Bonsai.DumbLayer2'),$);
#664=IFCRELCONNECTSPATHELEMENTS('2GSkQXp295VRRWG9NBw64C',$,$,$,$,#613,#588,(),(),.ATEND.,.ATSTART.);
#678=IFCCARTESIANPOINTLIST2D(((0.,0.),(0.,0.10000000000000001),(2.5399999778448166,0.10000000000000001),(2.6400000004941893,0.)));
#679=IFCINDEXEDPOLYCURVE(#678,(IFCLINEINDEX((1,2,3,4,1))),$);
#680=IFCARBITRARYCLOSEDPROFILEDEF(.AREA.,$,#679);
#681=IFCCARTESIANPOINT((0.,0.,0.));
#682=IFCDIRECTION((0.,0.,1.));
#683=IFCDIRECTION((1.,0.,0.));
#684=IFCAXIS2PLACEMENT3D(#681,#682,#683);
#685=IFCDIRECTION((0.,0.,1.));
#686=IFCEXTRUDEDAREASOLID(#680,#684,#685,3.);
#687=IFCSHAPEREPRESENTATION(#11,'Body','SweptSolid',(#686));
#688=IFCCARTESIANPOINTLIST2D(((0.,0.),(2.6400000004941893,0.)));
#689=IFCINDEXEDPOLYCURVE(#688,$,$);
#690=IFCSHAPEREPRESENTATION(#23,'Axis','Curve2D',(#689));
#755=IFCRELCONNECTSPATHELEMENTS('3N30hf0kf9k9ku_M9onhaa',$,$,$,$,#613,#233,(),(),.ATPATH.,.ATEND.);
#756=IFCCARTESIANPOINTLIST2D(((0.,0.),(0.10000002264937295,0.10000000000000001),(3.0000004369413453,0.10000000000000001),(3.0000004293915552,0.)));
#757=IFCINDEXEDPOLYCURVE(#756,(IFCLINEINDEX((1,2,3,4,1))),$);
#758=IFCARBITRARYCLOSEDPROFILEDEF(.AREA.,$,#757);
#759=IFCCARTESIANPOINT((0.,0.,0.));
#760=IFCDIRECTION((0.,0.,1.));
#761=IFCDIRECTION((1.,0.,0.));
#762=IFCAXIS2PLACEMENT3D(#759,#760,#761);
#763=IFCDIRECTION((0.,0.,1.));
#764=IFCEXTRUDEDAREASOLID(#758,#762,#763,3.);
#765=IFCSHAPEREPRESENTATION(#11,'Body','SweptSolid',(#764));
#766=IFCCARTESIANPOINTLIST2D(((0.,0.),(3.1000004293915557,0.)));
#767=IFCINDEXEDPOLYCURVE(#766,$,$);
#768=IFCSHAPEREPRESENTATION(#23,'Axis','Curve2D',(#767));
#769=IFCCARTESIANPOINTLIST2D(((0.,0.),(0.10000004649123768,0.10000000000000001),(5.0400007757251348,0.10000000000000001),(5.1400007681753452,0.)));
#770=IFCINDEXEDPOLYCURVE(#769,(IFCLINEINDEX((1,2,3,4,1))),$);
#771=IFCARBITRARYCLOSEDPROFILEDEF(.AREA.,$,#770);
#772=IFCCARTESIANPOINT((0.,0.,0.));
#773=IFCDIRECTION((0.,0.,1.));
#774=IFCDIRECTION((1.,0.,0.));
#775=IFCAXIS2PLACEMENT3D(#772,#773,#774);
#776=IFCDIRECTION((0.,0.,1.));
#777=IFCEXTRUDEDAREASOLID(#771,#775,#776,3.);
#778=IFCSHAPEREPRESENTATION(#11,'Body','SweptSolid',(#777));
#779=IFCCARTESIANPOINTLIST2D(((0.,0.),(5.1400007681753452,0.)));
#780=IFCINDEXEDPOLYCURVE(#779,$,$);
#781=IFCSHAPEREPRESENTATION(#23,'Axis','Curve2D',(#780));
#782=IFCWALL('1MFL8C6CL3oe8fpRye7REk',$,'Wall',$,$,#824,#788,$,$);
#783=IFCMATERIALLAYERSETUSAGE(#88,.AXIS2.,.POSITIVE.,0.,$);
#784=IFCRELASSOCIATESMATERIAL('2eDvP0Blf8GR8IfTxQV93$',$,$,$,(#782),#783);
#788=IFCPRODUCTDEFINITIONSHAPE($,$,(#991,#988));
#804=IFCPROPERTYSET('0FRFG6FvHCdPpnw$9Bn0JX',$,'EPset_Parametric',$,(#806));
#805=IFCRELDEFINESBYPROPERTIES('26VHhJaaL2JRPddpfwO0qs',$,$,$,(#782),#804);
#806=IFCPROPERTYSINGLEVALUE('Engine',$,IFCLABEL('Bonsai.DumbLayer2'),$);
#820=IFCCARTESIANPOINT((-1.1783405542373657,2.6398947238922119,0.));
#821=IFCDIRECTION((0.,0.,1.));
#822=IFCDIRECTION((1.9470718370939353E-07,0.99999999999998113,0.));
#823=IFCAXIS2PLACEMENT3D(#820,#821,#822);
#824=IFCLOCALPLACEMENT(#79,#823);
#825=IFCRELCONNECTSPATHELEMENTS('3aiZ6U2Cn2QBg0BAPu2eHZ',$,$,$,$,#782,#208,(),(),.ATPATH.,.ATEND.);
#852=IFCWALL('04ZUe8ia56URXGYdxnQFvs',$,'Wall',$,$,#1015,#858,$,$);
#853=IFCMATERIALLAYERSETUSAGE(#88,.AXIS2.,.POSITIVE.,0.,$);
#854=IFCRELASSOCIATESMATERIAL('3uMRdUes1DEvdf0VyBJoE0',$,$,$,(#852),#853);
#858=IFCPRODUCTDEFINITIONSHAPE($,$,(#1060,#1057));
#874=IFCPROPERTYSET('2HMjqarqn5J8WhI00fZOOF',$,'EPset_Parametric',$,(#876));
#875=IFCRELDEFINESBYPROPERTIES('0fYeg4d9LBBvztUUqNNs6l',$,$,$,(#852),#874);
#876=IFCPROPERTYSINGLEVALUE('Engine',$,IFCLABEL('Bonsai.DumbLayer2'),$);
#877=IFCWALL('3rtVVaW3H2DPprpm0OwHre',$,'Wall',$,$,#1047,#883,$,$);
#878=IFCMATERIALLAYERSETUSAGE(#88,.AXIS2.,.POSITIVE.,0.,$);
#879=IFCRELASSOCIATESMATERIAL('2DQxHioF983xlk1Iu5Q5y2',$,$,$,(#877),#878);
#883=IFCPRODUCTDEFINITIONSHAPE($,$,(#1042,#1039));
#899=IFCPROPERTYSET('1oJUfXQObBSAgpIQBKGswD',$,'EPset_Parametric',$,(#901));
#900=IFCRELDEFINESBYPROPERTIES('33tieBji970g8xnE_iOfkN',$,$,$,(#877),#899);
#901=IFCPROPERTYSINGLEVALUE('Engine',$,IFCLABEL('Bonsai.DumbLayer2'),$);
#960=IFCRELCONNECTSPATHELEMENTS('25gHPWLgH8oBMcL9s0QG4i',$,$,$,$,#877,#782,(),(),.ATPATH.,.ATEND.);
#979=IFCCARTESIANPOINTLIST2D(((0.,0.),(0.,0.10000000000000001),(2.3000001569722097,0.10000000000000001),(2.3000001375014913,0.)));
#980=IFCINDEXEDPOLYCURVE(#979,(IFCLINEINDEX((1,2,3,4,1))),$);
#981=IFCARBITRARYCLOSEDPROFILEDEF(.AREA.,$,#980);
#982=IFCCARTESIANPOINT((0.,0.,0.));
#983=IFCDIRECTION((0.,0.,1.));
#984=IFCDIRECTION((1.,0.,0.));
#985=IFCAXIS2PLACEMENT3D(#982,#983,#984);
#986=IFCDIRECTION((0.,0.,1.));
#987=IFCEXTRUDEDAREASOLID(#981,#985,#986,3.);
#988=IFCSHAPEREPRESENTATION(#11,'Body','SweptSolid',(#987));
#989=IFCCARTESIANPOINTLIST2D(((0.,0.),(2.4000001375014937,0.)));
#990=IFCINDEXEDPOLYCURVE(#989,$,$);
#991=IFCSHAPEREPRESENTATION(#23,'Axis','Curve2D',(#990));
#997=IFCRELCONNECTSPATHELEMENTS('0S3PW7U0b1MQlzPEMOViK7',$,$,$,$,#852,#208,(),(),.ATPATH.,.ATSTART.);
#1011=IFCCARTESIANPOINT((0.76660544192019353,5.0398941040039267,0.));
#1012=IFCDIRECTION((0.,0.,1.));
#1013=IFCDIRECTION((1.9470718370939353E-07,-0.99999999999998113,0.));
#1014=IFCAXIS2PLACEMENT3D(#1011,#1012,#1013);
#1015=IFCLOCALPLACEMENT(#79,#1014);
#1016=IFCCARTESIANPOINTLIST2D(((0.,0.),(-0.10000004649123767,0.10000000000000001),(3.4400000263440247,0.10000000000000001),(3.5400000728352623,0.)));
#1017=IFCINDEXEDPOLYCURVE(#1016,(IFCLINEINDEX((1,2,3,4,1))),$);
#1018=IFCARBITRARYCLOSEDPROFILEDEF(.AREA.,$,#1017);
#1019=IFCCARTESIANPOINT((0.,0.,0.));
#1020=IFCDIRECTION((0.,0.,1.));
#1021=IFCDIRECTION((1.,0.,0.));
#1022=IFCAXIS2PLACEMENT3D(#1019,#1020,#1021);
#1023=IFCDIRECTION((0.,0.,1.));
#1024=IFCEXTRUDEDAREASOLID(#1018,#1022,#1023,3.);
#1025=IFCSHAPEREPRESENTATION(#11,'Body','SweptSolid',(#1024));
#1026=IFCCARTESIANPOINTLIST2D(((0.,0.),(3.5400000728352623,0.)));
#1027=IFCINDEXEDPOLYCURVE(#1026,$,$);
#1028=IFCSHAPEREPRESENTATION(#23,'Axis','Curve2D',(#1027));
#1029=IFCRELCONNECTSPATHELEMENTS('3njpjOJ9j8uvDNrs5X1QaI',$,$,$,$,#877,#852,(),(),.ATEND.,.ATSTART.);
#1030=IFCCARTESIANPOINTLIST2D(((0.,0.),(-0.10000005841217217,0.10000000000000001),(1.9449460832747056,0.10000000000000001),(1.944946102745424,0.)));
#1031=IFCINDEXEDPOLYCURVE(#1030,(IFCLINEINDEX((1,2,3,4,1))),$);
#1032=IFCARBITRARYCLOSEDPROFILEDEF(.AREA.,$,#1031);
#1033=IFCCARTESIANPOINT((0.,0.,0.));
#1034=IFCDIRECTION((0.,0.,1.));
#1035=IFCDIRECTION((1.,0.,0.));
#1036=IFCAXIS2PLACEMENT3D(#1033,#1034,#1035);
#1037=IFCDIRECTION((0.,0.,1.));
#1038=IFCEXTRUDEDAREASOLID(#1032,#1036,#1037,3.);
#1039=IFCSHAPEREPRESENTATION(#11,'Body','SweptSolid',(#1038));
#1040=IFCCARTESIANPOINTLIST2D(((0.,0.),(1.944946102745424,0.)));
#1041=IFCINDEXEDPOLYCURVE(#1040,$,$);
#1042=IFCSHAPEREPRESENTATION(#23,'Axis','Curve2D',(#1041));
#1043=IFCCARTESIANPOINT((0.76660572886268608,3.5661811828612606,0.));
#1044=IFCDIRECTION((0.,0.,1.));
#1045=IFCDIRECTION((-0.99999999999992428,3.8941436741876494E-07,0.));
#1046=IFCAXIS2PLACEMENT3D(#1043,#1044,#1045);
#1047=IFCLOCALPLACEMENT(#79,#1046);
#1048=IFCCARTESIANPOINTLIST2D(((0.10000000000001706,0.),(0.10000005841217217,0.10000000000000001),(1.5737129795548666,0.10000000000000001),(1.4737129211426943,0.)));
#1049=IFCINDEXEDPOLYCURVE(#1048,(IFCLINEINDEX((1,2,3,4,1))),$);
#1050=IFCARBITRARYCLOSEDPROFILEDEF(.AREA.,$,#1049);
#1051=IFCCARTESIANPOINT((0.,0.,0.));
#1052=IFCDIRECTION((0.,0.,1.));
#1053=IFCDIRECTION((1.,0.,0.));
#1054=IFCAXIS2PLACEMENT3D(#1051,#1052,#1053);
#1055=IFCDIRECTION((0.,0.,1.));
#1056=IFCEXTRUDEDAREASOLID(#1050,#1054,#1055,3.);
#1057=IFCSHAPEREPRESENTATION(#11,'Body','SweptSolid',(#1056));
#1058=IFCCARTESIANPOINTLIST2D(((0.,0.),(1.4737129211426943,0.)));
#1059=IFCINDEXEDPOLYCURVE(#1058,$,$);
#1060=IFCSHAPEREPRESENTATION(#23,'Axis','Curve2D',(#1059));
#1061=IFCRELCONNECTSPATHELEMENTS('3mlE1Lk_z5D8RoAbptZ7SB',$,$,$,$,#93,#133,(),(),.ATSTART.,.ATEND.);
#1075=IFCCARTESIANPOINTLIST2D(((0.,0.),(0.099999992450210157,0.10000000000000001),(9.0000005972389889,0.10000000000000001),(9.1000006198883625,0.)));
#1076=IFCINDEXEDPOLYCURVE(#1075,(IFCLINEINDEX((1,2,3,4,1))),$);
#1077=IFCARBITRARYCLOSEDPROFILEDEF(.AREA.,$,#1076);
#1078=IFCCARTESIANPOINT((0.,0.,0.));
#1079=IFCDIRECTION((0.,0.,1.));
#1080=IFCDIRECTION((1.,0.,0.));
#1081=IFCAXIS2PLACEMENT3D(#1078,#1079,#1080);
#1082=IFCDIRECTION((0.,0.,1.));
#1083=IFCEXTRUDEDAREASOLID(#1077,#1081,#1082,3.);
#1084=IFCSHAPEREPRESENTATION(#11,'Body','SweptSolid',(#1083));
#1085=IFCCARTESIANPOINTLIST2D(((0.,0.),(9.1000006198883625,0.)));
#1086=IFCINDEXEDPOLYCURVE(#1085,$,$);
#1087=IFCSHAPEREPRESENTATION(#23,'Axis','Curve2D',(#1086));
#1088=IFCRELCONNECTSPATHELEMENTS('1ws6eiMb56jhUIj69a47yK',$,$,$,$,#93,#283,(),(),.ATEND.,.ATSTART.);
#1089=IFCCARTESIANPOINTLIST2D(((0.,0.),(0.099999944766510016,0.10000000000000001),(3.8999976785605379,0.10000000000000001),(3.9999976710107479,0.)));
#1090=IFCINDEXEDPOLYCURVE(#1089,(IFCLINEINDEX((1,2,3,4,1))),$);
#1091=IFCARBITRARYCLOSEDPROFILEDEF(.AREA.,$,#1090);
#1092=IFCCARTESIANPOINT((0.,0.,0.));
#1093=IFCDIRECTION((0.,0.,1.));
#1094=IFCDIRECTION((1.,0.,0.));
#1095=IFCAXIS2PLACEMENT3D(#1092,#1093,#1094);
#1096=IFCDIRECTION((0.,0.,1.));
#1097=IFCEXTRUDEDAREASOLID(#1091,#1095,#1096,3.);
#1098=IFCSHAPEREPRESENTATION(#11,'Body','SweptSolid',(#1097));
#1099=IFCCARTESIANPOINTLIST2D(((0.,0.),(3.9999976710107479,0.)));
#1100=IFCINDEXEDPOLYCURVE(#1099,$,$);
#1101=IFCSHAPEREPRESENTATION(#23,'Axis','Curve2D',(#1100));
#1102=IFCCARTESIANPOINT((0.22660726749633234,-2.5901062488555908,0.));
#1103=IFCDIRECTION((0.,0.,1.));
#1104=IFCDIRECTION((1.,0.,0.));
#1105=IFCAXIS2PLACEMENT3D(#1102,#1103,#1104);
#1106=IFCLOCALPLACEMENT(#79,#1105);
#1107=IFCCARTESIANPOINTLIST2D(((0.,0.),(-0.099999944766510029,0.10000000000000001),(2.390001018444929,0.10000000000000001),(2.4900009632114388,0.)));
#1108=IFCINDEXEDPOLYCURVE(#1107,(IFCLINEINDEX((1,2,3,4,1))),$);
#1109=IFCARBITRARYCLOSEDPROFILEDEF(.AREA.,$,#1108);
#1110=IFCCARTESIANPOINT((0.,0.,0.));
#1111=IFCDIRECTION((0.,0.,1.));
#1112=IFCDIRECTION((1.,0.,0.));
#1113=IFCAXIS2PLACEMENT3D(#1110,#1111,#1112);
#1114=IFCDIRECTION((0.,0.,1.));
#1115=IFCEXTRUDEDAREASOLID(#1109,#1113,#1114,3.);
#1116=IFCSHAPEREPRESENTATION(#11,'Body','SweptSolid',(#1115));
#1117=IFCCARTESIANPOINTLIST2D(((0.,0.),(2.4900009632114388,0.)));
#1118=IFCINDEXEDPOLYCURVE(#1117,$,$);
#1119=IFCSHAPEREPRESENTATION(#23,'Axis','Curve2D',(#1118));
#1120=IFCSLABTYPE('0DAOoiij5AXR52UsflHd9q',$,'Slab',$,$,(#1124),$,$,$,.FLOOR.);
#1121=IFCMATERIALLAYERSET((#1123),$,$);
#1122=IFCRELASSOCIATESMATERIAL('1zGCCibkb3BAVNofLX7T$3',$,$,$,(#1120),#1121);
#1123=IFCMATERIALLAYER(#81,0.10000000000000001,$,$,$,$,$);
#1124=IFCPROPERTYSET('1UMLTxG_D8pPFoMuJlpbPk',$,'EPset_Parametric',$,(#1125));
#1125=IFCPROPERTYSINGLEVALUE('LayerSetDirection',$,IFCLABEL('AXIS3'),$);
#1126=IFCSLAB('2wUEIvMN9AAxj0XIJLVVfO',$,'Slab',$,$,#1134,#1141,$,$);
#1127=IFCRELDEFINESBYTYPE('2IwPixfqz1T9EES4lIkse8',$,$,$,(#13662,#8616,#1126),#1120);
#1128=IFCMATERIALLAYERSETUSAGE(#1121,.AXIS3.,.POSITIVE.,-0.10000000149011612,$);
#1129=IFCRELASSOCIATESMATERIAL('3zPNIf2cjCSeSEi3MLPE2B',$,$,$,(#1126),#1128);
#1130=IFCCARTESIANPOINT((4.2266049385070801,-2.5901062488555908,0.));
#1131=IFCDIRECTION((0.,0.,1.));
#1132=IFCDIRECTION((1.,0.,0.));
#1133=IFCAXIS2PLACEMENT3D(#1130,#1131,#1132);
#1134=IFCLOCALPLACEMENT(#79,#1133);
#1135=IFCCARTESIANPOINTLIST2D(((0.,0.),(1.9073486328125E-06,9.1000003814697266),(-3.4599995613098145,9.1000003814697266),(-3.4599995613098145,7.630000114440918),(-6.9999995231628418,7.6300020217895508),(-6.9999990463256836,2.4900009632110596),(-3.9999990463256836,2.4900009632110596),(-3.999997615814209,0.),(0.,0.)));
#1136=IFCINDEXEDPOLYCURVE(#1135,$,$);
#1137=IFCDIRECTION((0.,0.,1.));
#1138=IFCARBITRARYCLOSEDPROFILEDEF(.AREA.,$,#1136);
#1139=IFCEXTRUDEDAREASOLID(#1138,#1148,#1137,0.10000000000000001);
#1140=IFCSHAPEREPRESENTATION(#11,'Body','SweptSolid',(#1139));
#1141=IFCPRODUCTDEFINITIONSHAPE($,$,(#1140));
#1142=IFCPROPERTYSET('3PD6N$KYPAJRfd5wkmV9BC',$,'EPset_Parametric',$,(#1144));
#1143=IFCRELDEFINESBYPROPERTIES('3ASiCC9pX3kuxKcBDxVxWM',$,$,$,(#1126),#1142);
#1144=IFCPROPERTYSINGLEVALUE('Engine',$,IFCLABEL('Bonsai.DumbLayer3'),$);
#1145=IFCCARTESIANPOINT((-0.,-0.,-0.10000000149011612));
#1146=IFCDIRECTION((0.,0.,1.));
#1147=IFCDIRECTION((1.,0.,0.));
#1148=IFCAXIS2PLACEMENT3D(#1145,#1146,#1147);
#1149=IFCDOORTYPE('2Gdn4BjHHDk8EsMwjuUqRH',$,'MAIN - GF',$,$,(#1150),(#1159,#1237,#1256),$,$,.DOOR.,.SINGLE_SWING_LEFT.,$,$);
#1150=IFCPROPERTYSET('1XgCbFXRbF28Vq6mj3RxTX',$,'BBIM_Door',$,(#1151));
#1151=IFCPROPERTYSINGLEVALUE('Data',$,IFCTEXT('{"door_type": "SINGLE_SWING_LEFT", "overall_height": 2.408238410949707, "overall_width": 0.8999999761581421, "lining_properties": {"lining_depth": 0.05000000074505806, "lining_thickness": 0.05000000074505806, "lining_offset": 0.0, "lining_to_panel_offset_x": 0.02500000037252903, "lining_to_panel_offset_y": 0.02500000037252903, "transom_thickness": 0.0, "casing_thickness": 0.07500000298023224, "casing_depth": 0.004999999888241291, "threshold_thickness": 0.02500000037252903, "threshold_depth": 0.10000000149011612, "threshold_offset": 0.0}, "panel_properties": {"panel_depth": 0.03500000014901161, "panel_width_ratio": 1.0}}'),$);
#1155=IFCCARTESIANPOINT((0.,0.,0.));
#1156=IFCDIRECTION((1.,0.,0.));
#1157=IFCDIRECTION((0.,0.,1.));
#1158=IFCAXIS2PLACEMENT3D(#1155,#1157,#1156);
#1159=IFCREPRESENTATIONMAP(#1158,#3024);
#1233=IFCCARTESIANPOINT((0.,0.,0.));
#1234=IFCDIRECTION((1.,0.,0.));
#1235=IFCDIRECTION((0.,0.,1.));
#1236=IFCAXIS2PLACEMENT3D(#1233,#1235,#1234);
#1237=IFCREPRESENTATIONMAP(#1236,#3097);
#1252=IFCCARTESIANPOINT((0.,0.,0.));
#1253=IFCDIRECTION((1.,0.,0.));
#1254=IFCDIRECTION((0.,0.,1.));
#1255=IFCAXIS2PLACEMENT3D(#1252,#1254,#1253);
#1256=IFCREPRESENTATIONMAP(#1255,#3111);
#1351=IFCDOOR('2GdSlzr7T4avfKvCp97AJt',$,'Door',$,$,#3136,#1360,$,2.408238410949707,0.89999997615814209,$,.SINGLE_SWING_LEFT.,$);
#1352=IFCRELDEFINESBYTYPE('22XM7iNdL4BAQb8lPOxszO',$,$,$,(#1351),#1149);
#1353=IFCCARTESIANPOINT((0.,0.,0.));
#1354=IFCDIRECTION((1.,0.,0.));
#1355=IFCDIRECTION((0.,1.,0.));
#1356=IFCDIRECTION((0.,0.,1.));
#1357=IFCCARTESIANTRANSFORMATIONOPERATOR3D(#1354,#1355,#1353,1.,#1356);
#1358=IFCMAPPEDITEM(#1159,#1357);
#1359=IFCSHAPEREPRESENTATION(#18,'Profile','MappedRepresentation',(#1358));
#1360=IFCPRODUCTDEFINITIONSHAPE($,$,(#1359,#1367,#1374));
#1361=IFCCARTESIANPOINT((0.,0.,0.));
#1362=IFCDIRECTION((1.,0.,0.));
#1363=IFCDIRECTION((0.,1.,0.));
#1364=IFCDIRECTION((0.,0.,1.));
#1365=IFCCARTESIANTRANSFORMATIONOPERATOR3D(#1362,#1363,#1361,1.,#1364);
#1366=IFCMAPPEDITEM(#1237,#1365);
#1367=IFCSHAPEREPRESENTATION(#11,'Body','MappedRepresentation',(#1366));
#1368=IFCCARTESIANPOINT((0.,0.,0.));
#1369=IFCDIRECTION((1.,0.,0.));
#1370=IFCDIRECTION((0.,1.,0.));
#1371=IFCDIRECTION((0.,0.,1.));
#1372=IFCCARTESIANTRANSFORMATIONOPERATOR3D(#1369,#1370,#1368,1.,#1371);
#1373=IFCMAPPEDITEM(#1256,#1372);
#1374=IFCSHAPEREPRESENTATION(#24,'Body','MappedRepresentation',(#1373));
#1375=IFCOPENINGELEMENT('1roR6vXIDFzxbCtjU2vXzr',$,'Opening',$,$,#3131,#1403,$,.OPENING.);
#1391=IFCCARTESIANPOINT((0.,0.,0.));
#1392=IFCDIRECTION((1.,0.,0.));
#1393=IFCDIRECTION((0.,0.,1.));
#1394=IFCAXIS2PLACEMENT3D(#1391,#1393,#1392);
#1395=IFCREPRESENTATIONMAP(#1394,#3121);
#1396=IFCCARTESIANPOINT((0.,0.,0.));
#1397=IFCDIRECTION((1.,0.,0.));
#1398=IFCDIRECTION((0.,1.,0.));
#1399=IFCDIRECTION((0.,0.,1.));
#1400=IFCCARTESIANTRANSFORMATIONOPERATOR3D(#1397,#1398,#1396,1.,#1399);
#1401=IFCMAPPEDITEM(#1395,#1400);
#1402=IFCSHAPEREPRESENTATION(#11,'Body','MappedRepresentation',(#1401));
#1403=IFCPRODUCTDEFINITIONSHAPE($,$,(#1402));
#1404=IFCRELVOIDSELEMENT('11$mtkJwL6Fx4uFSdrIldj',$,$,$,#93,#1375);
#1410=IFCRELFILLSELEMENT('34W08o6lj7HBqxg$ma0uTU',$,$,$,#1375,#1351);
#1434=IFCCARTESIANPOINTLIST2D(((0.,0.),(0.,2.408238410949707),(0.89999997615814209,2.408238410949707),(0.89999997615814209,0.),(0.87499997578561306,0.),(0.87499997578561306,2.383238410577178),(0.02500000037252903,2.383238410577178),(0.02500000037252903,0.)));
#1435=IFCINDEXEDPOLYCURVE(#1434,(IFCLINEINDEX((1,2,3,4,5,6,7,8,1))),$);
#1436=IFCARBITRARYCLOSEDPROFILEDEF(.AREA.,$,#1435);
#1437=IFCCARTESIANPOINT((0.,0.02500000037252903,0.));
#1438=IFCDIRECTION((0.,-1.,0.));
#1439=IFCDIRECTION((1.,0.,0.));
#1440=IFCAXIS2PLACEMENT3D(#1437,#1438,#1439);
#1441=IFCDIRECTION((0.,0.,-1.));
#1442=IFCEXTRUDEDAREASOLID(#1436,#1440,#1441,0.02500000037252903);
#1443=IFCCARTESIANPOINTLIST2D(((0.,0.),(0.,2.408238410949707),(0.89999997615814209,2.408238410949707),(0.89999997615814209,0.),(0.84999997541308403,0.),(0.84999997541308403,2.358238410204649),(0.05000000074505806,2.358238410204649),(0.05000000074505806,0.)));
#1444=IFCINDEXEDPOLYCURVE(#1443,(IFCLINEINDEX((1,2,3,4,5,6,7,8,1))),$);
#1445=IFCARBITRARYCLOSEDPROFILEDEF(.AREA.,$,#1444);
#1446=IFCCARTESIANPOINT((0.,0.,0.));
#1447=IFCDIRECTION((0.,-1.,0.));
#1448=IFCDIRECTION((1.,0.,0.));
#1449=IFCAXIS2PLACEMENT3D(#1446,#1447,#1448);
#1450=IFCDIRECTION((0.,0.,-1.));
#1451=IFCEXTRUDEDAREASOLID(#1445,#1449,#1450,0.02500000037252903);
#1452=IFCCARTESIANPOINTLIST2D(((0.,0.),(0.79999997466802597,0.),(0.79999997466802597,0.10000000149011612),(0.,0.10000000149011612)));
#1453=IFCINDEXEDPOLYCURVE(#1452,(IFCLINEINDEX((1,2,3,4,1))),$);
#1454=IFCARBITRARYCLOSEDPROFILEDEF(.AREA.,$,#1453);
#1455=IFCCARTESIANPOINT((0.05000000074505806,0.,0.));
#1456=IFCDIRECTION((0.,0.,1.));
#1457=IFCDIRECTION((1.,0.,0.));
#1458=IFCAXIS2PLACEMENT3D(#1455,#1456,#1457);
#1459=IFCDIRECTION((0.,0.,1.));
#1460=IFCEXTRUDEDAREASOLID(#1454,#1458,#1459,0.02500000037252903);
#1461=IFCCARTESIANPOINTLIST2D(((0.,0.),(0.,2.4332384131848812),(0.94999998062849045,2.4332384131848812),(0.94999998062849045,0.),(0.87499997764825821,0.),(0.87499997764825821,2.358238410204649),(0.075000002980232239,2.358238410204649),(0.075000002980232239,0.)));
#1462=IFCINDEXEDPOLYCURVE(#1461,(IFCLINEINDEX((1,2,3,4,5,6,7,8,1))),$);
#1463=IFCARBITRARYCLOSEDPROFILEDEF(.AREA.,$,#1462);
#1464=IFCCARTESIANPOINT((-0.025000002235174179,-0.004999999888241291,0.));
#1465=IFCDIRECTION((0.,-1.,0.));
#1466=IFCDIRECTION((1.,0.,0.));
#1467=IFCAXIS2PLACEMENT3D(#1464,#1465,#1466);
#1468=IFCDIRECTION((0.,0.,-1.));
#1469=IFCEXTRUDEDAREASOLID(#1463,#1467,#1468,0.004999999888241291);
#1470=IFCCARTESIANPOINTLIST2D(((0.,0.),(0.,2.4332384131848812),(0.94999998062849045,2.4332384131848812),(0.94999998062849045,0.),(0.89999997802078724,0.),(0.89999997802078724,2.383238410577178),(0.050000002607703209,2.383238410577178),(0.050000002607703209,0.)));
#1471=IFCINDEXEDPOLYCURVE(#1470,(IFCLINEINDEX((1,2,3,4,5,6,7,8,1))),$);
#1472=IFCARBITRARYCLOSEDPROFILEDEF(.AREA.,$,#1471);
#1473=IFCCARTESIANPOINT((-0.025000002235174179,0.05000000074505806,0.));
#1474=IFCDIRECTION((0.,-1.,0.));
#1475=IFCDIRECTION((1.,0.,0.));
#1476=IFCAXIS2PLACEMENT3D(#1473,#1474,#1475);
#1477=IFCDIRECTION((0.,0.,-1.));
#1478=IFCEXTRUDEDAREASOLID(#1472,#1476,#1477,0.004999999888241291);
#1479=IFCCARTESIANPOINTLIST2D(((0.,0.),(0.84999997541308403,0.),(0.84999997541308403,0.035000000149011612),(0.,0.035000000149011612)));
#1480=IFCINDEXEDPOLYCURVE(#1479,(IFCLINEINDEX((1,2,3,4,1))),$);
#1481=IFCARBITRARYCLOSEDPROFILEDEF(.AREA.,$,#1480);
#1482=IFCCARTESIANPOINT((0.02500000037252903,0.02500000037252903,0.02500000037252903));
#1483=IFCDIRECTION((0.,0.,1.));
#1484=IFCDIRECTION((1.,0.,0.));
#1485=IFCAXIS2PLACEMENT3D(#1482,#1483,#1484);
#1486=IFCDIRECTION((0.,0.,1.));
#1487=IFCEXTRUDEDAREASOLID(#1481,#1485,#1486,2.358238410204649);
#1488=IFCCARTESIANPOINTLIST2D(((0.,0.),(0.,-0.040000000000000001),(-0.11999999999999988,-0.040000000000000001),(-0.11999999999999988,-0.02),(-0.020000000000000018,-0.02),(-0.020000000000000018,0.)));
#1489=IFCINDEXEDPOLYCURVE(#1488,(IFCLINEINDEX((1,2,3,4,5,6,1))),$);
#1490=IFCARBITRARYCLOSEDPROFILEDEF(.AREA.,$,#1489);
#1491=IFCCARTESIANPOINT((0.82499997578561302,0.02500000037252903,1.015000000372529));
#1492=IFCDIRECTION((0.,0.,1.));
#1493=IFCDIRECTION((1.,0.,0.));
#1494=IFCAXIS2PLACEMENT3D(#1491,#1492,#1493);
#1495=IFCDIRECTION((0.,0.,1.));
#1496=IFCEXTRUDEDAREASOLID(#1490,#1494,#1495,0.02);
#1497=IFCEXTRUDEDAREASOLID(#1498,#1501,#1505,0.02);
#1498=IFCARBITRARYCLOSEDPROFILEDEF(.AREA.,$,#1499);
#1499=IFCINDEXEDPOLYCURVE(#1500,(IFCLINEINDEX((1,2,3,4,5,6,1))),$);
#1500=IFCCARTESIANPOINTLIST2D(((0.,0.),(0.,0.040000000000000008),(-0.11999999999999988,0.040000000000000008),(-0.11999999999999988,0.020000000000000004),(-0.020000000000000018,0.020000000000000004),(-0.020000000000000018,0.)));
#1501=IFCAXIS2PLACEMENT3D(#1502,#1503,#1504);
#1502=IFCCARTESIANPOINT((0.82499997578561302,0.060000000521540642,1.015000000372529));
#1503=IFCDIRECTION((0.,0.,1.));
#1504=IFCDIRECTION((1.,0.,0.));
#1505=IFCDIRECTION((0.,0.,1.));
#1507=IFCSHAPEREPRESENTATION(#11,'Body','SweptSolid',(#1685,#1588,#3033,#2428,#2945,#1478,#2464,#2234,#1469,#1676,#2455,#2225,#1460,#3042,#2927,#2936,#3069,#1579,#2918,#2446,#3060,#2216,#1570,#1712,#2437,#2207,#1561,#1442,#1703,#1451,#2198,#2954,#3051,#1694,#1597));
#1508=IFCSHAPEASPECT((#1507),'Lining',$,.T.,#1360);
#1509=IFCSHAPEREPRESENTATION(#11,'Body','SweptSolid',(#1606,#2473,#2243,#3088,#1487,#3078,#1731,#1497,#2972,#1721,#2973,#2963,#1615,#1496,#2482,#1616,#2252,#2483,#2253,#3087,#1730));
#1510=IFCSHAPEASPECT((#1509),'Framing',$,.T.,#1360);
#1553=IFCCARTESIANPOINTLIST2D(((0.,0.),(0.,2.408238410949707),(0.89999997615814209,2.408238410949707),(0.89999997615814209,0.),(0.87499997578561306,0.),(0.87499997578561306,2.383238410577178),(0.02500000037252903,2.383238410577178),(0.02500000037252903,0.)));
#1554=IFCINDEXEDPOLYCURVE(#1553,(IFCLINEINDEX((1,2,3,4,5,6,7,8,1))),$);
#1555=IFCARBITRARYCLOSEDPROFILEDEF(.AREA.,$,#1554);
#1556=IFCCARTESIANPOINT((0.,0.02500000037252903,0.));
#1557=IFCDIRECTION((0.,-1.,0.));
#1558=IFCDIRECTION((1.,0.,0.));
#1559=IFCAXIS2PLACEMENT3D(#1556,#1557,#1558);
#1560=IFCDIRECTION((0.,0.,-1.));
#1561=IFCEXTRUDEDAREASOLID(#1555,#1559,#1560,0.02500000037252903);
#1562=IFCCARTESIANPOINTLIST2D(((0.,0.),(0.,2.408238410949707),(0.89999997615814209,2.408238410949707),(0.89999997615814209,0.),(0.84999997541308403,0.),(0.84999997541308403,2.358238410204649),(0.05000000074505806,2.358238410204649),(0.05000000074505806,0.)));
#1563=IFCINDEXEDPOLYCURVE(#1562,(IFCLINEINDEX((1,2,3,4,5,6,7,8,1))),$);
#1564=IFCARBITRARYCLOSEDPROFILEDEF(.AREA.,$,#1563);
#1565=IFCCARTESIANPOINT((0.,0.,0.));
#1566=IFCDIRECTION((0.,-1.,0.));
#1567=IFCDIRECTION((1.,0.,0.));
#1568=IFCAXIS2PLACEMENT3D(#1565,#1566,#1567);
#1569=IFCDIRECTION((0.,0.,-1.));
#1570=IFCEXTRUDEDAREASOLID(#1564,#1568,#1569,0.02500000037252903);
#1571=IFCCARTESIANPOINTLIST2D(((0.,0.),(0.79999997466802597,0.),(0.79999997466802597,0.10000000149011612),(0.,0.10000000149011612)));
#1572=IFCINDEXEDPOLYCURVE(#1571,(IFCLINEINDEX((1,2,3,4,1))),$);
#1573=IFCARBITRARYCLOSEDPROFILEDEF(.AREA.,$,#1572);
#1574=IFCCARTESIANPOINT((0.05000000074505806,0.,0.));
#1575=IFCDIRECTION((0.,0.,1.));
#1576=IFCDIRECTION((1.,0.,0.));
#1577=IFCAXIS2PLACEMENT3D(#1574,#1575,#1576);
#1578=IFCDIRECTION((0.,0.,1.));
#1579=IFCEXTRUDEDAREASOLID(#1573,#1577,#1578,0.02500000037252903);
#1580=IFCCARTESIANPOINTLIST2D(((0.,0.),(0.,2.4332384131848812),(0.94999998062849045,2.4332384131848812),(0.94999998062849045,0.),(0.87499997764825821,0.),(0.87499997764825821,2.358238410204649),(0.075000002980232239,2.358238410204649),(0.075000002980232239,0.)));
#1581=IFCINDEXEDPOLYCURVE(#1580,(IFCLINEINDEX((1,2,3,4,5,6,7,8,1))),$);
#1582=IFCARBITRARYCLOSEDPROFILEDEF(.AREA.,$,#1581);
#1583=IFCCARTESIANPOINT((-0.025000002235174179,-0.004999999888241291,0.));
#1584=IFCDIRECTION((0.,-1.,0.));
#1585=IFCDIRECTION((1.,0.,0.));
#1586=IFCAXIS2PLACEMENT3D(#1583,#1584,#1585);
#1587=IFCDIRECTION((0.,0.,-1.));
#1588=IFCEXTRUDEDAREASOLID(#1582,#1586,#1587,0.004999999888241291);
#1589=IFCCARTESIANPOINTLIST2D(((0.,0.),(0.,2.4332384131848812),(0.94999998062849045,2.4332384131848812),(0.94999998062849045,0.),(0.89999997802078724,0.),(0.89999997802078724,2.383238410577178),(0.050000002607703209,2.383238410577178),(0.050000002607703209,0.)));
#1590=IFCINDEXEDPOLYCURVE(#1589,(IFCLINEINDEX((1,2,3,4,5,6,7,8,1))),$);
#1591=IFCARBITRARYCLOSEDPROFILEDEF(.AREA.,$,#1590);
#1592=IFCCARTESIANPOINT((-0.025000002235174179,0.05000000074505806,0.));
#1593=IFCDIRECTION((0.,-1.,0.));
#1594=IFCDIRECTION((1.,0.,0.));
#1595=IFCAXIS2PLACEMENT3D(#1592,#1593,#1594);
#1596=IFCDIRECTION((0.,0.,-1.));
#1597=IFCEXTRUDEDAREASOLID(#1591,#1595,#1596,0.004999999888241291);
#1598=IFCCARTESIANPOINTLIST2D(((0.,0.),(0.84999997541308403,0.),(0.84999997541308403,0.035000000149011612),(0.,0.035000000149011612)));
#1599=IFCINDEXEDPOLYCURVE(#1598,(IFCLINEINDEX((1,2,3,4,1))),$);
#1600=IFCARBITRARYCLOSEDPROFILEDEF(.AREA.,$,#1599);
#1601=IFCCARTESIANPOINT((0.02500000037252903,0.02500000037252903,0.02500000037252903));
#1602=IFCDIRECTION((0.,0.,1.));
#1603=IFCDIRECTION((1.,0.,0.));
#1604=IFCAXIS2PLACEMENT3D(#1601,#1602,#1603);
#1605=IFCDIRECTION((0.,0.,1.));
#1606=IFCEXTRUDEDAREASOLID(#1600,#1604,#1605,2.358238410204649);
#1607=IFCCARTESIANPOINTLIST2D(((0.,0.),(0.,-0.040000000000000001),(-0.11999999999999988,-0.040000000000000001),(-0.11999999999999988,-0.02),(-0.020000000000000018,-0.02),(-0.020000000000000018,0.)));
#1608=IFCINDEXEDPOLYCURVE(#1607,(IFCLINEINDEX((1,2,3,4,5,6,1))),$);
#1609=IFCARBITRARYCLOSEDPROFILEDEF(.AREA.,$,#1608);
#1610=IFCCARTESIANPOINT((0.82499997578561302,0.02500000037252903,1.015000000372529));
#1611=IFCDIRECTION((0.,0.,1.));
#1612=IFCDIRECTION((1.,0.,0.));
#1613=IFCAXIS2PLACEMENT3D(#1610,#1611,#1612);
#1614=IFCDIRECTION((0.,0.,1.));
#1615=IFCEXTRUDEDAREASOLID(#1609,#1613,#1614,0.02);
#1616=IFCEXTRUDEDAREASOLID(#1617,#1620,#1624,0.02);
#1617=IFCARBITRARYCLOSEDPROFILEDEF(.AREA.,$,#1618);
#1618=IFCINDEXEDPOLYCURVE(#1619,(IFCLINEINDEX((1,2,3,4,5,6,1))),$);
#1619=IFCCARTESIANPOINTLIST2D(((0.,0.),(0.,0.040000000000000008),(-0.11999999999999988,0.040000000000000008),(-0.11999999999999988,0.020000000000000004),(-0.020000000000000018,0.020000000000000004),(-0.020000000000000018,0.)));
#1620=IFCAXIS2PLACEMENT3D(#1621,#1622,#1623);
#1621=IFCCARTESIANPOINT((0.82499997578561302,0.060000000521540642,1.015000000372529));
#1622=IFCDIRECTION((0.,0.,1.));
#1623=IFCDIRECTION((1.,0.,0.));
#1624=IFCDIRECTION((0.,0.,1.));
#1668=IFCCARTESIANPOINTLIST2D(((0.,0.),(0.,2.408238410949707),(0.89999997615814209,2.408238410949707),(0.89999997615814209,0.),(0.87499997578561306,0.),(0.87499997578561306,2.383238410577178),(0.02500000037252903,2.383238410577178),(0.02500000037252903,0.)));
#1669=IFCINDEXEDPOLYCURVE(#1668,(IFCLINEINDEX((1,2,3,4,5,6,7,8,1))),$);
#1670=IFCARBITRARYCLOSEDPROFILEDEF(.AREA.,$,#1669);
#1671=IFCCARTESIANPOINT((0.,0.02500000037252903,0.));
#1672=IFCDIRECTION((0.,-1.,0.));
#1673=IFCDIRECTION((1.,0.,0.));
#1674=IFCAXIS2PLACEMENT3D(#1671,#1672,#1673);
#1675=IFCDIRECTION((0.,0.,-1.));
#1676=IFCEXTRUDEDAREASOLID(#1670,#1674,#1675,0.02500000037252903);
#1677=IFCCARTESIANPOINTLIST2D(((0.,0.),(0.,2.408238410949707),(0.89999997615814209,2.408238410949707),(0.89999997615814209,0.),(0.84999997541308403,0.),(0.84999997541308403,2.358238410204649),(0.05000000074505806,2.358238410204649),(0.05000000074505806,0.)));
#1678=IFCINDEXEDPOLYCURVE(#1677,(IFCLINEINDEX((1,2,3,4,5,6,7,8,1))),$);
#1679=IFCARBITRARYCLOSEDPROFILEDEF(.AREA.,$,#1678);
#1680=IFCCARTESIANPOINT((0.,0.,0.));
#1681=IFCDIRECTION((0.,-1.,0.));
#1682=IFCDIRECTION((1.,0.,0.));
#1683=IFCAXIS2PLACEMENT3D(#1680,#1681,#1682);
#1684=IFCDIRECTION((0.,0.,-1.));
#1685=IFCEXTRUDEDAREASOLID(#1679,#1683,#1684,0.02500000037252903);
#1686=IFCCARTESIANPOINTLIST2D(((0.,0.),(0.79999997466802597,0.),(0.79999997466802597,0.10000000149011612),(0.,0.10000000149011612)));
#1687=IFCINDEXEDPOLYCURVE(#1686,(IFCLINEINDEX((1,2,3,4,1))),$);
#1688=IFCARBITRARYCLOSEDPROFILEDEF(.AREA.,$,#1687);
#1689=IFCCARTESIANPOINT((0.05000000074505806,0.,0.));
#1690=IFCDIRECTION((0.,0.,1.));
#1691=IFCDIRECTION((1.,0.,0.));
#1692=IFCAXIS2PLACEMENT3D(#1689,#1690,#1691);
#1693=IFCDIRECTION((0.,0.,1.));
#1694=IFCEXTRUDEDAREASOLID(#1688,#1692,#1693,0.02500000037252903);
#1695=IFCCARTESIANPOINTLIST2D(((0.,0.),(0.,2.4332384131848812),(0.94999998062849045,2.4332384131848812),(0.94999998062849045,0.),(0.87499997764825821,0.),(0.87499997764825821,2.358238410204649),(0.075000002980232239,2.358238410204649),(0.075000002980232239,0.)));
#1696=IFCINDEXEDPOLYCURVE(#1695,(IFCLINEINDEX((1,2,3,4,5,6,7,8,1))),$);
#1697=IFCARBITRARYCLOSEDPROFILEDEF(.AREA.,$,#1696);
#1698=IFCCARTESIANPOINT((-0.025000002235174179,-0.004999999888241291,0.));
#1699=IFCDIRECTION((0.,-1.,0.));
#1700=IFCDIRECTION((1.,0.,0.));
#1701=IFCAXIS2PLACEMENT3D(#1698,#1699,#1700);
#1702=IFCDIRECTION((0.,0.,-1.));
#1703=IFCEXTRUDEDAREASOLID(#1697,#1701,#1702,0.004999999888241291);
#1704=IFCCARTESIANPOINTLIST2D(((0.,0.),(0.,2.4332384131848812),(0.94999998062849045,2.4332384131848812),(0.94999998062849045,0.),(0.89999997802078724,0.),(0.89999997802078724,2.383238410577178),(0.050000002607703209,2.383238410577178),(0.050000002607703209,0.)));
#1705=IFCINDEXEDPOLYCURVE(#1704,(IFCLINEINDEX((1,2,3,4,5,6,7,8,1))),$);
#1706=IFCARBITRARYCLOSEDPROFILEDEF(.AREA.,$,#1705);
#1707=IFCCARTESIANPOINT((-0.025000002235174179,0.05000000074505806,0.));
#1708=IFCDIRECTION((0.,-1.,0.));
#1709=IFCDIRECTION((1.,0.,0.));
#1710=IFCAXIS2PLACEMENT3D(#1707,#1708,#1709);
#1711=IFCDIRECTION((0.,0.,-1.));
#1712=IFCEXTRUDEDAREASOLID(#1706,#1710,#1711,0.004999999888241291);
#1713=IFCCARTESIANPOINTLIST2D(((0.,0.),(0.84999997541308403,0.),(0.84999997541308403,0.035000000149011612),(0.,0.035000000149011612)));
#1714=IFCINDEXEDPOLYCURVE(#1713,(IFCLINEINDEX((1,2,3,4,1))),$);
#1715=IFCARBITRARYCLOSEDPROFILEDEF(.AREA.,$,#1714);
#1716=IFCCARTESIANPOINT((0.02500000037252903,0.02500000037252903,0.02500000037252903));
#1717=IFCDIRECTION((0.,0.,1.));
#1718=IFCDIRECTION((1.,0.,0.));
#1719=IFCAXIS2PLACEMENT3D(#1716,#1717,#1718);
#1720=IFCDIRECTION((0.,0.,1.));
#1721=IFCEXTRUDEDAREASOLID(#1715,#1719,#1720,2.358238410204649);
#1722=IFCCARTESIANPOINTLIST2D(((0.,0.),(0.,-0.040000000000000001),(-0.11999999999999988,-0.040000000000000001),(-0.11999999999999988,-0.02),(-0.020000000000000018,-0.02),(-0.020000000000000018,0.)));
#1723=IFCINDEXEDPOLYCURVE(#1722,(IFCLINEINDEX((1,2,3,4,5,6,1))),$);
#1724=IFCARBITRARYCLOSEDPROFILEDEF(.AREA.,$,#1723);
#1725=IFCCARTESIANPOINT((0.82499997578561302,0.02500000037252903,1.015000000372529));
#1726=IFCDIRECTION((0.,0.,1.));
#1727=IFCDIRECTION((1.,0.,0.));
#1728=IFCAXIS2PLACEMENT3D(#1725,#1726,#1727);
#1729=IFCDIRECTION((0.,0.,1.));
#1730=IFCEXTRUDEDAREASOLID(#1724,#1728,#1729,0.02);
#1731=IFCEXTRUDEDAREASOLID(#1732,#1735,#1739,0.02);
#1732=IFCARBITRARYCLOSEDPROFILEDEF(.AREA.,$,#1733);
#1733=IFCINDEXEDPOLYCURVE(#1734,(IFCLINEINDEX((1,2,3,4,5,6,1))),$);
#1734=IFCCARTESIANPOINTLIST2D(((0.,0.),(0.,0.040000000000000008),(-0.11999999999999988,0.040000000000000008),(-0.11999999999999988,0.020000000000000004),(-0.020000000000000018,0.020000000000000004),(-0.020000000000000018,0.)));
#1735=IFCAXIS2PLACEMENT3D(#1736,#1737,#1738);
#1736=IFCCARTESIANPOINT((0.82499997578561302,0.060000000521540642,1.015000000372529));
#1737=IFCDIRECTION((0.,0.,1.));
#1738=IFCDIRECTION((1.,0.,0.));
#1739=IFCDIRECTION((0.,0.,1.));
#1780=IFCDOORTYPE('0uLoUd1eTDCeKIVT3Igoh7',$,'GUEST - GF',$,$,(#1781),(#1783,#1791,#1869),$,$,.DOOR.,.SINGLE_SWING_LEFT.,$,$);
#1781=IFCPROPERTYSET('3chizNW2v6XwjTWEk6G9iv',$,'BBIM_Door',$,(#1782));
#1782=IFCPROPERTYSINGLEVALUE('Data',$,IFCTEXT('{"door_type": "SINGLE_SWING_RIGHT", "overall_height": 1.9034554958343506, "overall_width": 0.8999999761581421, "lining_properties": {"lining_depth": 0.05000000074505806, "lining_thickness": 0.05000000074505806, "lining_offset": 0.0, "lining_to_panel_offset_x": 0.02500000037252903, "lining_to_panel_offset_y": 0.02500000037252903, "transom_thickness": 0.0, "casing_thickness": 0.07500000298023224, "casing_depth": 0.004999999888241291, "threshold_thickness": 0.02500000037252903, "threshold_depth": 0.10000000149011612, "threshold_offset": 0.0}, "panel_properties": {"panel_depth": 0.03500000014901161, "panel_width_ratio": 1.0}}'),$);
#1783=IFCREPRESENTATIONMAP(#1784,#3254);
#1784=IFCAXIS2PLACEMENT3D(#1785,#1786,#1787);
#1785=IFCCARTESIANPOINT((0.,0.,0.));
#1786=IFCDIRECTION((0.,0.,1.));
#1787=IFCDIRECTION((1.,0.,0.));
#1791=IFCREPRESENTATIONMAP(#1792,#3327);
#1792=IFCAXIS2PLACEMENT3D(#1793,#1794,#1795);
#1793=IFCCARTESIANPOINT((0.,0.,0.));
#1794=IFCDIRECTION((0.,0.,1.));
#1795=IFCDIRECTION((1.,0.,0.));
#1869=IFCREPRESENTATIONMAP(#1870,#3341);
#1870=IFCAXIS2PLACEMENT3D(#1871,#1872,#1873);
#1871=IFCCARTESIANPOINT((0.,0.,0.));
#1872=IFCDIRECTION((0.,0.,1.));
#1873=IFCDIRECTION((1.,0.,0.));
#1888=IFCDOOR('0VbeWHD6f8NP6Fbc1iNCc2',$,'Door',$,$,#3366,#1897,$,1.9034554958343506,0.89999997615814209,$,.SINGLE_SWING_RIGHT.,$);
#1889=IFCRELDEFINESBYTYPE('063wTPbljDMA0PrGhO6Ol$',$,$,$,(#1888),#1780);
#1890=IFCCARTESIANPOINT((0.,0.,0.));
#1891=IFCDIRECTION((1.,0.,0.));
#1892=IFCDIRECTION((0.,1.,0.));
#1893=IFCDIRECTION((0.,0.,1.));
#1894=IFCCARTESIANTRANSFORMATIONOPERATOR3D(#1891,#1892,#1890,1.,#1893);
#1895=IFCMAPPEDITEM(#1783,#1894);
#1896=IFCSHAPEREPRESENTATION(#18,'Profile','MappedRepresentation',(#1895));
#1897=IFCPRODUCTDEFINITIONSHAPE($,$,(#1896,#1904,#1911));
#1898=IFCCARTESIANPOINT((0.,0.,0.));
#1899=IFCDIRECTION((1.,0.,0.));
#1900=IFCDIRECTION((0.,1.,0.));
#1901=IFCDIRECTION((0.,0.,1.));
#1902=IFCCARTESIANTRANSFORMATIONOPERATOR3D(#1899,#1900,#1898,1.,#1901);
#1903=IFCMAPPEDITEM(#1791,#1902);
#1904=IFCSHAPEREPRESENTATION(#11,'Body','MappedRepresentation',(#1903));
#1905=IFCCARTESIANPOINT((0.,0.,0.));
#1906=IFCDIRECTION((1.,0.,0.));
#1907=IFCDIRECTION((0.,1.,0.));
#1908=IFCDIRECTION((0.,0.,1.));
#1909=IFCCARTESIANTRANSFORMATIONOPERATOR3D(#1906,#1907,#1905,1.,#1908);
#1910=IFCMAPPEDITEM(#1869,#1909);
#1911=IFCSHAPEREPRESENTATION(#24,'Body','MappedRepresentation',(#1910));
#1912=IFCOPENINGELEMENT('3HuJOXl$L6MBUkOFwUoAPa',$,'Opening',$,$,#3361,#1940,$,.OPENING.);
#1928=IFCCARTESIANPOINT((0.,0.,0.));
#1929=IFCDIRECTION((1.,0.,0.));
#1930=IFCDIRECTION((0.,0.,1.));
#1931=IFCAXIS2PLACEMENT3D(#1928,#1930,#1929);
#1932=IFCREPRESENTATIONMAP(#1931,#3351);
#1933=IFCCARTESIANPOINT((0.,0.,0.));
#1934=IFCDIRECTION((1.,0.,0.));
#1935=IFCDIRECTION((0.,1.,0.));
#1936=IFCDIRECTION((0.,0.,1.));
#1937=IFCCARTESIANTRANSFORMATIONOPERATOR3D(#1934,#1935,#1933,1.,#1936);
#1938=IFCMAPPEDITEM(#1932,#1937);
#1939=IFCSHAPEREPRESENTATION(#11,'Body','MappedRepresentation',(#1938));
#1940=IFCPRODUCTDEFINITIONSHAPE($,$,(#1939));
#1941=IFCRELVOIDSELEMENT('3eunBCBWH0a9N2yJxdCWs5',$,$,$,#588,#1912);
#1947=IFCRELFILLSELEMENT('0MKHKgZaj2JAMwPZ2X2pwm',$,$,$,#1912,#1888);
#1956=IFCCARTESIANPOINTLIST2D(((0.,0.),(0.,2.408238410949707),(0.89999997615814209,2.408238410949707),(0.89999997615814209,0.),(0.87499997578561306,0.),(0.87499997578561306,2.383238410577178),(0.02500000037252903,2.383238410577178),(0.02500000037252903,0.)));
#1957=IFCINDEXEDPOLYCURVE(#1956,(IFCLINEINDEX((1,2,3,4,5,6,7,8,1))),$);
#1958=IFCARBITRARYCLOSEDPROFILEDEF(.AREA.,$,#1957);
#1959=IFCCARTESIANPOINT((0.,0.02500000037252903,0.));
#1960=IFCDIRECTION((0.,-1.,0.));
#1961=IFCDIRECTION((1.,0.,0.));
#1962=IFCAXIS2PLACEMENT3D(#1959,#1960,#1961);
#1963=IFCDIRECTION((0.,0.,-1.));
#1964=IFCEXTRUDEDAREASOLID(#1958,#1962,#1963,0.02500000037252903);
#1965=IFCCARTESIANPOINTLIST2D(((0.,0.),(0.,2.408238410949707),(0.89999997615814209,2.408238410949707),(0.89999997615814209,0.),(0.84999997541308403,0.),(0.84999997541308403,2.358238410204649),(0.05000000074505806,2.358238410204649),(0.05000000074505806,0.)));
#1966=IFCINDEXEDPOLYCURVE(#1965,(IFCLINEINDEX((1,2,3,4,5,6,7,8,1))),$);
#1967=IFCARBITRARYCLOSEDPROFILEDEF(.AREA.,$,#1966);
#1968=IFCCARTESIANPOINT((0.,0.,0.));
#1969=IFCDIRECTION((0.,-1.,0.));
#1970=IFCDIRECTION((1.,0.,0.));
#1971=IFCAXIS2PLACEMENT3D(#1968,#1969,#1970);
#1972=IFCDIRECTION((0.,0.,-1.));
#1973=IFCEXTRUDEDAREASOLID(#1967,#1971,#1972,0.02500000037252903);
#1974=IFCCARTESIANPOINTLIST2D(((0.,0.),(0.79999997466802597,0.),(0.79999997466802597,0.10000000149011612),(0.,0.10000000149011612)));
#1975=IFCINDEXEDPOLYCURVE(#1974,(IFCLINEINDEX((1,2,3,4,1))),$);
#1976=IFCARBITRARYCLOSEDPROFILEDEF(.AREA.,$,#1975);
#1977=IFCCARTESIANPOINT((0.05000000074505806,0.,0.));
#1978=IFCDIRECTION((0.,0.,1.));
#1979=IFCDIRECTION((1.,0.,0.));
#1980=IFCAXIS2PLACEMENT3D(#1977,#1978,#1979);
#1981=IFCDIRECTION((0.,0.,1.));
#1982=IFCEXTRUDEDAREASOLID(#1976,#1980,#1981,0.02500000037252903);
#1983=IFCCARTESIANPOINTLIST2D(((0.,0.),(0.,2.4332384131848812),(0.94999998062849045,2.4332384131848812),(0.94999998062849045,0.),(0.87499997764825821,0.),(0.87499997764825821,2.358238410204649),(0.075000002980232239,2.358238410204649),(0.075000002980232239,0.)));
#1984=IFCINDEXEDPOLYCURVE(#1983,(IFCLINEINDEX((1,2,3,4,5,6,7,8,1))),$);
#1985=IFCARBITRARYCLOSEDPROFILEDEF(.AREA.,$,#1984);
#1986=IFCCARTESIANPOINT((-0.025000002235174179,-0.004999999888241291,0.));
#1987=IFCDIRECTION((0.,-1.,0.));
#1988=IFCDIRECTION((1.,0.,0.));
#1989=IFCAXIS2PLACEMENT3D(#1986,#1987,#1988);
#1990=IFCDIRECTION((0.,0.,-1.));
#1991=IFCEXTRUDEDAREASOLID(#1985,#1989,#1990,0.004999999888241291);
#1992=IFCCARTESIANPOINTLIST2D(((0.,0.),(0.,2.4332384131848812),(0.94999998062849045,2.4332384131848812),(0.94999998062849045,0.),(0.89999997802078724,0.),(0.89999997802078724,2.383238410577178),(0.050000002607703209,2.383238410577178),(0.050000002607703209,0.)));
#1993=IFCINDEXEDPOLYCURVE(#1992,(IFCLINEINDEX((1,2,3,4,5,6,7,8,1))),$);
#1994=IFCARBITRARYCLOSEDPROFILEDEF(.AREA.,$,#1993);
#1995=IFCCARTESIANPOINT((-0.025000002235174179,0.05000000074505806,0.));
#1996=IFCDIRECTION((0.,-1.,0.));
#1997=IFCDIRECTION((1.,0.,0.));
#1998=IFCAXIS2PLACEMENT3D(#1995,#1996,#1997);
#1999=IFCDIRECTION((0.,0.,-1.));
#2000=IFCEXTRUDEDAREASOLID(#1994,#1998,#1999,0.004999999888241291);
#2001=IFCCARTESIANPOINTLIST2D(((0.,0.),(0.84999997541308403,0.),(0.84999997541308403,0.035000000149011612),(0.,0.035000000149011612)));
#2002=IFCINDEXEDPOLYCURVE(#2001,(IFCLINEINDEX((1,2,3,4,1))),$);
#2003=IFCARBITRARYCLOSEDPROFILEDEF(.AREA.,$,#2002);
#2004=IFCCARTESIANPOINT((0.02500000037252903,0.02500000037252903,0.02500000037252903));
#2005=IFCDIRECTION((0.,0.,1.));
#2006=IFCDIRECTION((1.,0.,0.));
#2007=IFCAXIS2PLACEMENT3D(#2004,#2005,#2006);
#2008=IFCDIRECTION((0.,0.,1.));
#2009=IFCEXTRUDEDAREASOLID(#2003,#2007,#2008,2.358238410204649);
#2010=IFCCARTESIANPOINTLIST2D(((0.,0.),(0.,-0.040000000000000001),(-0.11999999999999988,-0.040000000000000001),(-0.11999999999999988,-0.02),(-0.020000000000000018,-0.02),(-0.020000000000000018,0.)));
#2011=IFCINDEXEDPOLYCURVE(#2010,(IFCLINEINDEX((1,2,3,4,5,6,1))),$);
#2012=IFCARBITRARYCLOSEDPROFILEDEF(.AREA.,$,#2011);
#2013=IFCCARTESIANPOINT((0.82499997578561302,0.02500000037252903,1.015000000372529));
#2014=IFCDIRECTION((0.,0.,1.));
#2015=IFCDIRECTION((1.,0.,0.));
#2016=IFCAXIS2PLACEMENT3D(#2013,#2014,#2015);
#2017=IFCDIRECTION((0.,0.,1.));
#2018=IFCEXTRUDEDAREASOLID(#2012,#2016,#2017,0.02);
#2019=IFCEXTRUDEDAREASOLID(#2020,#2023,#2027,0.02);
#2020=IFCARBITRARYCLOSEDPROFILEDEF(.AREA.,$,#2021);
#2021=IFCINDEXEDPOLYCURVE(#2022,(IFCLINEINDEX((1,2,3,4,5,6,1))),$);
#2022=IFCCARTESIANPOINTLIST2D(((0.,0.),(0.,0.040000000000000008),(-0.11999999999999988,0.040000000000000008),(-0.11999999999999988,0.020000000000000004),(-0.020000000000000018,0.020000000000000004),(-0.020000000000000018,0.)));
#2023=IFCAXIS2PLACEMENT3D(#2024,#2025,#2026);
#2024=IFCCARTESIANPOINT((0.82499997578561302,0.060000000521540642,1.015000000372529));
#2025=IFCDIRECTION((0.,0.,1.));
#2026=IFCDIRECTION((1.,0.,0.));
#2027=IFCDIRECTION((0.,0.,1.));
#2029=IFCSHAPEREPRESENTATION(#11,'Body','SweptSolid',(#2322,#3299,#2839,#3290,#2313,#2830,#2119,#3281,#3184,#2579,#2821,#2110,#2724,#3175,#2561,#2000,#2570,#2812,#3272,#2803,#3263,#2101,#2715,#1991,#2092,#2706,#1982,#2552,#2083,#1973,#1964,#3166,#2697,#2543,#3157,#2688,#2349,#3148,#2340,#2331));
#2030=IFCSHAPEASPECT((#2029),'Lining',$,.T.,#1897);
#2031=IFCSHAPEREPRESENTATION(#11,'Body','SweptSolid',(#3318,#2857,#2597,#2858,#2367,#2848,#2137,#2018,#2019,#2128,#3308,#2368,#3202,#2138,#2358,#3203,#2742,#3193,#2588,#2598,#2743,#2733,#2009,#3317));
#2032=IFCSHAPEASPECT((#2031),'Framing',$,.T.,#1897);
#2075=IFCCARTESIANPOINTLIST2D(((0.,0.),(0.,2.408238410949707),(0.89999997615814209,2.408238410949707),(0.89999997615814209,0.),(0.87499997578561306,0.),(0.87499997578561306,2.383238410577178),(0.02500000037252903,2.383238410577178),(0.02500000037252903,0.)));
#2076=IFCINDEXEDPOLYCURVE(#2075,(IFCLINEINDEX((1,2,3,4,5,6,7,8,1))),$);
#2077=IFCARBITRARYCLOSEDPROFILEDEF(.AREA.,$,#2076);
#2078=IFCCARTESIANPOINT((0.,0.02500000037252903,0.));
#2079=IFCDIRECTION((0.,-1.,0.));
#2080=IFCDIRECTION((1.,0.,0.));
#2081=IFCAXIS2PLACEMENT3D(#2078,#2079,#2080);
#2082=IFCDIRECTION((0.,0.,-1.));
#2083=IFCEXTRUDEDAREASOLID(#2077,#2081,#2082,0.02500000037252903);
#2084=IFCCARTESIANPOINTLIST2D(((0.,0.),(0.,2.408238410949707),(0.89999997615814209,2.408238410949707),(0.89999997615814209,0.),(0.84999997541308403,0.),(0.84999997541308403,2.358238410204649),(0.05000000074505806,2.358238410204649),(0.05000000074505806,0.)));
#2085=IFCINDEXEDPOLYCURVE(#2084,(IFCLINEINDEX((1,2,3,4,5,6,7,8,1))),$);
#2086=IFCARBITRARYCLOSEDPROFILEDEF(.AREA.,$,#2085);
#2087=IFCCARTESIANPOINT((0.,0.,0.));
#2088=IFCDIRECTION((0.,-1.,0.));
#2089=IFCDIRECTION((1.,0.,0.));
#2090=IFCAXIS2PLACEMENT3D(#2087,#2088,#2089);
#2091=IFCDIRECTION((0.,0.,-1.));
#2092=IFCEXTRUDEDAREASOLID(#2086,#2090,#2091,0.02500000037252903);
#2093=IFCCARTESIANPOINTLIST2D(((0.,0.),(0.79999997466802597,0.),(0.79999997466802597,0.10000000149011612),(0.,0.10000000149011612)));
#2094=IFCINDEXEDPOLYCURVE(#2093,(IFCLINEINDEX((1,2,3,4,1))),$);
#2095=IFCARBITRARYCLOSEDPROFILEDEF(.AREA.,$,#2094);
#2096=IFCCARTESIANPOINT((0.05000000074505806,0.,0.));
#2097=IFCDIRECTION((0.,0.,1.));
#2098=IFCDIRECTION((1.,0.,0.));
#2099=IFCAXIS2PLACEMENT3D(#2096,#2097,#2098);
#2100=IFCDIRECTION((0.,0.,1.));
#2101=IFCEXTRUDEDAREASOLID(#2095,#2099,#2100,0.02500000037252903);
#2102=IFCCARTESIANPOINTLIST2D(((0.,0.),(0.,2.4332384131848812),(0.94999998062849045,2.4332384131848812),(0.94999998062849045,0.),(0.87499997764825821,0.),(0.87499997764825821,2.358238410204649),(0.075000002980232239,2.358238410204649),(0.075000002980232239,0.)));
#2103=IFCINDEXEDPOLYCURVE(#2102,(IFCLINEINDEX((1,2,3,4,5,6,7,8,1))),$);
#2104=IFCARBITRARYCLOSEDPROFILEDEF(.AREA.,$,#2103);
#2105=IFCCARTESIANPOINT((-0.025000002235174179,-0.004999999888241291,0.));
#2106=IFCDIRECTION((0.,-1.,0.));
#2107=IFCDIRECTION((1.,0.,0.));
#2108=IFCAXIS2PLACEMENT3D(#2105,#2106,#2107);
#2109=IFCDIRECTION((0.,0.,-1.));
#2110=IFCEXTRUDEDAREASOLID(#2104,#2108,#2109,0.004999999888241291);
#2111=IFCCARTESIANPOINTLIST2D(((0.,0.),(0.,2.4332384131848812),(0.94999998062849045,2.4332384131848812),(0.94999998062849045,0.),(0.89999997802078724,0.),(0.89999997802078724,2.383238410577178),(0.050000002607703209,2.383238410577178),(0.050000002607703209,0.)));
#2112=IFCINDEXEDPOLYCURVE(#2111,(IFCLINEINDEX((1,2,3,4,5,6,7,8,1))),$);
#2113=IFCARBITRARYCLOSEDPROFILEDEF(.AREA.,$,#2112);
#2114=IFCCARTESIANPOINT((-0.025000002235174179,0.05000000074505806,0.));
#2115=IFCDIRECTION((0.,-1.,0.));
#2116=IFCDIRECTION((1.,0.,0.));
#2117=IFCAXIS2PLACEMENT3D(#2114,#2115,#2116);
#2118=IFCDIRECTION((0.,0.,-1.));
#2119=IFCEXTRUDEDAREASOLID(#2113,#2117,#2118,0.004999999888241291);
#2120=IFCCARTESIANPOINTLIST2D(((0.,0.),(0.84999997541308403,0.),(0.84999997541308403,0.035000000149011612),(0.,0.035000000149011612)));
#2121=IFCINDEXEDPOLYCURVE(#2120,(IFCLINEINDEX((1,2,3,4,1))),$);
#2122=IFCARBITRARYCLOSEDPROFILEDEF(.AREA.,$,#2121);
#2123=IFCCARTESIANPOINT((0.02500000037252903,0.02500000037252903,0.02500000037252903));
#2124=IFCDIRECTION((0.,0.,1.));
#2125=IFCDIRECTION((1.,0.,0.));
#2126=IFCAXIS2PLACEMENT3D(#2123,#2124,#2125);
#2127=IFCDIRECTION((0.,0.,1.));
#2128=IFCEXTRUDEDAREASOLID(#2122,#2126,#2127,2.358238410204649);
#2129=IFCCARTESIANPOINTLIST2D(((0.,0.),(0.,-0.040000000000000001),(-0.11999999999999988,-0.040000000000000001),(-0.11999999999999988,-0.02),(-0.020000000000000018,-0.02),(-0.020000000000000018,0.)));
#2130=IFCINDEXEDPOLYCURVE(#2129,(IFCLINEINDEX((1,2,3,4,5,6,1))),$);
#2131=IFCARBITRARYCLOSEDPROFILEDEF(.AREA.,$,#2130);
#2132=IFCCARTESIANPOINT((0.82499997578561302,0.02500000037252903,1.015000000372529));
#2133=IFCDIRECTION((0.,0.,1.));
#2134=IFCDIRECTION((1.,0.,0.));
#2135=IFCAXIS2PLACEMENT3D(#2132,#2133,#2134);
#2136=IFCDIRECTION((0.,0.,1.));
#2137=IFCEXTRUDEDAREASOLID(#2131,#2135,#2136,0.02);
#2138=IFCEXTRUDEDAREASOLID(#2139,#2142,#2146,0.02);
#2139=IFCARBITRARYCLOSEDPROFILEDEF(.AREA.,$,#2140);
#2140=IFCINDEXEDPOLYCURVE(#2141,(IFCLINEINDEX((1,2,3,4,5,6,1))),$);
#2141=IFCCARTESIANPOINTLIST2D(((0.,0.),(0.,0.040000000000000008),(-0.11999999999999988,0.040000000000000008),(-0.11999999999999988,0.020000000000000004),(-0.020000000000000018,0.020000000000000004),(-0.020000000000000018,0.)));
#2142=IFCAXIS2PLACEMENT3D(#2143,#2144,#2145);
#2143=IFCCARTESIANPOINT((0.82499997578561302,0.060000000521540642,1.015000000372529));
#2144=IFCDIRECTION((0.,0.,1.));
#2145=IFCDIRECTION((1.,0.,0.));
#2146=IFCDIRECTION((0.,0.,1.));
#2190=IFCCARTESIANPOINTLIST2D(((0.,0.),(0.,2.408238410949707),(0.89999997615814209,2.408238410949707),(0.89999997615814209,0.),(0.87499997578561306,0.),(0.87499997578561306,2.383238410577178),(0.02500000037252903,2.383238410577178),(0.02500000037252903,0.)));
#2191=IFCINDEXEDPOLYCURVE(#2190,(IFCLINEINDEX((1,2,3,4,5,6,7,8,1))),$);
#2192=IFCARBITRARYCLOSEDPROFILEDEF(.AREA.,$,#2191);
#2193=IFCCARTESIANPOINT((0.,0.02500000037252903,0.));
#2194=IFCDIRECTION((0.,-1.,0.));
#2195=IFCDIRECTION((1.,0.,0.));
#2196=IFCAXIS2PLACEMENT3D(#2193,#2194,#2195);
#2197=IFCDIRECTION((0.,0.,-1.));
#2198=IFCEXTRUDEDAREASOLID(#2192,#2196,#2197,0.02500000037252903);
#2199=IFCCARTESIANPOINTLIST2D(((0.,0.),(0.,2.408238410949707),(0.89999997615814209,2.408238410949707),(0.89999997615814209,0.),(0.84999997541308403,0.),(0.84999997541308403,2.358238410204649),(0.05000000074505806,2.358238410204649),(0.05000000074505806,0.)));
#2200=IFCINDEXEDPOLYCURVE(#2199,(IFCLINEINDEX((1,2,3,4,5,6,7,8,1))),$);
#2201=IFCARBITRARYCLOSEDPROFILEDEF(.AREA.,$,#2200);
#2202=IFCCARTESIANPOINT((0.,0.,0.));
#2203=IFCDIRECTION((0.,-1.,0.));
#2204=IFCDIRECTION((1.,0.,0.));
#2205=IFCAXIS2PLACEMENT3D(#2202,#2203,#2204);
#2206=IFCDIRECTION((0.,0.,-1.));
#2207=IFCEXTRUDEDAREASOLID(#2201,#2205,#2206,0.02500000037252903);
#2208=IFCCARTESIANPOINTLIST2D(((0.,0.),(0.79999997466802597,0.),(0.79999997466802597,0.10000000149011612),(0.,0.10000000149011612)));
#2209=IFCINDEXEDPOLYCURVE(#2208,(IFCLINEINDEX((1,2,3,4,1))),$);
#2210=IFCARBITRARYCLOSEDPROFILEDEF(.AREA.,$,#2209);
#2211=IFCCARTESIANPOINT((0.05000000074505806,0.,0.));
#2212=IFCDIRECTION((0.,0.,1.));
#2213=IFCDIRECTION((1.,0.,0.));
#2214=IFCAXIS2PLACEMENT3D(#2211,#2212,#2213);
#2215=IFCDIRECTION((0.,0.,1.));
#2216=IFCEXTRUDEDAREASOLID(#2210,#2214,#2215,0.02500000037252903);
#2217=IFCCARTESIANPOINTLIST2D(((0.,0.),(0.,2.4332384131848812),(0.94999998062849045,2.4332384131848812),(0.94999998062849045,0.),(0.87499997764825821,0.),(0.87499997764825821,2.358238410204649),(0.075000002980232239,2.358238410204649),(0.075000002980232239,0.)));
#2218=IFCINDEXEDPOLYCURVE(#2217,(IFCLINEINDEX((1,2,3,4,5,6,7,8,1))),$);
#2219=IFCARBITRARYCLOSEDPROFILEDEF(.AREA.,$,#2218);
#2220=IFCCARTESIANPOINT((-0.025000002235174179,-0.004999999888241291,0.));
#2221=IFCDIRECTION((0.,-1.,0.));
#2222=IFCDIRECTION((1.,0.,0.));
#2223=IFCAXIS2PLACEMENT3D(#2220,#2221,#2222);
#2224=IFCDIRECTION((0.,0.,-1.));
#2225=IFCEXTRUDEDAREASOLID(#2219,#2223,#2224,0.004999999888241291);
#2226=IFCCARTESIANPOINTLIST2D(((0.,0.),(0.,2.4332384131848812),(0.94999998062849045,2.4332384131848812),(0.94999998062849045,0.),(0.89999997802078724,0.),(0.89999997802078724,2.383238410577178),(0.050000002607703209,2.383238410577178),(0.050000002607703209,0.)));
#2227=IFCINDEXEDPOLYCURVE(#2226,(IFCLINEINDEX((1,2,3,4,5,6,7,8,1))),$);
#2228=IFCARBITRARYCLOSEDPROFILEDEF(.AREA.,$,#2227);
#2229=IFCCARTESIANPOINT((-0.025000002235174179,0.05000000074505806,0.));
#2230=IFCDIRECTION((0.,-1.,0.));
#2231=IFCDIRECTION((1.,0.,0.));
#2232=IFCAXIS2PLACEMENT3D(#2229,#2230,#2231);
#2233=IFCDIRECTION((0.,0.,-1.));
#2234=IFCEXTRUDEDAREASOLID(#2228,#2232,#2233,0.004999999888241291);
#2235=IFCCARTESIANPOINTLIST2D(((0.,0.),(0.84999997541308403,0.),(0.84999997541308403,0.035000000149011612),(0.,0.035000000149011612)));
#2236=IFCINDEXEDPOLYCURVE(#2235,(IFCLINEINDEX((1,2,3,4,1))),$);
#2237=IFCARBITRARYCLOSEDPROFILEDEF(.AREA.,$,#2236);
#2238=IFCCARTESIANPOINT((0.02500000037252903,0.02500000037252903,0.02500000037252903));
#2239=IFCDIRECTION((0.,0.,1.));
#2240=IFCDIRECTION((1.,0.,0.));
#2241=IFCAXIS2PLACEMENT3D(#2238,#2239,#2240);
#2242=IFCDIRECTION((0.,0.,1.));
#2243=IFCEXTRUDEDAREASOLID(#2237,#2241,#2242,2.358238410204649);
#2244=IFCCARTESIANPOINTLIST2D(((0.,0.),(0.,-0.040000000000000001),(0.12,-0.040000000000000001),(0.12,-0.02),(0.02,-0.02),(0.02,0.)));
#2245=IFCINDEXEDPOLYCURVE(#2244,(IFCLINEINDEX((1,2,3,4,5,6,1))),$);
#2246=IFCARBITRARYCLOSEDPROFILEDEF(.AREA.,$,#2245);
#2247=IFCCARTESIANPOINT((0.075000000372529033,0.02500000037252903,1.015000000372529));
#2248=IFCDIRECTION((0.,0.,1.));
#2249=IFCDIRECTION((1.,0.,0.));
#2250=IFCAXIS2PLACEMENT3D(#2247,#2248,#2249);
#2251=IFCDIRECTION((0.,0.,1.));
#2252=IFCEXTRUDEDAREASOLID(#2246,#2250,#2251,0.02);
#2253=IFCEXTRUDEDAREASOLID(#2254,#2257,#2261,0.02);
#2254=IFCARBITRARYCLOSEDPROFILEDEF(.AREA.,$,#2255);
#2255=IFCINDEXEDPOLYCURVE(#2256,(IFCLINEINDEX((1,2,3,4,5,6,1))),$);
#2256=IFCCARTESIANPOINTLIST2D(((0.,0.),(0.,0.040000000000000008),(0.11999999999999998,0.040000000000000008),(0.11999999999999998,0.020000000000000004),(0.020000000000000004,0.020000000000000004),(0.020000000000000004,0.)));
#2257=IFCAXIS2PLACEMENT3D(#2258,#2259,#2260);
#2258=IFCCARTESIANPOINT((0.075000000372529033,0.060000000521540642,1.015000000372529));
#2259=IFCDIRECTION((0.,0.,1.));
#2260=IFCDIRECTION((1.,0.,0.));
#2261=IFCDIRECTION((0.,0.,1.));
#2305=IFCCARTESIANPOINTLIST2D(((0.,0.),(0.,2.408238410949707),(0.89999997615814209,2.408238410949707),(0.89999997615814209,0.),(0.87499997578561306,0.),(0.87499997578561306,2.383238410577178),(0.02500000037252903,2.383238410577178),(0.02500000037252903,0.)));
#2306=IFCINDEXEDPOLYCURVE(#2305,(IFCLINEINDEX((1,2,3,4,5,6,7,8,1))),$);
#2307=IFCARBITRARYCLOSEDPROFILEDEF(.AREA.,$,#2306);
#2308=IFCCARTESIANPOINT((0.,0.02500000037252903,0.));
#2309=IFCDIRECTION((0.,-1.,0.));
#2310=IFCDIRECTION((1.,0.,0.));
#2311=IFCAXIS2PLACEMENT3D(#2308,#2309,#2310);
#2312=IFCDIRECTION((0.,0.,-1.));
#2313=IFCEXTRUDEDAREASOLID(#2307,#2311,#2312,0.02500000037252903);
#2314=IFCCARTESIANPOINTLIST2D(((0.,0.),(0.,2.408238410949707),(0.89999997615814209,2.408238410949707),(0.89999997615814209,0.),(0.84999997541308403,0.),(0.84999997541308403,2.358238410204649),(0.05000000074505806,2.358238410204649),(0.05000000074505806,0.)));
#2315=IFCINDEXEDPOLYCURVE(#2314,(IFCLINEINDEX((1,2,3,4,5,6,7,8,1))),$);
#2316=IFCARBITRARYCLOSEDPROFILEDEF(.AREA.,$,#2315);
#2317=IFCCARTESIANPOINT((0.,0.,0.));
#2318=IFCDIRECTION((0.,-1.,0.));
#2319=IFCDIRECTION((1.,0.,0.));
#2320=IFCAXIS2PLACEMENT3D(#2317,#2318,#2319);
#2321=IFCDIRECTION((0.,0.,-1.));
#2322=IFCEXTRUDEDAREASOLID(#2316,#2320,#2321,0.02500000037252903);
#2323=IFCCARTESIANPOINTLIST2D(((0.,0.),(0.79999997466802597,0.),(0.79999997466802597,0.10000000149011612),(0.,0.10000000149011612)));
#2324=IFCINDEXEDPOLYCURVE(#2323,(IFCLINEINDEX((1,2,3,4,1))),$);
#2325=IFCARBITRARYCLOSEDPROFILEDEF(.AREA.,$,#2324);
#2326=IFCCARTESIANPOINT((0.05000000074505806,0.,0.));
#2327=IFCDIRECTION((0.,0.,1.));
#2328=IFCDIRECTION((1.,0.,0.));
#2329=IFCAXIS2PLACEMENT3D(#2326,#2327,#2328);
#2330=IFCDIRECTION((0.,0.,1.));
#2331=IFCEXTRUDEDAREASOLID(#2325,#2329,#2330,0.02500000037252903);
#2332=IFCCARTESIANPOINTLIST2D(((0.,0.),(0.,2.4332384131848812),(0.94999998062849045,2.4332384131848812),(0.94999998062849045,0.),(0.87499997764825821,0.),(0.87499997764825821,2.358238410204649),(0.075000002980232239,2.358238410204649),(0.075000002980232239,0.)));
#2333=IFCINDEXEDPOLYCURVE(#2332,(IFCLINEINDEX((1,2,3,4,5,6,7,8,1))),$);
#2334=IFCARBITRARYCLOSEDPROFILEDEF(.AREA.,$,#2333);
#2335=IFCCARTESIANPOINT((-0.025000002235174179,-0.004999999888241291,0.));
#2336=IFCDIRECTION((0.,-1.,0.));
#2337=IFCDIRECTION((1.,0.,0.));
#2338=IFCAXIS2PLACEMENT3D(#2335,#2336,#2337);
#2339=IFCDIRECTION((0.,0.,-1.));
#2340=IFCEXTRUDEDAREASOLID(#2334,#2338,#2339,0.004999999888241291);
#2341=IFCCARTESIANPOINTLIST2D(((0.,0.),(0.,2.4332384131848812),(0.94999998062849045,2.4332384131848812),(0.94999998062849045,0.),(0.89999997802078724,0.),(0.89999997802078724,2.383238410577178),(0.050000002607703209,2.383238410577178),(0.050000002607703209,0.)));
#2342=IFCINDEXEDPOLYCURVE(#2341,(IFCLINEINDEX((1,2,3,4,5,6,7,8,1))),$);
#2343=IFCARBITRARYCLOSEDPROFILEDEF(.AREA.,$,#2342);
#2344=IFCCARTESIANPOINT((-0.025000002235174179,0.05000000074505806,0.));
#2345=IFCDIRECTION((0.,-1.,0.));
#2346=IFCDIRECTION((1.,0.,0.));
#2347=IFCAXIS2PLACEMENT3D(#2344,#2345,#2346);
#2348=IFCDIRECTION((0.,0.,-1.));
#2349=IFCEXTRUDEDAREASOLID(#2343,#2347,#2348,0.004999999888241291);
#2350=IFCCARTESIANPOINTLIST2D(((0.,0.),(0.84999997541308403,0.),(0.84999997541308403,0.035000000149011612),(0.,0.035000000149011612)));
#2351=IFCINDEXEDPOLYCURVE(#2350,(IFCLINEINDEX((1,2,3,4,1))),$);
#2352=IFCARBITRARYCLOSEDPROFILEDEF(.AREA.,$,#2351);
#2353=IFCCARTESIANPOINT((0.02500000037252903,0.02500000037252903,0.02500000037252903));
#2354=IFCDIRECTION((0.,0.,1.));
#2355=IFCDIRECTION((1.,0.,0.));
#2356=IFCAXIS2PLACEMENT3D(#2353,#2354,#2355);
#2357=IFCDIRECTION((0.,0.,1.));
#2358=IFCEXTRUDEDAREASOLID(#2352,#2356,#2357,2.358238410204649);
#2359=IFCCARTESIANPOINTLIST2D(((0.,0.),(0.,-0.040000000000000001),(-0.11999999999999988,-0.040000000000000001),(-0.11999999999999988,-0.02),(-0.020000000000000018,-0.02),(-0.020000000000000018,0.)));
#2360=IFCINDEXEDPOLYCURVE(#2359,(IFCLINEINDEX((1,2,3,4,5,6,1))),$);
#2361=IFCARBITRARYCLOSEDPROFILEDEF(.AREA.,$,#2360);
#2362=IFCCARTESIANPOINT((0.82499997578561302,0.02500000037252903,1.015000000372529));
#2363=IFCDIRECTION((0.,0.,1.));
#2364=IFCDIRECTION((1.,0.,0.));
#2365=IFCAXIS2PLACEMENT3D(#2362,#2363,#2364);
#2366=IFCDIRECTION((0.,0.,1.));
#2367=IFCEXTRUDEDAREASOLID(#2361,#2365,#2366,0.02);
#2368=IFCEXTRUDEDAREASOLID(#2369,#2372,#2376,0.02);
#2369=IFCARBITRARYCLOSEDPROFILEDEF(.AREA.,$,#2370);
#2370=IFCINDEXEDPOLYCURVE(#2371,(IFCLINEINDEX((1,2,3,4,5,6,1))),$);
#2371=IFCCARTESIANPOINTLIST2D(((0.,0.),(0.,0.040000000000000008),(-0.11999999999999988,0.040000000000000008),(-0.11999999999999988,0.020000000000000004),(-0.020000000000000018,0.020000000000000004),(-0.020000000000000018,0.)));
#2372=IFCAXIS2PLACEMENT3D(#2373,#2374,#2375);
#2373=IFCCARTESIANPOINT((0.82499997578561302,0.060000000521540642,1.015000000372529));
#2374=IFCDIRECTION((0.,0.,1.));
#2375=IFCDIRECTION((1.,0.,0.));
#2376=IFCDIRECTION((0.,0.,1.));
#2420=IFCCARTESIANPOINTLIST2D(((0.,0.),(0.,2.408238410949707),(0.89999997615814209,2.408238410949707),(0.89999997615814209,0.),(0.87499997578561306,0.),(0.87499997578561306,2.383238410577178),(0.02500000037252903,2.383238410577178),(0.02500000037252903,0.)));
#2421=IFCINDEXEDPOLYCURVE(#2420,(IFCLINEINDEX((1,2,3,4,5,6,7,8,1))),$);
#2422=IFCARBITRARYCLOSEDPROFILEDEF(.AREA.,$,#2421);
#2423=IFCCARTESIANPOINT((0.,0.02500000037252903,0.));
#2424=IFCDIRECTION((0.,-1.,0.));
#2425=IFCDIRECTION((1.,0.,0.));
#2426=IFCAXIS2PLACEMENT3D(#2423,#2424,#2425);
#2427=IFCDIRECTION((0.,0.,-1.));
#2428=IFCEXTRUDEDAREASOLID(#2422,#2426,#2427,0.02500000037252903);
#2429=IFCCARTESIANPOINTLIST2D(((0.,0.),(0.,2.408238410949707),(0.89999997615814209,2.408238410949707),(0.89999997615814209,0.),(0.84999997541308403,0.),(0.84999997541308403,2.358238410204649),(0.05000000074505806,2.358238410204649),(0.05000000074505806,0.)));
#2430=IFCINDEXEDPOLYCURVE(#2429,(IFCLINEINDEX((1,2,3,4,5,6,7,8,1))),$);
#2431=IFCARBITRARYCLOSEDPROFILEDEF(.AREA.,$,#2430);
#2432=IFCCARTESIANPOINT((0.,0.,0.));
#2433=IFCDIRECTION((0.,-1.,0.));
#2434=IFCDIRECTION((1.,0.,0.));
#2435=IFCAXIS2PLACEMENT3D(#2432,#2433,#2434);
#2436=IFCDIRECTION((0.,0.,-1.));
#2437=IFCEXTRUDEDAREASOLID(#2431,#2435,#2436,0.02500000037252903);
#2438=IFCCARTESIANPOINTLIST2D(((0.,0.),(0.79999997466802597,0.),(0.79999997466802597,0.10000000149011612),(0.,0.10000000149011612)));
#2439=IFCINDEXEDPOLYCURVE(#2438,(IFCLINEINDEX((1,2,3,4,1))),$);
#2440=IFCARBITRARYCLOSEDPROFILEDEF(.AREA.,$,#2439);
#2441=IFCCARTESIANPOINT((0.05000000074505806,0.,0.));
#2442=IFCDIRECTION((0.,0.,1.));
#2443=IFCDIRECTION((1.,0.,0.));
#2444=IFCAXIS2PLACEMENT3D(#2441,#2442,#2443);
#2445=IFCDIRECTION((0.,0.,1.));
#2446=IFCEXTRUDEDAREASOLID(#2440,#2444,#2445,0.02500000037252903);
#2447=IFCCARTESIANPOINTLIST2D(((0.,0.),(0.,2.4332384131848812),(0.94999998062849045,2.4332384131848812),(0.94999998062849045,0.),(0.87499997764825821,0.),(0.87499997764825821,2.358238410204649),(0.075000002980232239,2.358238410204649),(0.075000002980232239,0.)));
#2448=IFCINDEXEDPOLYCURVE(#2447,(IFCLINEINDEX((1,2,3,4,5,6,7,8,1))),$);
#2449=IFCARBITRARYCLOSEDPROFILEDEF(.AREA.,$,#2448);
#2450=IFCCARTESIANPOINT((-0.025000002235174179,-0.004999999888241291,0.));
#2451=IFCDIRECTION((0.,-1.,0.));
#2452=IFCDIRECTION((1.,0.,0.));
#2453=IFCAXIS2PLACEMENT3D(#2450,#2451,#2452);
#2454=IFCDIRECTION((0.,0.,-1.));
#2455=IFCEXTRUDEDAREASOLID(#2449,#2453,#2454,0.004999999888241291);
#2456=IFCCARTESIANPOINTLIST2D(((0.,0.),(0.,2.4332384131848812),(0.94999998062849045,2.4332384131848812),(0.94999998062849045,0.),(0.89999997802078724,0.),(0.89999997802078724,2.383238410577178),(0.050000002607703209,2.383238410577178),(0.050000002607703209,0.)));
#2457=IFCINDEXEDPOLYCURVE(#2456,(IFCLINEINDEX((1,2,3,4,5,6,7,8,1))),$);
#2458=IFCARBITRARYCLOSEDPROFILEDEF(.AREA.,$,#2457);
#2459=IFCCARTESIANPOINT((-0.025000002235174179,0.05000000074505806,0.));
#2460=IFCDIRECTION((0.,-1.,0.));
#2461=IFCDIRECTION((1.,0.,0.));
#2462=IFCAXIS2PLACEMENT3D(#2459,#2460,#2461);
#2463=IFCDIRECTION((0.,0.,-1.));
#2464=IFCEXTRUDEDAREASOLID(#2458,#2462,#2463,0.004999999888241291);
#2465=IFCCARTESIANPOINTLIST2D(((0.,0.),(0.84999997541308403,0.),(0.84999997541308403,0.035000000149011612),(0.,0.035000000149011612)));
#2466=IFCINDEXEDPOLYCURVE(#2465,(IFCLINEINDEX((1,2,3,4,1))),$);
#2467=IFCARBITRARYCLOSEDPROFILEDEF(.AREA.,$,#2466);
#2468=IFCCARTESIANPOINT((0.02500000037252903,0.02500000037252903,0.02500000037252903));
#2469=IFCDIRECTION((0.,0.,1.));
#2470=IFCDIRECTION((1.,0.,0.));
#2471=IFCAXIS2PLACEMENT3D(#2468,#2469,#2470);
#2472=IFCDIRECTION((0.,0.,1.));
#2473=IFCEXTRUDEDAREASOLID(#2467,#2471,#2472,2.358238410204649);
#2474=IFCCARTESIANPOINTLIST2D(((0.,0.),(0.,-0.040000000000000001),(-0.11999999999999988,-0.040000000000000001),(-0.11999999999999988,-0.02),(-0.020000000000000018,-0.02),(-0.020000000000000018,0.)));
#2475=IFCINDEXEDPOLYCURVE(#2474,(IFCLINEINDEX((1,2,3,4,5,6,1))),$);
#2476=IFCARBITRARYCLOSEDPROFILEDEF(.AREA.,$,#2475);
#2477=IFCCARTESIANPOINT((0.82499997578561302,0.02500000037252903,1.015000000372529));
#2478=IFCDIRECTION((0.,0.,1.));
#2479=IFCDIRECTION((1.,0.,0.));
#2480=IFCAXIS2PLACEMENT3D(#2477,#2478,#2479);
#2481=IFCDIRECTION((0.,0.,1.));
#2482=IFCEXTRUDEDAREASOLID(#2476,#2480,#2481,0.02);
#2483=IFCEXTRUDEDAREASOLID(#2484,#2487,#2491,0.02);
#2484=IFCARBITRARYCLOSEDPROFILEDEF(.AREA.,$,#2485);
#2485=IFCINDEXEDPOLYCURVE(#2486,(IFCLINEINDEX((1,2,3,4,5,6,1))),$);
#2486=IFCCARTESIANPOINTLIST2D(((0.,0.),(0.,0.040000000000000008),(-0.11999999999999988,0.040000000000000008),(-0.11999999999999988,0.020000000000000004),(-0.020000000000000018,0.020000000000000004),(-0.020000000000000018,0.)));
#2487=IFCAXIS2PLACEMENT3D(#2488,#2489,#2490);
#2488=IFCCARTESIANPOINT((0.82499997578561302,0.060000000521540642,1.015000000372529));
#2489=IFCDIRECTION((0.,0.,1.));
#2490=IFCDIRECTION((1.,0.,0.));
#2491=IFCDIRECTION((0.,0.,1.));
#2535=IFCCARTESIANPOINTLIST2D(((0.,0.),(0.,2.408238410949707),(0.89999997615814209,2.408238410949707),(0.89999997615814209,0.),(0.87499997578561306,0.),(0.87499997578561306,2.383238410577178),(0.02500000037252903,2.383238410577178),(0.02500000037252903,0.)));
#2536=IFCINDEXEDPOLYCURVE(#2535,(IFCLINEINDEX((1,2,3,4,5,6,7,8,1))),$);
#2537=IFCARBITRARYCLOSEDPROFILEDEF(.AREA.,$,#2536);
#2538=IFCCARTESIANPOINT((0.,0.02500000037252903,0.));
#2539=IFCDIRECTION((0.,-1.,0.));
#2540=IFCDIRECTION((1.,0.,0.));
#2541=IFCAXIS2PLACEMENT3D(#2538,#2539,#2540);
#2542=IFCDIRECTION((0.,0.,-1.));
#2543=IFCEXTRUDEDAREASOLID(#2537,#2541,#2542,0.02500000037252903);
#2544=IFCCARTESIANPOINTLIST2D(((0.,0.),(0.,2.408238410949707),(0.89999997615814209,2.408238410949707),(0.89999997615814209,0.),(0.84999997541308403,0.),(0.84999997541308403,2.358238410204649),(0.05000000074505806,2.358238410204649),(0.05000000074505806,0.)));
#2545=IFCINDEXEDPOLYCURVE(#2544,(IFCLINEINDEX((1,2,3,4,5,6,7,8,1))),$);
#2546=IFCARBITRARYCLOSEDPROFILEDEF(.AREA.,$,#2545);
#2547=IFCCARTESIANPOINT((0.,0.,0.));
#2548=IFCDIRECTION((0.,-1.,0.));
#2549=IFCDIRECTION((1.,0.,0.));
#2550=IFCAXIS2PLACEMENT3D(#2547,#2548,#2549);
#2551=IFCDIRECTION((0.,0.,-1.));
#2552=IFCEXTRUDEDAREASOLID(#2546,#2550,#2551,0.02500000037252903);
#2553=IFCCARTESIANPOINTLIST2D(((0.,0.),(0.79999997466802597,0.),(0.79999997466802597,0.10000000149011612),(0.,0.10000000149011612)));
#2554=IFCINDEXEDPOLYCURVE(#2553,(IFCLINEINDEX((1,2,3,4,1))),$);
#2555=IFCARBITRARYCLOSEDPROFILEDEF(.AREA.,$,#2554);
#2556=IFCCARTESIANPOINT((0.05000000074505806,0.,0.));
#2557=IFCDIRECTION((0.,0.,1.));
#2558=IFCDIRECTION((1.,0.,0.));
#2559=IFCAXIS2PLACEMENT3D(#2556,#2557,#2558);
#2560=IFCDIRECTION((0.,0.,1.));
#2561=IFCEXTRUDEDAREASOLID(#2555,#2559,#2560,0.02500000037252903);
#2562=IFCCARTESIANPOINTLIST2D(((0.,0.),(0.,2.4332384131848812),(0.94999998062849045,2.4332384131848812),(0.94999998062849045,0.),(0.87499997764825821,0.),(0.87499997764825821,2.358238410204649),(0.075000002980232239,2.358238410204649),(0.075000002980232239,0.)));
#2563=IFCINDEXEDPOLYCURVE(#2562,(IFCLINEINDEX((1,2,3,4,5,6,7,8,1))),$);
#2564=IFCARBITRARYCLOSEDPROFILEDEF(.AREA.,$,#2563);
#2565=IFCCARTESIANPOINT((-0.025000002235174179,-0.004999999888241291,0.));
#2566=IFCDIRECTION((0.,-1.,0.));
#2567=IFCDIRECTION((1.,0.,0.));
#2568=IFCAXIS2PLACEMENT3D(#2565,#2566,#2567);
#2569=IFCDIRECTION((0.,0.,-1.));
#2570=IFCEXTRUDEDAREASOLID(#2564,#2568,#2569,0.004999999888241291);
#2571=IFCCARTESIANPOINTLIST2D(((0.,0.),(0.,2.4332384131848812),(0.94999998062849045,2.4332384131848812),(0.94999998062849045,0.),(0.89999997802078724,0.),(0.89999997802078724,2.383238410577178),(0.050000002607703209,2.383238410577178),(0.050000002607703209,0.)));
#2572=IFCINDEXEDPOLYCURVE(#2571,(IFCLINEINDEX((1,2,3,4,5,6,7,8,1))),$);
#2573=IFCARBITRARYCLOSEDPROFILEDEF(.AREA.,$,#2572);
#2574=IFCCARTESIANPOINT((-0.025000002235174179,0.05000000074505806,0.));
#2575=IFCDIRECTION((0.,-1.,0.));
#2576=IFCDIRECTION((1.,0.,0.));
#2577=IFCAXIS2PLACEMENT3D(#2574,#2575,#2576);
#2578=IFCDIRECTION((0.,0.,-1.));
#2579=IFCEXTRUDEDAREASOLID(#2573,#2577,#2578,0.004999999888241291);
#2580=IFCCARTESIANPOINTLIST2D(((0.,0.),(0.84999997541308403,0.),(0.84999997541308403,0.035000000149011612),(0.,0.035000000149011612)));
#2581=IFCINDEXEDPOLYCURVE(#2580,(IFCLINEINDEX((1,2,3,4,1))),$);
#2582=IFCARBITRARYCLOSEDPROFILEDEF(.AREA.,$,#2581);
#2583=IFCCARTESIANPOINT((0.02500000037252903,0.02500000037252903,0.02500000037252903));
#2584=IFCDIRECTION((0.,0.,1.));
#2585=IFCDIRECTION((1.,0.,0.));
#2586=IFCAXIS2PLACEMENT3D(#2583,#2584,#2585);
#2587=IFCDIRECTION((0.,0.,1.));
#2588=IFCEXTRUDEDAREASOLID(#2582,#2586,#2587,2.358238410204649);
#2589=IFCCARTESIANPOINTLIST2D(((0.,0.),(0.,-0.040000000000000001),(0.12,-0.040000000000000001),(0.12,-0.02),(0.02,-0.02),(0.02,0.)));
#2590=IFCINDEXEDPOLYCURVE(#2589,(IFCLINEINDEX((1,2,3,4,5,6,1))),$);
#2591=IFCARBITRARYCLOSEDPROFILEDEF(.AREA.,$,#2590);
#2592=IFCCARTESIANPOINT((0.075000000372529033,0.02500000037252903,1.015000000372529));
#2593=IFCDIRECTION((0.,0.,1.));
#2594=IFCDIRECTION((1.,0.,0.));
#2595=IFCAXIS2PLACEMENT3D(#2592,#2593,#2594);
#2596=IFCDIRECTION((0.,0.,1.));
#2597=IFCEXTRUDEDAREASOLID(#2591,#2595,#2596,0.02);
#2598=IFCEXTRUDEDAREASOLID(#2599,#2602,#2606,0.02);
#2599=IFCARBITRARYCLOSEDPROFILEDEF(.AREA.,$,#2600);
#2600=IFCINDEXEDPOLYCURVE(#2601,(IFCLINEINDEX((1,2,3,4,5,6,1))),$);
#2601=IFCCARTESIANPOINTLIST2D(((0.,0.),(0.,0.040000000000000008),(0.11999999999999998,0.040000000000000008),(0.11999999999999998,0.020000000000000004),(0.020000000000000004,0.020000000000000004),(0.020000000000000004,0.)));
#2602=IFCAXIS2PLACEMENT3D(#2603,#2604,#2605);
#2603=IFCCARTESIANPOINT((0.075000000372529033,0.060000000521540642,1.015000000372529));
#2604=IFCDIRECTION((0.,0.,1.));
#2605=IFCDIRECTION((1.,0.,0.));
#2606=IFCDIRECTION((0.,0.,1.));
#2680=IFCCARTESIANPOINTLIST2D(((0.,0.),(0.,2.408238410949707),(0.89999997615814209,2.408238410949707),(0.89999997615814209,0.),(0.87499997578561306,0.),(0.87499997578561306,2.383238410577178),(0.02500000037252903,2.383238410577178),(0.02500000037252903,0.)));
#2681=IFCINDEXEDPOLYCURVE(#2680,(IFCLINEINDEX((1,2,3,4,5,6,7,8,1))),$);
#2682=IFCARBITRARYCLOSEDPROFILEDEF(.AREA.,$,#2681);
#2683=IFCCARTESIANPOINT((0.,0.02500000037252903,0.));
#2684=IFCDIRECTION((0.,-1.,0.));
#2685=IFCDIRECTION((1.,0.,0.));
#2686=IFCAXIS2PLACEMENT3D(#2683,#2684,#2685);
#2687=IFCDIRECTION((0.,0.,-1.));
#2688=IFCEXTRUDEDAREASOLID(#2682,#2686,#2687,0.02500000037252903);
#2689=IFCCARTESIANPOINTLIST2D(((0.,0.),(0.,2.408238410949707),(0.89999997615814209,2.408238410949707),(0.89999997615814209,0.),(0.84999997541308403,0.),(0.84999997541308403,2.358238410204649),(0.05000000074505806,2.358238410204649),(0.05000000074505806,0.)));
#2690=IFCINDEXEDPOLYCURVE(#2689,(IFCLINEINDEX((1,2,3,4,5,6,7,8,1))),$);
#2691=IFCARBITRARYCLOSEDPROFILEDEF(.AREA.,$,#2690);
#2692=IFCCARTESIANPOINT((0.,0.,0.));
#2693=IFCDIRECTION((0.,-1.,0.));
#2694=IFCDIRECTION((1.,0.,0.));
#2695=IFCAXIS2PLACEMENT3D(#2692,#2693,#2694);
#2696=IFCDIRECTION((0.,0.,-1.));
#2697=IFCEXTRUDEDAREASOLID(#2691,#2695,#2696,0.02500000037252903);
#2698=IFCCARTESIANPOINTLIST2D(((0.,0.),(0.79999997466802597,0.),(0.79999997466802597,0.10000000149011612),(0.,0.10000000149011612)));
#2699=IFCINDEXEDPOLYCURVE(#2698,(IFCLINEINDEX((1,2,3,4,1))),$);
#2700=IFCARBITRARYCLOSEDPROFILEDEF(.AREA.,$,#2699);
#2701=IFCCARTESIANPOINT((0.05000000074505806,0.,0.));
#2702=IFCDIRECTION((0.,0.,1.));
#2703=IFCDIRECTION((1.,0.,0.));
#2704=IFCAXIS2PLACEMENT3D(#2701,#2702,#2703);
#2705=IFCDIRECTION((0.,0.,1.));
#2706=IFCEXTRUDEDAREASOLID(#2700,#2704,#2705,0.02500000037252903);
#2707=IFCCARTESIANPOINTLIST2D(((0.,0.),(0.,2.4332384131848812),(0.94999998062849045,2.4332384131848812),(0.94999998062849045,0.),(0.87499997764825821,0.),(0.87499997764825821,2.358238410204649),(0.075000002980232239,2.358238410204649),(0.075000002980232239,0.)));
#2708=IFCINDEXEDPOLYCURVE(#2707,(IFCLINEINDEX((1,2,3,4,5,6,7,8,1))),$);
#2709=IFCARBITRARYCLOSEDPROFILEDEF(.AREA.,$,#2708);
#2710=IFCCARTESIANPOINT((-0.025000002235174179,-0.004999999888241291,0.));
#2711=IFCDIRECTION((0.,-1.,0.));
#2712=IFCDIRECTION((1.,0.,0.));
#2713=IFCAXIS2PLACEMENT3D(#2710,#2711,#2712);
#2714=IFCDIRECTION((0.,0.,-1.));
#2715=IFCEXTRUDEDAREASOLID(#2709,#2713,#2714,0.004999999888241291);
#2716=IFCCARTESIANPOINTLIST2D(((0.,0.),(0.,2.4332384131848812),(0.94999998062849045,2.4332384131848812),(0.94999998062849045,0.),(0.89999997802078724,0.),(0.89999997802078724,2.383238410577178),(0.050000002607703209,2.383238410577178),(0.050000002607703209,0.)));
#2717=IFCINDEXEDPOLYCURVE(#2716,(IFCLINEINDEX((1,2,3,4,5,6,7,8,1))),$);
#2718=IFCARBITRARYCLOSEDPROFILEDEF(.AREA.,$,#2717);
#2719=IFCCARTESIANPOINT((-0.025000002235174179,0.05000000074505806,0.));
#2720=IFCDIRECTION((0.,-1.,0.));
#2721=IFCDIRECTION((1.,0.,0.));
#2722=IFCAXIS2PLACEMENT3D(#2719,#2720,#2721);
#2723=IFCDIRECTION((0.,0.,-1.));
#2724=IFCEXTRUDEDAREASOLID(#2718,#2722,#2723,0.004999999888241291);
#2725=IFCCARTESIANPOINTLIST2D(((0.,0.),(0.84999997541308403,0.),(0.84999997541308403,0.035000000149011612),(0.,0.035000000149011612)));
#2726=IFCINDEXEDPOLYCURVE(#2725,(IFCLINEINDEX((1,2,3,4,1))),$);
#2727=IFCARBITRARYCLOSEDPROFILEDEF(.AREA.,$,#2726);
#2728=IFCCARTESIANPOINT((0.02500000037252903,0.02500000037252903,0.02500000037252903));
#2729=IFCDIRECTION((0.,0.,1.));
#2730=IFCDIRECTION((1.,0.,0.));
#2731=IFCAXIS2PLACEMENT3D(#2728,#2729,#2730);
#2732=IFCDIRECTION((0.,0.,1.));
#2733=IFCEXTRUDEDAREASOLID(#2727,#2731,#2732,2.358238410204649);
#2734=IFCCARTESIANPOINTLIST2D(((0.,0.),(0.,-0.040000000000000001),(-0.11999999999999988,-0.040000000000000001),(-0.11999999999999988,-0.02),(-0.020000000000000018,-0.02),(-0.020000000000000018,0.)));
#2735=IFCINDEXEDPOLYCURVE(#2734,(IFCLINEINDEX((1,2,3,4,5,6,1))),$);
#2736=IFCARBITRARYCLOSEDPROFILEDEF(.AREA.,$,#2735);
#2737=IFCCARTESIANPOINT((0.82499997578561302,0.02500000037252903,1.015000000372529));
#2738=IFCDIRECTION((0.,0.,1.));
#2739=IFCDIRECTION((1.,0.,0.));
#2740=IFCAXIS2PLACEMENT3D(#2737,#2738,#2739);
#2741=IFCDIRECTION((0.,0.,1.));
#2742=IFCEXTRUDEDAREASOLID(#2736,#2740,#2741,0.02);
#2743=IFCEXTRUDEDAREASOLID(#2744,#2747,#2751,0.02);
#2744=IFCARBITRARYCLOSEDPROFILEDEF(.AREA.,$,#2745);
#2745=IFCINDEXEDPOLYCURVE(#2746,(IFCLINEINDEX((1,2,3,4,5,6,1))),$);
#2746=IFCCARTESIANPOINTLIST2D(((0.,0.),(0.,0.040000000000000008),(-0.11999999999999988,0.040000000000000008),(-0.11999999999999988,0.020000000000000004),(-0.020000000000000018,0.020000000000000004),(-0.020000000000000018,0.)));
#2747=IFCAXIS2PLACEMENT3D(#2748,#2749,#2750);
#2748=IFCCARTESIANPOINT((0.82499997578561302,0.060000000521540642,1.015000000372529));
#2749=IFCDIRECTION((0.,0.,1.));
#2750=IFCDIRECTION((1.,0.,0.));
#2751=IFCDIRECTION((0.,0.,1.));
#2795=IFCCARTESIANPOINTLIST2D(((0.,0.),(0.,2.408238410949707),(0.89999997615814209,2.408238410949707),(0.89999997615814209,0.),(0.87499997578561306,0.),(0.87499997578561306,2.383238410577178),(0.02500000037252903,2.383238410577178),(0.02500000037252903,0.)));
#2796=IFCINDEXEDPOLYCURVE(#2795,(IFCLINEINDEX((1,2,3,4,5,6,7,8,1))),$);
#2797=IFCARBITRARYCLOSEDPROFILEDEF(.AREA.,$,#2796);
#2798=IFCCARTESIANPOINT((0.,0.02500000037252903,0.));
#2799=IFCDIRECTION((0.,-1.,0.));
#2800=IFCDIRECTION((1.,0.,0.));
#2801=IFCAXIS2PLACEMENT3D(#2798,#2799,#2800);
#2802=IFCDIRECTION((0.,0.,-1.));
#2803=IFCEXTRUDEDAREASOLID(#2797,#2801,#2802,0.02500000037252903);
#2804=IFCCARTESIANPOINTLIST2D(((0.,0.),(0.,2.408238410949707),(0.89999997615814209,2.408238410949707),(0.89999997615814209,0.),(0.84999997541308403,0.),(0.84999997541308403,2.358238410204649),(0.05000000074505806,2.358238410204649),(0.05000000074505806,0.)));
#2805=IFCINDEXEDPOLYCURVE(#2804,(IFCLINEINDEX((1,2,3,4,5,6,7,8,1))),$);
#2806=IFCARBITRARYCLOSEDPROFILEDEF(.AREA.,$,#2805);
#2807=IFCCARTESIANPOINT((0.,0.,0.));
#2808=IFCDIRECTION((0.,-1.,0.));
#2809=IFCDIRECTION((1.,0.,0.));
#2810=IFCAXIS2PLACEMENT3D(#2807,#2808,#2809);
#2811=IFCDIRECTION((0.,0.,-1.));
#2812=IFCEXTRUDEDAREASOLID(#2806,#2810,#2811,0.02500000037252903);
#2813=IFCCARTESIANPOINTLIST2D(((0.,0.),(0.79999997466802597,0.),(0.79999997466802597,0.10000000149011612),(0.,0.10000000149011612)));
#2814=IFCINDEXEDPOLYCURVE(#2813,(IFCLINEINDEX((1,2,3,4,1))),$);
#2815=IFCARBITRARYCLOSEDPROFILEDEF(.AREA.,$,#2814);
#2816=IFCCARTESIANPOINT((0.05000000074505806,0.,0.));
#2817=IFCDIRECTION((0.,0.,1.));
#2818=IFCDIRECTION((1.,0.,0.));
#2819=IFCAXIS2PLACEMENT3D(#2816,#2817,#2818);
#2820=IFCDIRECTION((0.,0.,1.));
#2821=IFCEXTRUDEDAREASOLID(#2815,#2819,#2820,0.02500000037252903);
#2822=IFCCARTESIANPOINTLIST2D(((0.,0.),(0.,2.4332384131848812),(0.94999998062849045,2.4332384131848812),(0.94999998062849045,0.),(0.87499997764825821,0.),(0.87499997764825821,2.358238410204649),(0.075000002980232239,2.358238410204649),(0.075000002980232239,0.)));
#2823=IFCINDEXEDPOLYCURVE(#2822,(IFCLINEINDEX((1,2,3,4,5,6,7,8,1))),$);
#2824=IFCARBITRARYCLOSEDPROFILEDEF(.AREA.,$,#2823);
#2825=IFCCARTESIANPOINT((-0.025000002235174179,-0.004999999888241291,0.));
#2826=IFCDIRECTION((0.,-1.,0.));
#2827=IFCDIRECTION((1.,0.,0.));
#2828=IFCAXIS2PLACEMENT3D(#2825,#2826,#2827);
#2829=IFCDIRECTION((0.,0.,-1.));
#2830=IFCEXTRUDEDAREASOLID(#2824,#2828,#2829,0.004999999888241291);
#2831=IFCCARTESIANPOINTLIST2D(((0.,0.),(0.,2.4332384131848812),(0.94999998062849045,2.4332384131848812),(0.94999998062849045,0.),(0.89999997802078724,0.),(0.89999997802078724,2.383238410577178),(0.050000002607703209,2.383238410577178),(0.050000002607703209,0.)));
#2832=IFCINDEXEDPOLYCURVE(#2831,(IFCLINEINDEX((1,2,3,4,5,6,7,8,1))),$);
#2833=IFCARBITRARYCLOSEDPROFILEDEF(.AREA.,$,#2832);
#2834=IFCCARTESIANPOINT((-0.025000002235174179,0.05000000074505806,0.));
#2835=IFCDIRECTION((0.,-1.,0.));
#2836=IFCDIRECTION((1.,0.,0.));
#2837=IFCAXIS2PLACEMENT3D(#2834,#2835,#2836);
#2838=IFCDIRECTION((0.,0.,-1.));
#2839=IFCEXTRUDEDAREASOLID(#2833,#2837,#2838,0.004999999888241291);
#2840=IFCCARTESIANPOINTLIST2D(((0.,0.),(0.84999997541308403,0.),(0.84999997541308403,0.035000000149011612),(0.,0.035000000149011612)));
#2841=IFCINDEXEDPOLYCURVE(#2840,(IFCLINEINDEX((1,2,3,4,1))),$);
#2842=IFCARBITRARYCLOSEDPROFILEDEF(.AREA.,$,#2841);
#2843=IFCCARTESIANPOINT((0.02500000037252903,0.02500000037252903,0.02500000037252903));
#2844=IFCDIRECTION((0.,0.,1.));
#2845=IFCDIRECTION((1.,0.,0.));
#2846=IFCAXIS2PLACEMENT3D(#2843,#2844,#2845);
#2847=IFCDIRECTION((0.,0.,1.));
#2848=IFCEXTRUDEDAREASOLID(#2842,#2846,#2847,2.358238410204649);
#2849=IFCCARTESIANPOINTLIST2D(((0.,0.),(0.,-0.040000000000000001),(0.12,-0.040000000000000001),(0.12,-0.02),(0.02,-0.02),(0.02,0.)));
#2850=IFCINDEXEDPOLYCURVE(#2849,(IFCLINEINDEX((1,2,3,4,5,6,1))),$);
#2851=IFCARBITRARYCLOSEDPROFILEDEF(.AREA.,$,#2850);
#2852=IFCCARTESIANPOINT((0.075000000372529033,0.02500000037252903,1.015000000372529));
#2853=IFCDIRECTION((0.,0.,1.));
#2854=IFCDIRECTION((1.,0.,0.));
#2855=IFCAXIS2PLACEMENT3D(#2852,#2853,#2854);
#2856=IFCDIRECTION((0.,0.,1.));
#2857=IFCEXTRUDEDAREASOLID(#2851,#2855,#2856,0.02);
#2858=IFCEXTRUDEDAREASOLID(#2859,#2862,#2866,0.02);
#2859=IFCARBITRARYCLOSEDPROFILEDEF(.AREA.,$,#2860);
#2860=IFCINDEXEDPOLYCURVE(#2861,(IFCLINEINDEX((1,2,3,4,5,6,1))),$);
#2861=IFCCARTESIANPOINTLIST2D(((0.,0.),(0.,0.040000000000000008),(0.11999999999999998,0.040000000000000008),(0.11999999999999998,0.020000000000000004),(0.020000000000000004,0.020000000000000004),(0.020000000000000004,0.)));
#2862=IFCAXIS2PLACEMENT3D(#2863,#2864,#2865);
#2863=IFCCARTESIANPOINT((0.075000000372529033,0.060000000521540642,1.015000000372529));
#2864=IFCDIRECTION((0.,0.,1.));
#2865=IFCDIRECTION((1.,0.,0.));
#2866=IFCDIRECTION((0.,0.,1.));
#2910=IFCCARTESIANPOINTLIST2D(((0.,0.),(0.,2.408238410949707),(0.89999997615814209,2.408238410949707),(0.89999997615814209,0.),(0.87499997578561306,0.),(0.87499997578561306,2.383238410577178),(0.02500000037252903,2.383238410577178),(0.02500000037252903,0.)));
#2911=IFCINDEXEDPOLYCURVE(#2910,(IFCLINEINDEX((1,2,3,4,5,6,7,8,1))),$);
#2912=IFCARBITRARYCLOSEDPROFILEDEF(.AREA.,$,#2911);
#2913=IFCCARTESIANPOINT((0.,0.02500000037252903,0.));
#2914=IFCDIRECTION((0.,-1.,0.));
#2915=IFCDIRECTION((1.,0.,0.));
#2916=IFCAXIS2PLACEMENT3D(#2913,#2914,#2915);
#2917=IFCDIRECTION((0.,0.,-1.));
#2918=IFCEXTRUDEDAREASOLID(#2912,#2916,#2917,0.02500000037252903);
#2919=IFCCARTESIANPOINTLIST2D(((0.,0.),(0.,2.408238410949707),(0.89999997615814209,2.408238410949707),(0.89999997615814209,0.),(0.84999997541308403,0.),(0.84999997541308403,2.358238410204649),(0.05000000074505806,2.358238410204649),(0.05000000074505806,0.)));
#2920=IFCINDEXEDPOLYCURVE(#2919,(IFCLINEINDEX((1,2,3,4,5,6,7,8,1))),$);
#2921=IFCARBITRARYCLOSEDPROFILEDEF(.AREA.,$,#2920);
#2922=IFCCARTESIANPOINT((0.,0.,0.));
#2923=IFCDIRECTION((0.,-1.,0.));
#2924=IFCDIRECTION((1.,0.,0.));
#2925=IFCAXIS2PLACEMENT3D(#2922,#2923,#2924);
#2926=IFCDIRECTION((0.,0.,-1.));
#2927=IFCEXTRUDEDAREASOLID(#2921,#2925,#2926,0.02500000037252903);
#2928=IFCCARTESIANPOINTLIST2D(((0.,0.),(0.79999997466802597,0.),(0.79999997466802597,0.10000000149011612),(0.,0.10000000149011612)));
#2929=IFCINDEXEDPOLYCURVE(#2928,(IFCLINEINDEX((1,2,3,4,1))),$);
#2930=IFCARBITRARYCLOSEDPROFILEDEF(.AREA.,$,#2929);
#2931=IFCCARTESIANPOINT((0.05000000074505806,0.,0.));
#2932=IFCDIRECTION((0.,0.,1.));
#2933=IFCDIRECTION((1.,0.,0.));
#2934=IFCAXIS2PLACEMENT3D(#2931,#2932,#2933);
#2935=IFCDIRECTION((0.,0.,1.));
#2936=IFCEXTRUDEDAREASOLID(#2930,#2934,#2935,0.02500000037252903);
#2937=IFCCARTESIANPOINTLIST2D(((0.,0.),(0.,2.4332384131848812),(0.94999998062849045,2.4332384131848812),(0.94999998062849045,0.),(0.87499997764825821,0.),(0.87499997764825821,2.358238410204649),(0.075000002980232239,2.358238410204649),(0.075000002980232239,0.)));
#2938=IFCINDEXEDPOLYCURVE(#2937,(IFCLINEINDEX((1,2,3,4,5,6,7,8,1))),$);
#2939=IFCARBITRARYCLOSEDPROFILEDEF(.AREA.,$,#2938);
#2940=IFCCARTESIANPOINT((-0.025000002235174179,-0.004999999888241291,0.));
#2941=IFCDIRECTION((0.,-1.,0.));
#2942=IFCDIRECTION((1.,0.,0.));
#2943=IFCAXIS2PLACEMENT3D(#2940,#2941,#2942);
#2944=IFCDIRECTION((0.,0.,-1.));
#2945=IFCEXTRUDEDAREASOLID(#2939,#2943,#2944,0.004999999888241291);
#2946=IFCCARTESIANPOINTLIST2D(((0.,0.),(0.,2.4332384131848812),(0.94999998062849045,2.4332384131848812),(0.94999998062849045,0.),(0.89999997802078724,0.),(0.89999997802078724,2.383238410577178),(0.050000002607703209,2.383238410577178),(0.050000002607703209,0.)));
#2947=IFCINDEXEDPOLYCURVE(#2946,(IFCLINEINDEX((1,2,3,4,5,6,7,8,1))),$);
#2948=IFCARBITRARYCLOSEDPROFILEDEF(.AREA.,$,#2947);
#2949=IFCCARTESIANPOINT((-0.025000002235174179,0.05000000074505806,0.));
#2950=IFCDIRECTION((0.,-1.,0.));
#2951=IFCDIRECTION((1.,0.,0.));
#2952=IFCAXIS2PLACEMENT3D(#2949,#2950,#2951);
#2953=IFCDIRECTION((0.,0.,-1.));
#2954=IFCEXTRUDEDAREASOLID(#2948,#2952,#2953,0.004999999888241291);
#2955=IFCCARTESIANPOINTLIST2D(((0.,0.),(0.84999997541308403,0.),(0.84999997541308403,0.035000000149011612),(0.,0.035000000149011612)));
#2956=IFCINDEXEDPOLYCURVE(#2955,(IFCLINEINDEX((1,2,3,4,1))),$);
#2957=IFCARBITRARYCLOSEDPROFILEDEF(.AREA.,$,#2956);
#2958=IFCCARTESIANPOINT((0.02500000037252903,0.02500000037252903,0.02500000037252903));
#2959=IFCDIRECTION((0.,0.,1.));
#2960=IFCDIRECTION((1.,0.,0.));
#2961=IFCAXIS2PLACEMENT3D(#2958,#2959,#2960);
#2962=IFCDIRECTION((0.,0.,1.));
#2963=IFCEXTRUDEDAREASOLID(#2957,#2961,#2962,2.358238410204649);
#2964=IFCCARTESIANPOINTLIST2D(((0.,0.),(0.,-0.040000000000000001),(-0.11999999999999988,-0.040000000000000001),(-0.11999999999999988,-0.02),(-0.020000000000000018,-0.02),(-0.020000000000000018,0.)));
#2965=IFCINDEXEDPOLYCURVE(#2964,(IFCLINEINDEX((1,2,3,4,5,6,1))),$);
#2966=IFCARBITRARYCLOSEDPROFILEDEF(.AREA.,$,#2965);
#2967=IFCCARTESIANPOINT((0.82499997578561302,0.02500000037252903,1.015000000372529));
#2968=IFCDIRECTION((0.,0.,1.));
#2969=IFCDIRECTION((1.,0.,0.));
#2970=IFCAXIS2PLACEMENT3D(#2967,#2968,#2969);
#2971=IFCDIRECTION((0.,0.,1.));
#2972=IFCEXTRUDEDAREASOLID(#2966,#2970,#2971,0.02);
#2973=IFCEXTRUDEDAREASOLID(#2974,#2977,#2981,0.02);
#2974=IFCARBITRARYCLOSEDPROFILEDEF(.AREA.,$,#2975);
#2975=IFCINDEXEDPOLYCURVE(#2976,(IFCLINEINDEX((1,2,3,4,5,6,1))),$);
#2976=IFCCARTESIANPOINTLIST2D(((0.,0.),(0.,0.040000000000000008),(-0.11999999999999988,0.040000000000000008),(-0.11999999999999988,0.020000000000000004),(-0.020000000000000018,0.020000000000000004),(-0.020000000000000018,0.)));
#2977=IFCAXIS2PLACEMENT3D(#2978,#2979,#2980);
#2978=IFCCARTESIANPOINT((0.82499997578561302,0.060000000521540642,1.015000000372529));
#2979=IFCDIRECTION((0.,0.,1.));
#2980=IFCDIRECTION((1.,0.,0.));
#2981=IFCDIRECTION((0.,0.,1.));
#3022=IFCCARTESIANPOINTLIST3D(((0.,0.,0.),(0.89999997615814209,0.,0.),(0.89999997615814209,0.,2.408238410949707),(0.,0.,2.408238410949707)));
#3023=IFCINDEXEDPOLYCURVE(#3022,(IFCLINEINDEX((1,2,3,4,1))),$);
#3024=IFCSHAPEREPRESENTATION(#18,'Profile','Curve3D',(#3023));
#3025=IFCCARTESIANPOINTLIST2D(((0.,0.),(0.,2.408238410949707),(0.89999997615814209,2.408238410949707),(0.89999997615814209,0.),(0.87499997578561306,0.),(0.87499997578561306,2.383238410577178),(0.02500000037252903,2.383238410577178),(0.02500000037252903,0.)));
#3026=IFCINDEXEDPOLYCURVE(#3025,(IFCLINEINDEX((1,2,3,4,5,6,7,8,1))),$);
#3027=IFCARBITRARYCLOSEDPROFILEDEF(.AREA.,$,#3026);
#3028=IFCCARTESIANPOINT((0.,0.02500000037252903,0.));
#3029=IFCDIRECTION((0.,-1.,0.));
#3030=IFCDIRECTION((1.,0.,0.));
#3031=IFCAXIS2PLACEMENT3D(#3028,#3029,#3030);
#3032=IFCDIRECTION((0.,0.,-1.));
#3033=IFCEXTRUDEDAREASOLID(#3027,#3031,#3032,0.02500000037252903);
#3034=IFCCARTESIANPOINTLIST2D(((0.,0.),(0.,2.408238410949707),(0.89999997615814209,2.408238410949707),(0.89999997615814209,0.),(0.84999997541308403,0.),(0.84999997541308403,2.358238410204649),(0.05000000074505806,2.358238410204649),(0.05000000074505806,0.)));
#3035=IFCINDEXEDPOLYCURVE(#3034,(IFCLINEINDEX((1,2,3,4,5,6,7,8,1))),$);
#3036=IFCARBITRARYCLOSEDPROFILEDEF(.AREA.,$,#3035);
#3037=IFCCARTESIANPOINT((0.,0.,0.));
#3038=IFCDIRECTION((0.,-1.,0.));
#3039=IFCDIRECTION((1.,0.,0.));
#3040=IFCAXIS2PLACEMENT3D(#3037,#3038,#3039);
#3041=IFCDIRECTION((0.,0.,-1.));
#3042=IFCEXTRUDEDAREASOLID(#3036,#3040,#3041,0.02500000037252903);
#3043=IFCCARTESIANPOINTLIST2D(((0.,0.),(0.79999997466802597,0.),(0.79999997466802597,0.10000000149011612),(0.,0.10000000149011612)));
#3044=IFCINDEXEDPOLYCURVE(#3043,(IFCLINEINDEX((1,2,3,4,1))),$);
#3045=IFCARBITRARYCLOSEDPROFILEDEF(.AREA.,$,#3044);
#3046=IFCCARTESIANPOINT((0.05000000074505806,0.,0.));
#3047=IFCDIRECTION((0.,0.,1.));
#3048=IFCDIRECTION((1.,0.,0.));
#3049=IFCAXIS2PLACEMENT3D(#3046,#3047,#3048);
#3050=IFCDIRECTION((0.,0.,1.));
#3051=IFCEXTRUDEDAREASOLID(#3045,#3049,#3050,0.02500000037252903);
#3052=IFCCARTESIANPOINTLIST2D(((0.,0.),(0.,2.4332384131848812),(0.94999998062849045,2.4332384131848812),(0.94999998062849045,0.),(0.87499997764825821,0.),(0.87499997764825821,2.358238410204649),(0.075000002980232239,2.358238410204649),(0.075000002980232239,0.)));
#3053=IFCINDEXEDPOLYCURVE(#3052,(IFCLINEINDEX((1,2,3,4,5,6,7,8,1))),$);
#3054=IFCARBITRARYCLOSEDPROFILEDEF(.AREA.,$,#3053);
#3055=IFCCARTESIANPOINT((-0.025000002235174179,-0.004999999888241291,0.));
#3056=IFCDIRECTION((0.,-1.,0.));
#3057=IFCDIRECTION((1.,0.,0.));
#3058=IFCAXIS2PLACEMENT3D(#3055,#3056,#3057);
#3059=IFCDIRECTION((0.,0.,-1.));
#3060=IFCEXTRUDEDAREASOLID(#3054,#3058,#3059,0.004999999888241291);
#3061=IFCCARTESIANPOINTLIST2D(((0.,0.),(0.,2.4332384131848812),(0.94999998062849045,2.4332384131848812),(0.94999998062849045,0.),(0.89999997802078724,0.),(0.89999997802078724,2.383238410577178),(0.050000002607703209,2.383238410577178),(0.050000002607703209,0.)));
#3062=IFCINDEXEDPOLYCURVE(#3061,(IFCLINEINDEX((1,2,3,4,5,6,7,8,1))),$);
#3063=IFCARBITRARYCLOSEDPROFILEDEF(.AREA.,$,#3062);
#3064=IFCCARTESIANPOINT((-0.025000002235174179,0.05000000074505806,0.));
#3065=IFCDIRECTION((0.,-1.,0.));
#3066=IFCDIRECTION((1.,0.,0.));
#3067=IFCAXIS2PLACEMENT3D(#3064,#3065,#3066);
#3068=IFCDIRECTION((0.,0.,-1.));
#3069=IFCEXTRUDEDAREASOLID(#3063,#3067,#3068,0.004999999888241291);
#3070=IFCCARTESIANPOINTLIST2D(((0.,0.),(0.84999997541308403,0.),(0.84999997541308403,0.035000000149011612),(0.,0.035000000149011612)));
#3071=IFCINDEXEDPOLYCURVE(#3070,(IFCLINEINDEX((1,2,3,4,1))),$);
#3072=IFCARBITRARYCLOSEDPROFILEDEF(.AREA.,$,#3071);
#3073=IFCCARTESIANPOINT((0.02500000037252903,0.02500000037252903,0.02500000037252903));
#3074=IFCDIRECTION((0.,0.,1.));
#3075=IFCDIRECTION((1.,0.,0.));
#3076=IFCAXIS2PLACEMENT3D(#3073,#3074,#3075);
#3077=IFCDIRECTION((0.,0.,1.));
#3078=IFCEXTRUDEDAREASOLID(#3072,#3076,#3077,2.358238410204649);
#3079=IFCCARTESIANPOINTLIST2D(((0.,0.),(0.,-0.040000000000000001),(-0.11999999999999988,-0.040000000000000001),(-0.11999999999999988,-0.02),(-0.020000000000000018,-0.02),(-0.020000000000000018,0.)));
#3080=IFCINDEXEDPOLYCURVE(#3079,(IFCLINEINDEX((1,2,3,4,5,6,1))),$);
#3081=IFCARBITRARYCLOSEDPROFILEDEF(.AREA.,$,#3080);
#3082=IFCCARTESIANPOINT((0.82499997578561302,0.02500000037252903,1.015000000372529));
#3083=IFCDIRECTION((0.,0.,1.));
#3084=IFCDIRECTION((1.,0.,0.));
#3085=IFCAXIS2PLACEMENT3D(#3082,#3083,#3084);
#3086=IFCDIRECTION((0.,0.,1.));
#3087=IFCEXTRUDEDAREASOLID(#3081,#3085,#3086,0.02);
#3088=IFCEXTRUDEDAREASOLID(#3089,#3092,#3096,0.02);
#3089=IFCARBITRARYCLOSEDPROFILEDEF(.AREA.,$,#3090);
#3090=IFCINDEXEDPOLYCURVE(#3091,(IFCLINEINDEX((1,2,3,4,5,6,1))),$);
#3091=IFCCARTESIANPOINTLIST2D(((0.,0.),(0.,0.040000000000000008),(-0.11999999999999988,0.040000000000000008),(-0.11999999999999988,0.020000000000000004),(-0.020000000000000018,0.020000000000000004),(-0.020000000000000018,0.)));
#3092=IFCAXIS2PLACEMENT3D(#3093,#3094,#3095);
#3093=IFCCARTESIANPOINT((0.82499997578561302,0.060000000521540642,1.015000000372529));
#3094=IFCDIRECTION((0.,0.,1.));
#3095=IFCDIRECTION((1.,0.,0.));
#3096=IFCDIRECTION((0.,0.,1.));
#3097=IFCSHAPEREPRESENTATION(#11,'Body','SweptSolid',(#3033,#3042,#3078,#3087,#3088,#3051,#3060,#3069));
#3098=IFCCARTESIANPOINTLIST2D(((0.,0.),(0.,0.05000000074505806),(0.02500000037252903,0.05000000074505806),(0.02500000037252903,0.02500000037252903),(0.05000000074505806,0.02500000037252903),(0.05000000074505806,0.)));
#3099=IFCINDEXEDPOLYCURVE(#3098,(IFCLINEINDEX((1,2,3,4,5,6,1))),$);
#3100=IFCINDEXEDPOLYCURVE(#3101,(IFCLINEINDEX((1,2,3,4,5,6,1))),$);
#3101=IFCCARTESIANPOINTLIST2D(((0.89999997615814209,0.),(0.89999997615814209,0.05000000074505806),(0.87499997578561306,0.05000000074505806),(0.87499997578561306,0.02500000037252903),(0.84999997541308403,0.02500000037252903),(0.84999997541308403,0.)));
#3102=IFCDIRECTION((1.,0.));
#3103=IFCCARTESIANPOINT((0.060000000521540642,0.05000000074505806));
#3104=IFCAXIS2PLACEMENT2D(#3103,#3102);
#3105=IFCELLIPSE(#3104,0.81499997526407242,0.84999997541308403);
#3106=IFCCARTESIANPOINT((0.87499997578561306,0.05000000074505806));
#3107=IFCCARTESIANPOINT((0.060000000521540642,0.89999997615814209));
#3108=IFCTRIMMEDCURVE(#3105,(#3106),(#3107),.T.,.CARTESIAN.);
#3109=IFCCARTESIANPOINTLIST2D(((0.02500000037252903,0.05000000074505806),(0.060000000521540642,0.05000000074505806),(0.060000000521540642,0.89999997615814209),(0.02500000037252903,0.89999997615814209)));
#3110=IFCINDEXEDPOLYCURVE(#3109,(IFCLINEINDEX((1,2,3,4,1))),$);
#3111=IFCSHAPEREPRESENTATION(#24,'Body','Curve2D',(#3099,#3100,#3108,#3110));
#3112=IFCCARTESIANPOINTLIST2D(((0.,0.),(0.89999997615814209,0.),(0.89999997615814209,2.408238410949707),(0.,2.408238410949707)));
#3113=IFCINDEXEDPOLYCURVE(#3112,(IFCLINEINDEX((1,2,3,4,1))),$);
#3114=IFCARBITRARYCLOSEDPROFILEDEF(.AREA.,$,#3113);
#3115=IFCCARTESIANPOINT((0.,-0.60000002384185791,0.));
#3116=IFCDIRECTION((0.,-1.,0.));
#3117=IFCDIRECTION((1.,0.,0.));
#3118=IFCAXIS2PLACEMENT3D(#3115,#3116,#3117);
#3119=IFCDIRECTION((0.,0.,-1.));
#3120=IFCEXTRUDEDAREASOLID(#3114,#3118,#3119,1.2);
#3121=IFCSHAPEREPRESENTATION(#11,'Body','SweptSolid',(#3120));
#3127=IFCCARTESIANPOINT((0.35360997474457345,4.76837158203125E-07,0.));
#3128=IFCDIRECTION((0.,0.,1.));
#3129=IFCDIRECTION((0.99999999999997158,-2.3841857910155572E-07,0.));
#3130=IFCAXIS2PLACEMENT3D(#3127,#3128,#3129);
#3131=IFCLOCALPLACEMENT(#1106,#3130);
#3132=IFCCARTESIANPOINT((-2.2204460492503131E-16,0.,0.));
#3133=IFCDIRECTION((0.,0.,1.));
#3134=IFCDIRECTION((1.,0.,0.));
#3135=IFCAXIS2PLACEMENT3D(#3132,#3133,#3134);
#3136=IFCLOCALPLACEMENT(#3131,#3135);
#3140=IFCCARTESIANPOINTLIST2D(((0.,0.),(0.,2.408238410949707),(0.89999997615814209,2.408238410949707),(0.89999997615814209,0.),(0.87499997578561306,0.),(0.87499997578561306,2.383238410577178),(0.02500000037252903,2.383238410577178),(0.02500000037252903,0.)));
#3141=IFCINDEXEDPOLYCURVE(#3140,(IFCLINEINDEX((1,2,3,4,5,6,7,8,1))),$);
#3142=IFCARBITRARYCLOSEDPROFILEDEF(.AREA.,$,#3141);
#3143=IFCCARTESIANPOINT((0.,0.02500000037252903,0.));
#3144=IFCDIRECTION((0.,-1.,0.));
#3145=IFCDIRECTION((1.,0.,0.));
#3146=IFCAXIS2PLACEMENT3D(#3143,#3144,#3145);
#3147=IFCDIRECTION((0.,0.,-1.));
#3148=IFCEXTRUDEDAREASOLID(#3142,#3146,#3147,0.02500000037252903);
#3149=IFCCARTESIANPOINTLIST2D(((0.,0.),(0.,2.408238410949707),(0.89999997615814209,2.408238410949707),(0.89999997615814209,0.),(0.84999997541308403,0.),(0.84999997541308403,2.358238410204649),(0.05000000074505806,2.358238410204649),(0.05000000074505806,0.)));
#3150=IFCINDEXEDPOLYCURVE(#3149,(IFCLINEINDEX((1,2,3,4,5,6,7,8,1))),$);
#3151=IFCARBITRARYCLOSEDPROFILEDEF(.AREA.,$,#3150);
#3152=IFCCARTESIANPOINT((0.,0.,0.));
#3153=IFCDIRECTION((0.,-1.,0.));
#3154=IFCDIRECTION((1.,0.,0.));
#3155=IFCAXIS2PLACEMENT3D(#3152,#3153,#3154);
#3156=IFCDIRECTION((0.,0.,-1.));
#3157=IFCEXTRUDEDAREASOLID(#3151,#3155,#3156,0.02500000037252903);
#3158=IFCCARTESIANPOINTLIST2D(((0.,0.),(0.79999997466802597,0.),(0.79999997466802597,0.10000000149011612),(0.,0.10000000149011612)));
#3159=IFCINDEXEDPOLYCURVE(#3158,(IFCLINEINDEX((1,2,3,4,1))),$);
#3160=IFCARBITRARYCLOSEDPROFILEDEF(.AREA.,$,#3159);
#3161=IFCCARTESIANPOINT((0.05000000074505806,0.,0.));
#3162=IFCDIRECTION((0.,0.,1.));
#3163=IFCDIRECTION((1.,0.,0.));
#3164=IFCAXIS2PLACEMENT3D(#3161,#3162,#3163);
#3165=IFCDIRECTION((0.,0.,1.));
#3166=IFCEXTRUDEDAREASOLID(#3160,#3164,#3165,0.02500000037252903);
#3167=IFCCARTESIANPOINTLIST2D(((0.,0.),(0.,2.4332384131848812),(0.94999998062849045,2.4332384131848812),(0.94999998062849045,0.),(0.87499997764825821,0.),(0.87499997764825821,2.358238410204649),(0.075000002980232239,2.358238410204649),(0.075000002980232239,0.)));
#3168=IFCINDEXEDPOLYCURVE(#3167,(IFCLINEINDEX((1,2,3,4,5,6,7,8,1))),$);
#3169=IFCARBITRARYCLOSEDPROFILEDEF(.AREA.,$,#3168);
#3170=IFCCARTESIANPOINT((-0.025000002235174179,-0.004999999888241291,0.));
#3171=IFCDIRECTION((0.,-1.,0.));
#3172=IFCDIRECTION((1.,0.,0.));
#3173=IFCAXIS2PLACEMENT3D(#3170,#3171,#3172);
#3174=IFCDIRECTION((0.,0.,-1.));
#3175=IFCEXTRUDEDAREASOLID(#3169,#3173,#3174,0.004999999888241291);
#3176=IFCCARTESIANPOINTLIST2D(((0.,0.),(0.,2.4332384131848812),(0.94999998062849045,2.4332384131848812),(0.94999998062849045,0.),(0.89999997802078724,0.),(0.89999997802078724,2.383238410577178),(0.050000002607703209,2.383238410577178),(0.050000002607703209,0.)));
#3177=IFCINDEXEDPOLYCURVE(#3176,(IFCLINEINDEX((1,2,3,4,5,6,7,8,1))),$);
#3178=IFCARBITRARYCLOSEDPROFILEDEF(.AREA.,$,#3177);
#3179=IFCCARTESIANPOINT((-0.025000002235174179,0.05000000074505806,0.));
#3180=IFCDIRECTION((0.,-1.,0.));
#3181=IFCDIRECTION((1.,0.,0.));
#3182=IFCAXIS2PLACEMENT3D(#3179,#3180,#3181);
#3183=IFCDIRECTION((0.,0.,-1.));
#3184=IFCEXTRUDEDAREASOLID(#3178,#3182,#3183,0.004999999888241291);
#3185=IFCCARTESIANPOINTLIST2D(((0.,0.),(0.84999997541308403,0.),(0.84999997541308403,0.035000000149011612),(0.,0.035000000149011612)));
#3186=IFCINDEXEDPOLYCURVE(#3185,(IFCLINEINDEX((1,2,3,4,1))),$);
#3187=IFCARBITRARYCLOSEDPROFILEDEF(.AREA.,$,#3186);
#3188=IFCCARTESIANPOINT((0.02500000037252903,0.02500000037252903,0.02500000037252903));
#3189=IFCDIRECTION((0.,0.,1.));
#3190=IFCDIRECTION((1.,0.,0.));
#3191=IFCAXIS2PLACEMENT3D(#3188,#3189,#3190);
#3192=IFCDIRECTION((0.,0.,1.));
#3193=IFCEXTRUDEDAREASOLID(#3187,#3191,#3192,2.358238410204649);
#3194=IFCCARTESIANPOINTLIST2D(((0.,0.),(0.,-0.040000000000000001),(0.12,-0.040000000000000001),(0.12,-0.02),(0.02,-0.02),(0.02,0.)));
#3195=IFCINDEXEDPOLYCURVE(#3194,(IFCLINEINDEX((1,2,3,4,5,6,1))),$);
#3196=IFCARBITRARYCLOSEDPROFILEDEF(.AREA.,$,#3195);
#3197=IFCCARTESIANPOINT((0.075000000372529033,0.02500000037252903,1.015000000372529));
#3198=IFCDIRECTION((0.,0.,1.));
#3199=IFCDIRECTION((1.,0.,0.));
#3200=IFCAXIS2PLACEMENT3D(#3197,#3198,#3199);
#3201=IFCDIRECTION((0.,0.,1.));
#3202=IFCEXTRUDEDAREASOLID(#3196,#3200,#3201,0.02);
#3203=IFCEXTRUDEDAREASOLID(#3204,#3207,#3211,0.02);
#3204=IFCARBITRARYCLOSEDPROFILEDEF(.AREA.,$,#3205);
#3205=IFCINDEXEDPOLYCURVE(#3206,(IFCLINEINDEX((1,2,3,4,5,6,1))),$);
#3206=IFCCARTESIANPOINTLIST2D(((0.,0.),(0.,0.040000000000000008),(0.11999999999999998,0.040000000000000008),(0.11999999999999998,0.020000000000000004),(0.020000000000000004,0.020000000000000004),(0.020000000000000004,0.)));
#3207=IFCAXIS2PLACEMENT3D(#3208,#3209,#3210);
#3208=IFCCARTESIANPOINT((0.075000000372529033,0.060000000521540642,1.015000000372529));
#3209=IFCDIRECTION((0.,0.,1.));
#3210=IFCDIRECTION((1.,0.,0.));
#3211=IFCDIRECTION((0.,0.,1.));
#3252=IFCCARTESIANPOINTLIST3D(((0.,0.,0.),(0.89999997615814209,0.,0.),(0.89999997615814209,0.,1.9034554958343506),(0.,0.,1.9034554958343506)));
#3253=IFCINDEXEDPOLYCURVE(#3252,(IFCLINEINDEX((1,2,3,4,1))),$);
#3254=IFCSHAPEREPRESENTATION(#18,'Profile','Curve3D',(#3253));
#3255=IFCCARTESIANPOINTLIST2D(((0.,0.),(0.,1.9034554958343506),(0.89999997615814209,1.9034554958343506),(0.89999997615814209,0.),(0.87499997578561306,0.),(0.87499997578561306,1.8784554954618216),(0.02500000037252903,1.8784554954618216),(0.02500000037252903,0.)));
#3256=IFCINDEXEDPOLYCURVE(#3255,(IFCLINEINDEX((1,2,3,4,5,6,7,8,1))),$);
#3257=IFCARBITRARYCLOSEDPROFILEDEF(.AREA.,$,#3256);
#3258=IFCCARTESIANPOINT((0.,0.02500000037252903,0.));
#3259=IFCDIRECTION((0.,-1.,0.));
#3260=IFCDIRECTION((1.,0.,0.));
#3261=IFCAXIS2PLACEMENT3D(#3258,#3259,#3260);
#3262=IFCDIRECTION((0.,0.,-1.));
#3263=IFCEXTRUDEDAREASOLID(#3257,#3261,#3262,0.02500000037252903);
#3264=IFCCARTESIANPOINTLIST2D(((0.,0.),(0.,1.9034554958343506),(0.89999997615814209,1.9034554958343506),(0.89999997615814209,0.),(0.84999997541308403,0.),(0.84999997541308403,1.8534554950892925),(0.05000000074505806,1.8534554950892925),(0.05000000074505806,0.)));
#3265=IFCINDEXEDPOLYCURVE(#3264,(IFCLINEINDEX((1,2,3,4,5,6,7,8,1))),$);
#3266=IFCARBITRARYCLOSEDPROFILEDEF(.AREA.,$,#3265);
#3267=IFCCARTESIANPOINT((0.,0.,0.));
#3268=IFCDIRECTION((0.,-1.,0.));
#3269=IFCDIRECTION((1.,0.,0.));
#3270=IFCAXIS2PLACEMENT3D(#3267,#3268,#3269);
#3271=IFCDIRECTION((0.,0.,-1.));
#3272=IFCEXTRUDEDAREASOLID(#3266,#3270,#3271,0.02500000037252903);
#3273=IFCCARTESIANPOINTLIST2D(((0.,0.),(0.79999997466802597,0.),(0.79999997466802597,0.10000000149011612),(0.,0.10000000149011612)));
#3274=IFCINDEXEDPOLYCURVE(#3273,(IFCLINEINDEX((1,2,3,4,1))),$);
#3275=IFCARBITRARYCLOSEDPROFILEDEF(.AREA.,$,#3274);
#3276=IFCCARTESIANPOINT((0.05000000074505806,0.,0.));
#3277=IFCDIRECTION((0.,0.,1.));
#3278=IFCDIRECTION((1.,0.,0.));
#3279=IFCAXIS2PLACEMENT3D(#3276,#3277,#3278);
#3280=IFCDIRECTION((0.,0.,1.));
#3281=IFCEXTRUDEDAREASOLID(#3275,#3279,#3280,0.02500000037252903);
#3282=IFCCARTESIANPOINTLIST2D(((0.,0.),(0.,1.9284554980695248),(0.94999998062849045,1.9284554980695248),(0.94999998062849045,0.),(0.87499997764825821,0.),(0.87499997764825821,1.8534554950892925),(0.075000002980232239,1.8534554950892925),(0.075000002980232239,0.)));
#3283=IFCINDEXEDPOLYCURVE(#3282,(IFCLINEINDEX((1,2,3,4,5,6,7,8,1))),$);
#3284=IFCARBITRARYCLOSEDPROFILEDEF(.AREA.,$,#3283);
#3285=IFCCARTESIANPOINT((-0.025000002235174179,-0.004999999888241291,0.));
#3286=IFCDIRECTION((0.,-1.,0.));
#3287=IFCDIRECTION((1.,0.,0.));
#3288=IFCAXIS2PLACEMENT3D(#3285,#3286,#3287);
#3289=IFCDIRECTION((0.,0.,-1.));
#3290=IFCEXTRUDEDAREASOLID(#3284,#3288,#3289,0.004999999888241291);
#3291=IFCCARTESIANPOINTLIST2D(((0.,0.),(0.,1.9284554980695248),(0.94999998062849045,1.9284554980695248),(0.94999998062849045,0.),(0.89999997802078724,0.),(0.89999997802078724,1.8784554954618216),(0.050000002607703209,1.8784554954618216),(0.050000002607703209,0.)));
#3292=IFCINDEXEDPOLYCURVE(#3291,(IFCLINEINDEX((1,2,3,4,5,6,7,8,1))),$);
#3293=IFCARBITRARYCLOSEDPROFILEDEF(.AREA.,$,#3292);
#3294=IFCCARTESIANPOINT((-0.025000002235174179,0.05000000074505806,0.));
#3295=IFCDIRECTION((0.,-1.,0.));
#3296=IFCDIRECTION((1.,0.,0.));
#3297=IFCAXIS2PLACEMENT3D(#3294,#3295,#3296);
#3298=IFCDIRECTION((0.,0.,-1.));
#3299=IFCEXTRUDEDAREASOLID(#3293,#3297,#3298,0.004999999888241291);
#3300=IFCCARTESIANPOINTLIST2D(((0.,0.),(0.84999997541308403,0.),(0.84999997541308403,0.035000000149011612),(0.,0.035000000149011612)));
#3301=IFCINDEXEDPOLYCURVE(#3300,(IFCLINEINDEX((1,2,3,4,1))),$);
#3302=IFCARBITRARYCLOSEDPROFILEDEF(.AREA.,$,#3301);
#3303=IFCCARTESIANPOINT((0.02500000037252903,0.02500000037252903,0.02500000037252903));
#3304=IFCDIRECTION((0.,0.,1.));
#3305=IFCDIRECTION((1.,0.,0.));
#3306=IFCAXIS2PLACEMENT3D(#3303,#3304,#3305);
#3307=IFCDIRECTION((0.,0.,1.));
#3308=IFCEXTRUDEDAREASOLID(#3302,#3306,#3307,1.8534554950892925);
#3309=IFCCARTESIANPOINTLIST2D(((0.,0.),(0.,-0.040000000000000001),(0.12,-0.040000000000000001),(0.12,-0.02),(0.02,-0.02),(0.02,0.)));
#3310=IFCINDEXEDPOLYCURVE(#3309,(IFCLINEINDEX((1,2,3,4,5,6,1))),$);
#3311=IFCARBITRARYCLOSEDPROFILEDEF(.AREA.,$,#3310);
#3312=IFCCARTESIANPOINT((0.075000000372529033,0.02500000037252903,1.015000000372529));
#3313=IFCDIRECTION((0.,0.,1.));
#3314=IFCDIRECTION((1.,0.,0.));
#3315=IFCAXIS2PLACEMENT3D(#3312,#3313,#3314);
#3316=IFCDIRECTION((0.,0.,1.));
#3317=IFCEXTRUDEDAREASOLID(#3311,#3315,#3316,0.02);
#3318=IFCEXTRUDEDAREASOLID(#3319,#3322,#3326,0.02);
#3319=IFCARBITRARYCLOSEDPROFILEDEF(.AREA.,$,#3320);
#3320=IFCINDEXEDPOLYCURVE(#3321,(IFCLINEINDEX((1,2,3,4,5,6,1))),$);
#3321=IFCCARTESIANPOINTLIST2D(((0.,0.),(0.,0.040000000000000008),(0.11999999999999998,0.040000000000000008),(0.11999999999999998,0.020000000000000004),(0.020000000000000004,0.020000000000000004),(0.020000000000000004,0.)));
#3322=IFCAXIS2PLACEMENT3D(#3323,#3324,#3325);
#3323=IFCCARTESIANPOINT((0.075000000372529033,0.060000000521540642,1.015000000372529));
#3324=IFCDIRECTION((0.,0.,1.));
#3325=IFCDIRECTION((1.,0.,0.));
#3326=IFCDIRECTION((0.,0.,1.));
#3327=IFCSHAPEREPRESENTATION(#11,'Body','SweptSolid',(#3263,#3272,#3308,#3317,#3318,#3281,#3290,#3299));
#3328=IFCCARTESIANPOINTLIST2D(((0.,0.),(0.,0.05000000074505806),(0.02500000037252903,0.05000000074505806),(0.02500000037252903,0.02500000037252903),(0.05000000074505806,0.02500000037252903),(0.05000000074505806,0.)));
#3329=IFCINDEXEDPOLYCURVE(#3328,(IFCLINEINDEX((1,2,3,4,5,6,1))),$);
#3330=IFCINDEXEDPOLYCURVE(#3331,(IFCLINEINDEX((1,2,3,4,5,6,1))),$);
#3331=IFCCARTESIANPOINTLIST2D(((0.89999997615814209,0.),(0.89999997615814209,0.05000000074505806),(0.87499997578561306,0.05000000074505806),(0.87499997578561306,0.02500000037252903),(0.84999997541308403,0.02500000037252903),(0.84999997541308403,0.)));
#3332=IFCDIRECTION((1.,0.));
#3333=IFCCARTESIANPOINT((0.83999997563660145,0.05000000074505806));
#3334=IFCAXIS2PLACEMENT2D(#3333,#3332);
#3335=IFCELLIPSE(#3334,0.81499997526407242,0.84999997541308403);
#3336=IFCCARTESIANPOINT((0.83999997563660145,0.89999997615814209));
#3337=IFCCARTESIANPOINT((0.02500000037252903,0.05000000074505806));
#3338=IFCTRIMMEDCURVE(#3335,(#3336),(#3337),.T.,.CARTESIAN.);
#3339=IFCCARTESIANPOINTLIST2D(((0.87499997578561306,0.05000000074505806),(0.83999997563660145,0.05000000074505806),(0.83999997563660145,0.89999997615814209),(0.87499997578561306,0.89999997615814209)));
#3340=IFCINDEXEDPOLYCURVE(#3339,(IFCLINEINDEX((1,2,3,4,1))),$);
#3341=IFCSHAPEREPRESENTATION(#24,'Body','Curve2D',(#3329,#3330,#3338,#3340));
#3342=IFCCARTESIANPOINTLIST2D(((0.,0.),(0.89999997615814209,0.),(0.89999997615814209,1.9034554958343506),(0.,1.9034554958343506)));
#3343=IFCINDEXEDPOLYCURVE(#3342,(IFCLINEINDEX((1,2,3,4,1))),$);
#3344=IFCARBITRARYCLOSEDPROFILEDEF(.AREA.,$,#3343);
#3345=IFCCARTESIANPOINT((0.,-0.60000002384185791,0.));
#3346=IFCDIRECTION((0.,-1.,0.));
#3347=IFCDIRECTION((1.,0.,0.));
#3348=IFCAXIS2PLACEMENT3D(#3345,#3346,#3347);
#3349=IFCDIRECTION((0.,0.,-1.));
#3350=IFCEXTRUDEDAREASOLID(#3344,#3348,#3349,1.2);
#3351=IFCSHAPEREPRESENTATION(#11,'Body','SweptSolid',(#3350));
#3357=IFCCARTESIANPOINT((1.4657570260340544,0.015000364577365977,0.));
#3358=IFCDIRECTION((0.,0.,1.));
#3359=IFCDIRECTION((0.99999999999997147,-2.384185719961227E-07,0.));
#3360=IFCAXIS2PLACEMENT3D(#3357,#3358,#3359);
#3361=IFCLOCALPLACEMENT(#599,#3360);
#3362=IFCCARTESIANPOINT((-2.2204460492503131E-16,5.5511151231257827E-17,0.));
#3363=IFCDIRECTION((0.,0.,1.));
#3364=IFCDIRECTION((1.,5.2939559203393771E-23,0.));
#3365=IFCAXIS2PLACEMENT3D(#3362,#3363,#3364);
#3366=IFCLOCALPLACEMENT(#3361,#3365);
#3367=IFCDOORTYPE('2GX7b2C$X3IAvCAumTk$fY',$,'BATHROOM - GF',$,$,(#3368),(#3370,#3378,#3456),$,$,.DOOR.,.SINGLE_SWING_LEFT.,$,$);
#3368=IFCPROPERTYSET('0vPJ$pW29ArenXoEo_Oojh',$,'BBIM_Door',$,(#3369));
#3369=IFCPROPERTYSINGLEVALUE('Data',$,IFCTEXT('{"door_type": "SINGLE_SWING_RIGHT", "overall_height": 1.9034554958343506, "overall_width": 0.7075518369674683, "lining_properties": {"lining_depth": 0.05000000074505806, "lining_thickness": 0.05000000074505806, "lining_offset": 0.0, "lining_to_panel_offset_x": 0.02500000037252903, "lining_to_panel_offset_y": 0.02500000037252903, "transom_thickness": 0.0, "casing_thickness": 0.07500000298023224, "casing_depth": 0.004999999888241291, "threshold_thickness": 0.02500000037252903, "threshold_depth": 0.10000000149011612, "threshold_offset": 0.0}, "panel_properties": {"panel_depth": 0.03500000014901161, "panel_width_ratio": 1.0}}'),$);
#3370=IFCREPRESENTATIONMAP(#3371,#4251);
#3371=IFCAXIS2PLACEMENT3D(#3372,#3373,#3374);
#3372=IFCCARTESIANPOINT((0.,0.,0.));
#3373=IFCDIRECTION((0.,0.,1.));
#3374=IFCDIRECTION((1.,0.,0.));
#3378=IFCREPRESENTATIONMAP(#3379,#4324);
#3379=IFCAXIS2PLACEMENT3D(#3380,#3381,#3382);
#3380=IFCCARTESIANPOINT((0.,0.,0.));
#3381=IFCDIRECTION((0.,0.,1.));
#3382=IFCDIRECTION((1.,0.,0.));
#3456=IFCREPRESENTATIONMAP(#3457,#4338);
#3457=IFCAXIS2PLACEMENT3D(#3458,#3459,#3460);
#3458=IFCCARTESIANPOINT((0.,0.,0.));
#3459=IFCDIRECTION((0.,0.,1.));
#3460=IFCDIRECTION((1.,0.,0.));
#3475=IFCDOOR('1NBwk$SBr369w2LeDiNgsg',$,'Door',$,$,#4363,#3484,$,1.9034554958343506,0.70755183696746826,$,.SINGLE_SWING_RIGHT.,$);
#3476=IFCRELDEFINESBYTYPE('0R9D6a9Mn3S9bMmKnRlcPL',$,$,$,(#3475),#3367);
#3477=IFCCARTESIANPOINT((0.,0.,0.));
#3478=IFCDIRECTION((1.,0.,0.));
#3479=IFCDIRECTION((0.,1.,0.));
#3480=IFCDIRECTION((0.,0.,1.));
#3481=IFCCARTESIANTRANSFORMATIONOPERATOR3D(#3478,#3479,#3477,1.,#3480);
#3482=IFCMAPPEDITEM(#3370,#3481);
#3483=IFCSHAPEREPRESENTATION(#18,'Profile','MappedRepresentation',(#3482));
#3484=IFCPRODUCTDEFINITIONSHAPE($,$,(#3483,#3491,#3498));
#3485=IFCCARTESIANPOINT((0.,0.,0.));
#3486=IFCDIRECTION((1.,0.,0.));
#3487=IFCDIRECTION((0.,1.,0.));
#3488=IFCDIRECTION((0.,0.,1.));
#3489=IFCCARTESIANTRANSFORMATIONOPERATOR3D(#3486,#3487,#3485,1.,#3488);
#3490=IFCMAPPEDITEM(#3378,#3489);
#3491=IFCSHAPEREPRESENTATION(#11,'Body','MappedRepresentation',(#3490));
#3492=IFCCARTESIANPOINT((0.,0.,0.));
#3493=IFCDIRECTION((1.,0.,0.));
#3494=IFCDIRECTION((0.,1.,0.));
#3495=IFCDIRECTION((0.,0.,1.));
#3496=IFCCARTESIANTRANSFORMATIONOPERATOR3D(#3493,#3494,#3492,1.,#3495);
#3497=IFCMAPPEDITEM(#3456,#3496);
#3498=IFCSHAPEREPRESENTATION(#24,'Body','MappedRepresentation',(#3497));
#3499=IFCOPENINGELEMENT('0$gbQCAJ98Gez_BW9$kC$J',$,'Opening',$,$,#4358,#3527,$,.OPENING.);
#3515=IFCCARTESIANPOINT((0.,0.,0.));
#3516=IFCDIRECTION((1.,0.,0.));
#3517=IFCDIRECTION((0.,0.,1.));
#3518=IFCAXIS2PLACEMENT3D(#3515,#3517,#3516);
#3519=IFCREPRESENTATIONMAP(#3518,#4348);
#3520=IFCCARTESIANPOINT((0.,0.,0.));
#3521=IFCDIRECTION((1.,0.,0.));
#3522=IFCDIRECTION((0.,1.,0.));
#3523=IFCDIRECTION((0.,0.,1.));
#3524=IFCCARTESIANTRANSFORMATIONOPERATOR3D(#3521,#3522,#3520,1.,#3523);
#3525=IFCMAPPEDITEM(#3519,#3524);
#3526=IFCSHAPEREPRESENTATION(#11,'Body','MappedRepresentation',(#3525));
#3527=IFCPRODUCTDEFINITIONSHAPE($,$,(#3526));
#3528=IFCRELVOIDSELEMENT('2dCDu9pmD8MQzsyPSI7ele',$,$,$,#782,#3499);
#3534=IFCRELFILLSELEMENT('2MPXkFykD7Yw0mAqw1CY7L',$,$,$,#3499,#3475);
#3543=IFCCARTESIANPOINTLIST2D(((0.,0.),(0.,1.9034554958343506),(0.76540052890777588,1.9034554958343506),(0.76540052890777588,0.),(0.74040052853524685,0.),(0.74040052853524685,1.8784554954618216),(0.02500000037252903,1.8784554954618216),(0.02500000037252903,0.)));
#3544=IFCINDEXEDPOLYCURVE(#3543,(IFCLINEINDEX((1,2,3,4,5,6,7,8,1))),$);
#3545=IFCARBITRARYCLOSEDPROFILEDEF(.AREA.,$,#3544);
#3546=IFCCARTESIANPOINT((0.,0.02500000037252903,0.));
#3547=IFCDIRECTION((0.,-1.,0.));
#3548=IFCDIRECTION((1.,0.,0.));
#3549=IFCAXIS2PLACEMENT3D(#3546,#3547,#3548);
#3550=IFCDIRECTION((0.,0.,-1.));
#3551=IFCEXTRUDEDAREASOLID(#3545,#3549,#3550,0.02500000037252903);
#3552=IFCCARTESIANPOINTLIST2D(((0.,0.),(0.,1.9034554958343506),(0.76540052890777588,1.9034554958343506),(0.76540052890777588,0.),(0.71540052816271782,0.),(0.71540052816271782,1.8534554950892925),(0.05000000074505806,1.8534554950892925),(0.05000000074505806,0.)));
#3553=IFCINDEXEDPOLYCURVE(#3552,(IFCLINEINDEX((1,2,3,4,5,6,7,8,1))),$);
#3554=IFCARBITRARYCLOSEDPROFILEDEF(.AREA.,$,#3553);
#3555=IFCCARTESIANPOINT((0.,0.,0.));
#3556=IFCDIRECTION((0.,-1.,0.));
#3557=IFCDIRECTION((1.,0.,0.));
#3558=IFCAXIS2PLACEMENT3D(#3555,#3556,#3557);
#3559=IFCDIRECTION((0.,0.,-1.));
#3560=IFCEXTRUDEDAREASOLID(#3554,#3558,#3559,0.02500000037252903);
#3561=IFCCARTESIANPOINTLIST2D(((0.,0.),(0.66540052741765976,0.),(0.66540052741765976,0.10000000149011612),(0.,0.10000000149011612)));
#3562=IFCINDEXEDPOLYCURVE(#3561,(IFCLINEINDEX((1,2,3,4,1))),$);
#3563=IFCARBITRARYCLOSEDPROFILEDEF(.AREA.,$,#3562);
#3564=IFCCARTESIANPOINT((0.05000000074505806,0.,0.));
#3565=IFCDIRECTION((0.,0.,1.));
#3566=IFCDIRECTION((1.,0.,0.));
#3567=IFCAXIS2PLACEMENT3D(#3564,#3565,#3566);
#3568=IFCDIRECTION((0.,0.,1.));
#3569=IFCEXTRUDEDAREASOLID(#3563,#3567,#3568,0.02500000037252903);
#3570=IFCCARTESIANPOINTLIST2D(((0.,0.),(0.,1.9284554980695248),(0.81540053337812424,1.9284554980695248),(0.81540053337812424,0.),(0.740400530397892,0.),(0.740400530397892,1.8534554950892925),(0.075000002980232239,1.8534554950892925),(0.075000002980232239,0.)));
#3571=IFCINDEXEDPOLYCURVE(#3570,(IFCLINEINDEX((1,2,3,4,5,6,7,8,1))),$);
#3572=IFCARBITRARYCLOSEDPROFILEDEF(.AREA.,$,#3571);
#3573=IFCCARTESIANPOINT((-0.025000002235174179,-0.004999999888241291,0.));
#3574=IFCDIRECTION((0.,-1.,0.));
#3575=IFCDIRECTION((1.,0.,0.));
#3576=IFCAXIS2PLACEMENT3D(#3573,#3574,#3575);
#3577=IFCDIRECTION((0.,0.,-1.));
#3578=IFCEXTRUDEDAREASOLID(#3572,#3576,#3577,0.004999999888241291);
#3579=IFCCARTESIANPOINTLIST2D(((0.,0.),(0.,1.9284554980695248),(0.81540053337812424,1.9284554980695248),(0.81540053337812424,0.),(0.76540053077042103,0.),(0.76540053077042103,1.8784554954618216),(0.050000002607703209,1.8784554954618216),(0.050000002607703209,0.)));
#3580=IFCINDEXEDPOLYCURVE(#3579,(IFCLINEINDEX((1,2,3,4,5,6,7,8,1))),$);
#3581=IFCARBITRARYCLOSEDPROFILEDEF(.AREA.,$,#3580);
#3582=IFCCARTESIANPOINT((-0.025000002235174179,0.05000000074505806,0.));
#3583=IFCDIRECTION((0.,-1.,0.));
#3584=IFCDIRECTION((1.,0.,0.));
#3585=IFCAXIS2PLACEMENT3D(#3582,#3583,#3584);
#3586=IFCDIRECTION((0.,0.,-1.));
#3587=IFCEXTRUDEDAREASOLID(#3581,#3585,#3586,0.004999999888241291);
#3588=IFCCARTESIANPOINTLIST2D(((0.,0.),(0.71540052816271782,0.),(0.71540052816271782,0.035000000149011612),(0.,0.035000000149011612)));
#3589=IFCINDEXEDPOLYCURVE(#3588,(IFCLINEINDEX((1,2,3,4,1))),$);
#3590=IFCARBITRARYCLOSEDPROFILEDEF(.AREA.,$,#3589);
#3591=IFCCARTESIANPOINT((0.02500000037252903,0.02500000037252903,0.02500000037252903));
#3592=IFCDIRECTION((0.,0.,1.));
#3593=IFCDIRECTION((1.,0.,0.));
#3594=IFCAXIS2PLACEMENT3D(#3591,#3592,#3593);
#3595=IFCDIRECTION((0.,0.,1.));
#3596=IFCEXTRUDEDAREASOLID(#3590,#3594,#3595,1.8534554950892925);
#3597=IFCCARTESIANPOINTLIST2D(((0.,0.),(0.,-0.040000000000000001),(-0.11999999999999988,-0.040000000000000001),(-0.11999999999999988,-0.02),(-0.020000000000000018,-0.02),(-0.020000000000000018,0.)));
#3598=IFCINDEXEDPOLYCURVE(#3597,(IFCLINEINDEX((1,2,3,4,5,6,1))),$);
#3599=IFCARBITRARYCLOSEDPROFILEDEF(.AREA.,$,#3598);
#3600=IFCCARTESIANPOINT((0.6904005285352468,0.02500000037252903,1.015000000372529));
#3601=IFCDIRECTION((0.,0.,1.));
#3602=IFCDIRECTION((1.,0.,0.));
#3603=IFCAXIS2PLACEMENT3D(#3600,#3601,#3602);
#3604=IFCDIRECTION((0.,0.,1.));
#3605=IFCEXTRUDEDAREASOLID(#3599,#3603,#3604,0.02);
#3606=IFCEXTRUDEDAREASOLID(#3607,#3610,#3614,0.02);
#3607=IFCARBITRARYCLOSEDPROFILEDEF(.AREA.,$,#3608);
#3608=IFCINDEXEDPOLYCURVE(#3609,(IFCLINEINDEX((1,2,3,4,5,6,1))),$);
#3609=IFCCARTESIANPOINTLIST2D(((0.,0.),(0.,0.040000000000000008),(-0.11999999999999988,0.040000000000000008),(-0.11999999999999988,0.020000000000000004),(-0.020000000000000018,0.020000000000000004),(-0.020000000000000018,0.)));
#3610=IFCAXIS2PLACEMENT3D(#3611,#3612,#3613);
#3611=IFCCARTESIANPOINT((0.6904005285352468,0.060000000521540642,1.015000000372529));
#3612=IFCDIRECTION((0.,0.,1.));
#3613=IFCDIRECTION((1.,0.,0.));
#3614=IFCDIRECTION((0.,0.,1.));
#3616=IFCSHAPEREPRESENTATION(#11,'Body','SweptSolid',(#4163,#3836,#4154,#3924,#4296,#3694,#4066,#4145,#3827,#3915,#3685,#4057,#3587,#3818,#4287,#4048,#4181,#4278,#4269,#4039,#3578,#3951,#3569,#3721,#4172,#3942,#3809,#3560,#4030,#3712,#3933,#3800,#3551,#3703,#4260));
#3617=IFCSHAPEASPECT((#3616),'Lining',$,.T.,#3484);
#3618=IFCSHAPEREPRESENTATION(#11,'Body','SweptSolid',(#4305,#3855,#3596,#4199,#3969,#4200,#3739,#4190,#3970,#3740,#3960,#3730,#4085,#3854,#4075,#4314,#3845,#4084,#4315,#3605,#3606));
#3619=IFCSHAPEASPECT((#3618),'Framing',$,.T.,#3484);
#3677=IFCCARTESIANPOINTLIST2D(((0.,0.),(0.,1.9034554958343506),(0.76540052890777588,1.9034554958343506),(0.76540052890777588,0.),(0.74040052853524685,0.),(0.74040052853524685,1.8784554954618216),(0.02500000037252903,1.8784554954618216),(0.02500000037252903,0.)));
#3678=IFCINDEXEDPOLYCURVE(#3677,(IFCLINEINDEX((1,2,3,4,5,6,7,8,1))),$);
#3679=IFCARBITRARYCLOSEDPROFILEDEF(.AREA.,$,#3678);
#3680=IFCCARTESIANPOINT((0.,0.02500000037252903,0.));
#3681=IFCDIRECTION((0.,-1.,0.));
#3682=IFCDIRECTION((1.,0.,0.));
#3683=IFCAXIS2PLACEMENT3D(#3680,#3681,#3682);
#3684=IFCDIRECTION((0.,0.,-1.));
#3685=IFCEXTRUDEDAREASOLID(#3679,#3683,#3684,0.02500000037252903);
#3686=IFCCARTESIANPOINTLIST2D(((0.,0.),(0.,1.9034554958343506),(0.76540052890777588,1.9034554958343506),(0.76540052890777588,0.),(0.71540052816271782,0.),(0.71540052816271782,1.8534554950892925),(0.05000000074505806,1.8534554950892925),(0.05000000074505806,0.)));
#3687=IFCINDEXEDPOLYCURVE(#3686,(IFCLINEINDEX((1,2,3,4,5,6,7,8,1))),$);
#3688=IFCARBITRARYCLOSEDPROFILEDEF(.AREA.,$,#3687);
#3689=IFCCARTESIANPOINT((0.,0.,0.));
#3690=IFCDIRECTION((0.,-1.,0.));
#3691=IFCDIRECTION((1.,0.,0.));
#3692=IFCAXIS2PLACEMENT3D(#3689,#3690,#3691);
#3693=IFCDIRECTION((0.,0.,-1.));
#3694=IFCEXTRUDEDAREASOLID(#3688,#3692,#3693,0.02500000037252903);
#3695=IFCCARTESIANPOINTLIST2D(((0.,0.),(0.66540052741765976,0.),(0.66540052741765976,0.10000000149011612),(0.,0.10000000149011612)));
#3696=IFCINDEXEDPOLYCURVE(#3695,(IFCLINEINDEX((1,2,3,4,1))),$);
#3697=IFCARBITRARYCLOSEDPROFILEDEF(.AREA.,$,#3696);
#3698=IFCCARTESIANPOINT((0.05000000074505806,0.,0.));
#3699=IFCDIRECTION((0.,0.,1.));
#3700=IFCDIRECTION((1.,0.,0.));
#3701=IFCAXIS2PLACEMENT3D(#3698,#3699,#3700);
#3702=IFCDIRECTION((0.,0.,1.));
#3703=IFCEXTRUDEDAREASOLID(#3697,#3701,#3702,0.02500000037252903);
#3704=IFCCARTESIANPOINTLIST2D(((0.,0.),(0.,1.9284554980695248),(0.81540053337812424,1.9284554980695248),(0.81540053337812424,0.),(0.740400530397892,0.),(0.740400530397892,1.8534554950892925),(0.075000002980232239,1.8534554950892925),(0.075000002980232239,0.)));
#3705=IFCINDEXEDPOLYCURVE(#3704,(IFCLINEINDEX((1,2,3,4,5,6,7,8,1))),$);
#3706=IFCARBITRARYCLOSEDPROFILEDEF(.AREA.,$,#3705);
#3707=IFCCARTESIANPOINT((-0.025000002235174179,-0.004999999888241291,0.));
#3708=IFCDIRECTION((0.,-1.,0.));
#3709=IFCDIRECTION((1.,0.,0.));
#3710=IFCAXIS2PLACEMENT3D(#3707,#3708,#3709);
#3711=IFCDIRECTION((0.,0.,-1.));
#3712=IFCEXTRUDEDAREASOLID(#3706,#3710,#3711,0.004999999888241291);
#3713=IFCCARTESIANPOINTLIST2D(((0.,0.),(0.,1.9284554980695248),(0.81540053337812424,1.9284554980695248),(0.81540053337812424,0.),(0.76540053077042103,0.),(0.76540053077042103,1.8784554954618216),(0.050000002607703209,1.8784554954618216),(0.050000002607703209,0.)));
#3714=IFCINDEXEDPOLYCURVE(#3713,(IFCLINEINDEX((1,2,3,4,5,6,7,8,1))),$);
#3715=IFCARBITRARYCLOSEDPROFILEDEF(.AREA.,$,#3714);
#3716=IFCCARTESIANPOINT((-0.025000002235174179,0.05000000074505806,0.));
#3717=IFCDIRECTION((0.,-1.,0.));
#3718=IFCDIRECTION((1.,0.,0.));
#3719=IFCAXIS2PLACEMENT3D(#3716,#3717,#3718);
#3720=IFCDIRECTION((0.,0.,-1.));
#3721=IFCEXTRUDEDAREASOLID(#3715,#3719,#3720,0.004999999888241291);
#3722=IFCCARTESIANPOINTLIST2D(((0.,0.),(0.71540052816271782,0.),(0.71540052816271782,0.035000000149011612),(0.,0.035000000149011612)));
#3723=IFCINDEXEDPOLYCURVE(#3722,(IFCLINEINDEX((1,2,3,4,1))),$);
#3724=IFCARBITRARYCLOSEDPROFILEDEF(.AREA.,$,#3723);
#3725=IFCCARTESIANPOINT((0.02500000037252903,0.02500000037252903,0.02500000037252903));
#3726=IFCDIRECTION((0.,0.,1.));
#3727=IFCDIRECTION((1.,0.,0.));
#3728=IFCAXIS2PLACEMENT3D(#3725,#3726,#3727);
#3729=IFCDIRECTION((0.,0.,1.));
#3730=IFCEXTRUDEDAREASOLID(#3724,#3728,#3729,1.8534554950892925);
#3731=IFCCARTESIANPOINTLIST2D(((0.,0.),(0.,-0.040000000000000001),(-0.11999999999999988,-0.040000000000000001),(-0.11999999999999988,-0.02),(-0.020000000000000018,-0.02),(-0.020000000000000018,0.)));
#3732=IFCINDEXEDPOLYCURVE(#3731,(IFCLINEINDEX((1,2,3,4,5,6,1))),$);
#3733=IFCARBITRARYCLOSEDPROFILEDEF(.AREA.,$,#3732);
#3734=IFCCARTESIANPOINT((0.6904005285352468,0.02500000037252903,1.015000000372529));
#3735=IFCDIRECTION((0.,0.,1.));
#3736=IFCDIRECTION((1.,0.,0.));
#3737=IFCAXIS2PLACEMENT3D(#3734,#3735,#3736);
#3738=IFCDIRECTION((0.,0.,1.));
#3739=IFCEXTRUDEDAREASOLID(#3733,#3737,#3738,0.02);
#3740=IFCEXTRUDEDAREASOLID(#3741,#3744,#3748,0.02);
#3741=IFCARBITRARYCLOSEDPROFILEDEF(.AREA.,$,#3742);
#3742=IFCINDEXEDPOLYCURVE(#3743,(IFCLINEINDEX((1,2,3,4,5,6,1))),$);
#3743=IFCCARTESIANPOINTLIST2D(((0.,0.),(0.,0.040000000000000008),(-0.11999999999999988,0.040000000000000008),(-0.11999999999999988,0.020000000000000004),(-0.020000000000000018,0.020000000000000004),(-0.020000000000000018,0.)));
#3744=IFCAXIS2PLACEMENT3D(#3745,#3746,#3747);
#3745=IFCCARTESIANPOINT((0.6904005285352468,0.060000000521540642,1.015000000372529));
#3746=IFCDIRECTION((0.,0.,1.));
#3747=IFCDIRECTION((1.,0.,0.));
#3748=IFCDIRECTION((0.,0.,1.));
#3792=IFCCARTESIANPOINTLIST2D(((0.,0.),(0.,1.9034554958343506),(0.69821798801422119,1.9034554958343506),(0.69821798801422119,0.),(0.67321798764169216,0.),(0.67321798764169216,1.8784554954618216),(0.02500000037252903,1.8784554954618216),(0.02500000037252903,0.)));
#3793=IFCINDEXEDPOLYCURVE(#3792,(IFCLINEINDEX((1,2,3,4,5,6,7,8,1))),$);
#3794=IFCARBITRARYCLOSEDPROFILEDEF(.AREA.,$,#3793);
#3795=IFCCARTESIANPOINT((0.,0.02500000037252903,0.));
#3796=IFCDIRECTION((0.,-1.,0.));
#3797=IFCDIRECTION((1.,0.,0.));
#3798=IFCAXIS2PLACEMENT3D(#3795,#3796,#3797);
#3799=IFCDIRECTION((0.,0.,-1.));
#3800=IFCEXTRUDEDAREASOLID(#3794,#3798,#3799,0.02500000037252903);
#3801=IFCCARTESIANPOINTLIST2D(((0.,0.),(0.,1.9034554958343506),(0.69821798801422119,1.9034554958343506),(0.69821798801422119,0.),(0.64821798726916313,0.),(0.64821798726916313,1.8534554950892925),(0.05000000074505806,1.8534554950892925),(0.05000000074505806,0.)));
#3802=IFCINDEXEDPOLYCURVE(#3801,(IFCLINEINDEX((1,2,3,4,5,6,7,8,1))),$);
#3803=IFCARBITRARYCLOSEDPROFILEDEF(.AREA.,$,#3802);
#3804=IFCCARTESIANPOINT((0.,0.,0.));
#3805=IFCDIRECTION((0.,-1.,0.));
#3806=IFCDIRECTION((1.,0.,0.));
#3807=IFCAXIS2PLACEMENT3D(#3804,#3805,#3806);
#3808=IFCDIRECTION((0.,0.,-1.));
#3809=IFCEXTRUDEDAREASOLID(#3803,#3807,#3808,0.02500000037252903);
#3810=IFCCARTESIANPOINTLIST2D(((0.,0.),(0.59821798652410507,0.),(0.59821798652410507,0.10000000149011612),(0.,0.10000000149011612)));
#3811=IFCINDEXEDPOLYCURVE(#3810,(IFCLINEINDEX((1,2,3,4,1))),$);
#3812=IFCARBITRARYCLOSEDPROFILEDEF(.AREA.,$,#3811);
#3813=IFCCARTESIANPOINT((0.05000000074505806,0.,0.));
#3814=IFCDIRECTION((0.,0.,1.));
#3815=IFCDIRECTION((1.,0.,0.));
#3816=IFCAXIS2PLACEMENT3D(#3813,#3814,#3815);
#3817=IFCDIRECTION((0.,0.,1.));
#3818=IFCEXTRUDEDAREASOLID(#3812,#3816,#3817,0.02500000037252903);
#3819=IFCCARTESIANPOINTLIST2D(((0.,0.),(0.,1.9284554980695248),(0.74821799248456955,1.9284554980695248),(0.74821799248456955,0.),(0.67321798950433731,0.),(0.67321798950433731,1.8534554950892925),(0.075000002980232239,1.8534554950892925),(0.075000002980232239,0.)));
#3820=IFCINDEXEDPOLYCURVE(#3819,(IFCLINEINDEX((1,2,3,4,5,6,7,8,1))),$);
#3821=IFCARBITRARYCLOSEDPROFILEDEF(.AREA.,$,#3820);
#3822=IFCCARTESIANPOINT((-0.025000002235174179,-0.004999999888241291,0.));
#3823=IFCDIRECTION((0.,-1.,0.));
#3824=IFCDIRECTION((1.,0.,0.));
#3825=IFCAXIS2PLACEMENT3D(#3822,#3823,#3824);
#3826=IFCDIRECTION((0.,0.,-1.));
#3827=IFCEXTRUDEDAREASOLID(#3821,#3825,#3826,0.004999999888241291);
#3828=IFCCARTESIANPOINTLIST2D(((0.,0.),(0.,1.9284554980695248),(0.74821799248456955,1.9284554980695248),(0.74821799248456955,0.),(0.69821798987686634,0.),(0.69821798987686634,1.8784554954618216),(0.050000002607703209,1.8784554954618216),(0.050000002607703209,0.)));
#3829=IFCINDEXEDPOLYCURVE(#3828,(IFCLINEINDEX((1,2,3,4,5,6,7,8,1))),$);
#3830=IFCARBITRARYCLOSEDPROFILEDEF(.AREA.,$,#3829);
#3831=IFCCARTESIANPOINT((-0.025000002235174179,0.05000000074505806,0.));
#3832=IFCDIRECTION((0.,-1.,0.));
#3833=IFCDIRECTION((1.,0.,0.));
#3834=IFCAXIS2PLACEMENT3D(#3831,#3832,#3833);
#3835=IFCDIRECTION((0.,0.,-1.));
#3836=IFCEXTRUDEDAREASOLID(#3830,#3834,#3835,0.004999999888241291);
#3837=IFCCARTESIANPOINTLIST2D(((0.,0.),(0.64821798726916313,0.),(0.64821798726916313,0.035000000149011612),(0.,0.035000000149011612)));
#3838=IFCINDEXEDPOLYCURVE(#3837,(IFCLINEINDEX((1,2,3,4,1))),$);
#3839=IFCARBITRARYCLOSEDPROFILEDEF(.AREA.,$,#3838);
#3840=IFCCARTESIANPOINT((0.02500000037252903,0.02500000037252903,0.02500000037252903));
#3841=IFCDIRECTION((0.,0.,1.));
#3842=IFCDIRECTION((1.,0.,0.));
#3843=IFCAXIS2PLACEMENT3D(#3840,#3841,#3842);
#3844=IFCDIRECTION((0.,0.,1.));
#3845=IFCEXTRUDEDAREASOLID(#3839,#3843,#3844,1.8534554950892925);
#3846=IFCCARTESIANPOINTLIST2D(((0.,0.),(0.,-0.040000000000000001),(-0.11999999999999988,-0.040000000000000001),(-0.11999999999999988,-0.02),(-0.020000000000000018,-0.02),(-0.020000000000000018,0.)));
#3847=IFCINDEXEDPOLYCURVE(#3846,(IFCLINEINDEX((1,2,3,4,5,6,1))),$);
#3848=IFCARBITRARYCLOSEDPROFILEDEF(.AREA.,$,#3847);
#3849=IFCCARTESIANPOINT((0.62321798764169212,0.02500000037252903,1.015000000372529));
#3850=IFCDIRECTION((0.,0.,1.));
#3851=IFCDIRECTION((1.,0.,0.));
#3852=IFCAXIS2PLACEMENT3D(#3849,#3850,#3851);
#3853=IFCDIRECTION((0.,0.,1.));
#3854=IFCEXTRUDEDAREASOLID(#3848,#3852,#3853,0.02);
#3855=IFCEXTRUDEDAREASOLID(#3856,#3859,#3863,0.02);
#3856=IFCARBITRARYCLOSEDPROFILEDEF(.AREA.,$,#3857);
#3857=IFCINDEXEDPOLYCURVE(#3858,(IFCLINEINDEX((1,2,3,4,5,6,1))),$);
#3858=IFCCARTESIANPOINTLIST2D(((0.,0.),(0.,0.040000000000000008),(-0.11999999999999988,0.040000000000000008),(-0.11999999999999988,0.020000000000000004),(-0.020000000000000018,0.020000000000000004),(-0.020000000000000018,0.)));
#3859=IFCAXIS2PLACEMENT3D(#3860,#3861,#3862);
#3860=IFCCARTESIANPOINT((0.62321798764169212,0.060000000521540642,1.015000000372529));
#3861=IFCDIRECTION((0.,0.,1.));
#3862=IFCDIRECTION((1.,0.,0.));
#3863=IFCDIRECTION((0.,0.,1.));
#3907=IFCCARTESIANPOINTLIST2D(((0.,0.),(0.,1.9034554958343506),(0.69821798801422119,1.9034554958343506),(0.69821798801422119,0.),(0.67321798764169216,0.),(0.67321798764169216,1.8784554954618216),(0.02500000037252903,1.8784554954618216),(0.02500000037252903,0.)));
#3908=IFCINDEXEDPOLYCURVE(#3907,(IFCLINEINDEX((1,2,3,4,5,6,7,8,1))),$);
#3909=IFCARBITRARYCLOSEDPROFILEDEF(.AREA.,$,#3908);
#3910=IFCCARTESIANPOINT((0.,0.02500000037252903,0.));
#3911=IFCDIRECTION((0.,-1.,0.));
#3912=IFCDIRECTION((1.,0.,0.));
#3913=IFCAXIS2PLACEMENT3D(#3910,#3911,#3912);
#3914=IFCDIRECTION((0.,0.,-1.));
#3915=IFCEXTRUDEDAREASOLID(#3909,#3913,#3914,0.02500000037252903);
#3916=IFCCARTESIANPOINTLIST2D(((0.,0.),(0.,1.9034554958343506),(0.69821798801422119,1.9034554958343506),(0.69821798801422119,0.),(0.64821798726916313,0.),(0.64821798726916313,1.8534554950892925),(0.05000000074505806,1.8534554950892925),(0.05000000074505806,0.)));
#3917=IFCINDEXEDPOLYCURVE(#3916,(IFCLINEINDEX((1,2,3,4,5,6,7,8,1))),$);
#3918=IFCARBITRARYCLOSEDPROFILEDEF(.AREA.,$,#3917);
#3919=IFCCARTESIANPOINT((0.,0.,0.));
#3920=IFCDIRECTION((0.,-1.,0.));
#3921=IFCDIRECTION((1.,0.,0.));
#3922=IFCAXIS2PLACEMENT3D(#3919,#3920,#3921);
#3923=IFCDIRECTION((0.,0.,-1.));
#3924=IFCEXTRUDEDAREASOLID(#3918,#3922,#3923,0.02500000037252903);
#3925=IFCCARTESIANPOINTLIST2D(((0.,0.),(0.59821798652410507,0.),(0.59821798652410507,0.10000000149011612),(0.,0.10000000149011612)));
#3926=IFCINDEXEDPOLYCURVE(#3925,(IFCLINEINDEX((1,2,3,4,1))),$);
#3927=IFCARBITRARYCLOSEDPROFILEDEF(.AREA.,$,#3926);
#3928=IFCCARTESIANPOINT((0.05000000074505806,0.,0.));
#3929=IFCDIRECTION((0.,0.,1.));
#3930=IFCDIRECTION((1.,0.,0.));
#3931=IFCAXIS2PLACEMENT3D(#3928,#3929,#3930);
#3932=IFCDIRECTION((0.,0.,1.));
#3933=IFCEXTRUDEDAREASOLID(#3927,#3931,#3932,0.02500000037252903);
#3934=IFCCARTESIANPOINTLIST2D(((0.,0.),(0.,1.9284554980695248),(0.74821799248456955,1.9284554980695248),(0.74821799248456955,0.),(0.67321798950433731,0.),(0.67321798950433731,1.8534554950892925),(0.075000002980232239,1.8534554950892925),(0.075000002980232239,0.)));
#3935=IFCINDEXEDPOLYCURVE(#3934,(IFCLINEINDEX((1,2,3,4,5,6,7,8,1))),$);
#3936=IFCARBITRARYCLOSEDPROFILEDEF(.AREA.,$,#3935);
#3937=IFCCARTESIANPOINT((-0.025000002235174179,-0.004999999888241291,0.));
#3938=IFCDIRECTION((0.,-1.,0.));
#3939=IFCDIRECTION((1.,0.,0.));
#3940=IFCAXIS2PLACEMENT3D(#3937,#3938,#3939);
#3941=IFCDIRECTION((0.,0.,-1.));
#3942=IFCEXTRUDEDAREASOLID(#3936,#3940,#3941,0.004999999888241291);
#3943=IFCCARTESIANPOINTLIST2D(((0.,0.),(0.,1.9284554980695248),(0.74821799248456955,1.9284554980695248),(0.74821799248456955,0.),(0.69821798987686634,0.),(0.69821798987686634,1.8784554954618216),(0.050000002607703209,1.8784554954618216),(0.050000002607703209,0.)));
#3944=IFCINDEXEDPOLYCURVE(#3943,(IFCLINEINDEX((1,2,3,4,5,6,7,8,1))),$);
#3945=IFCARBITRARYCLOSEDPROFILEDEF(.AREA.,$,#3944);
#3946=IFCCARTESIANPOINT((-0.025000002235174179,0.05000000074505806,0.));
#3947=IFCDIRECTION((0.,-1.,0.));
#3948=IFCDIRECTION((1.,0.,0.));
#3949=IFCAXIS2PLACEMENT3D(#3946,#3947,#3948);
#3950=IFCDIRECTION((0.,0.,-1.));
#3951=IFCEXTRUDEDAREASOLID(#3945,#3949,#3950,0.004999999888241291);
#3952=IFCCARTESIANPOINTLIST2D(((0.,0.),(0.64821798726916313,0.),(0.64821798726916313,0.035000000149011612),(0.,0.035000000149011612)));
#3953=IFCINDEXEDPOLYCURVE(#3952,(IFCLINEINDEX((1,2,3,4,1))),$);
#3954=IFCARBITRARYCLOSEDPROFILEDEF(.AREA.,$,#3953);
#3955=IFCCARTESIANPOINT((0.02500000037252903,0.02500000037252903,0.02500000037252903));
#3956=IFCDIRECTION((0.,0.,1.));
#3957=IFCDIRECTION((1.,0.,0.));
#3958=IFCAXIS2PLACEMENT3D(#3955,#3956,#3957);
#3959=IFCDIRECTION((0.,0.,1.));
#3960=IFCEXTRUDEDAREASOLID(#3954,#3958,#3959,1.8534554950892925);
#3961=IFCCARTESIANPOINTLIST2D(((0.,0.),(0.,-0.040000000000000001),(-0.11999999999999988,-0.040000000000000001),(-0.11999999999999988,-0.02),(-0.020000000000000018,-0.02),(-0.020000000000000018,0.)));
#3962=IFCINDEXEDPOLYCURVE(#3961,(IFCLINEINDEX((1,2,3,4,5,6,1))),$);
#3963=IFCARBITRARYCLOSEDPROFILEDEF(.AREA.,$,#3962);
#3964=IFCCARTESIANPOINT((0.62321798764169212,0.02500000037252903,1.015000000372529));
#3965=IFCDIRECTION((0.,0.,1.));
#3966=IFCDIRECTION((1.,0.,0.));
#3967=IFCAXIS2PLACEMENT3D(#3964,#3965,#3966);
#3968=IFCDIRECTION((0.,0.,1.));
#3969=IFCEXTRUDEDAREASOLID(#3963,#3967,#3968,0.02);
#3970=IFCEXTRUDEDAREASOLID(#3971,#3974,#3978,0.02);
#3971=IFCARBITRARYCLOSEDPROFILEDEF(.AREA.,$,#3972);
#3972=IFCINDEXEDPOLYCURVE(#3973,(IFCLINEINDEX((1,2,3,4,5,6,1))),$);
#3973=IFCCARTESIANPOINTLIST2D(((0.,0.),(0.,0.040000000000000008),(-0.11999999999999988,0.040000000000000008),(-0.11999999999999988,0.020000000000000004),(-0.020000000000000018,0.020000000000000004),(-0.020000000000000018,0.)));
#3974=IFCAXIS2PLACEMENT3D(#3975,#3976,#3977);
#3975=IFCCARTESIANPOINT((0.62321798764169212,0.060000000521540642,1.015000000372529));
#3976=IFCDIRECTION((0.,0.,1.));
#3977=IFCDIRECTION((1.,0.,0.));
#3978=IFCDIRECTION((0.,0.,1.));
#4022=IFCCARTESIANPOINTLIST2D(((0.,0.),(0.,1.9034554958343506),(0.69821798801422119,1.9034554958343506),(0.69821798801422119,0.),(0.67321798764169216,0.),(0.67321798764169216,1.8784554954618216),(0.02500000037252903,1.8784554954618216),(0.02500000037252903,0.)));
#4023=IFCINDEXEDPOLYCURVE(#4022,(IFCLINEINDEX((1,2,3,4,5,6,7,8,1))),$);
#4024=IFCARBITRARYCLOSEDPROFILEDEF(.AREA.,$,#4023);
#4025=IFCCARTESIANPOINT((0.,0.02500000037252903,0.));
#4026=IFCDIRECTION((0.,-1.,0.));
#4027=IFCDIRECTION((1.,0.,0.));
#4028=IFCAXIS2PLACEMENT3D(#4025,#4026,#4027);
#4029=IFCDIRECTION((0.,0.,-1.));
#4030=IFCEXTRUDEDAREASOLID(#4024,#4028,#4029,0.02500000037252903);
#4031=IFCCARTESIANPOINTLIST2D(((0.,0.),(0.,1.9034554958343506),(0.69821798801422119,1.9034554958343506),(0.69821798801422119,0.),(0.64821798726916313,0.),(0.64821798726916313,1.8534554950892925),(0.05000000074505806,1.8534554950892925),(0.05000000074505806,0.)));
#4032=IFCINDEXEDPOLYCURVE(#4031,(IFCLINEINDEX((1,2,3,4,5,6,7,8,1))),$);
#4033=IFCARBITRARYCLOSEDPROFILEDEF(.AREA.,$,#4032);
#4034=IFCCARTESIANPOINT((0.,0.,0.));
#4035=IFCDIRECTION((0.,-1.,0.));
#4036=IFCDIRECTION((1.,0.,0.));
#4037=IFCAXIS2PLACEMENT3D(#4034,#4035,#4036);
#4038=IFCDIRECTION((0.,0.,-1.));
#4039=IFCEXTRUDEDAREASOLID(#4033,#4037,#4038,0.02500000037252903);
#4040=IFCCARTESIANPOINTLIST2D(((0.,0.),(0.59821798652410507,0.),(0.59821798652410507,0.10000000149011612),(0.,0.10000000149011612)));
#4041=IFCINDEXEDPOLYCURVE(#4040,(IFCLINEINDEX((1,2,3,4,1))),$);
#4042=IFCARBITRARYCLOSEDPROFILEDEF(.AREA.,$,#4041);
#4043=IFCCARTESIANPOINT((0.05000000074505806,0.,0.));
#4044=IFCDIRECTION((0.,0.,1.));
#4045=IFCDIRECTION((1.,0.,0.));
#4046=IFCAXIS2PLACEMENT3D(#4043,#4044,#4045);
#4047=IFCDIRECTION((0.,0.,1.));
#4048=IFCEXTRUDEDAREASOLID(#4042,#4046,#4047,0.02500000037252903);
#4049=IFCCARTESIANPOINTLIST2D(((0.,0.),(0.,1.9284554980695248),(0.74821799248456955,1.9284554980695248),(0.74821799248456955,0.),(0.67321798950433731,0.),(0.67321798950433731,1.8534554950892925),(0.075000002980232239,1.8534554950892925),(0.075000002980232239,0.)));
#4050=IFCINDEXEDPOLYCURVE(#4049,(IFCLINEINDEX((1,2,3,4,5,6,7,8,1))),$);
#4051=IFCARBITRARYCLOSEDPROFILEDEF(.AREA.,$,#4050);
#4052=IFCCARTESIANPOINT((-0.025000002235174179,-0.004999999888241291,0.));
#4053=IFCDIRECTION((0.,-1.,0.));
#4054=IFCDIRECTION((1.,0.,0.));
#4055=IFCAXIS2PLACEMENT3D(#4052,#4053,#4054);
#4056=IFCDIRECTION((0.,0.,-1.));
#4057=IFCEXTRUDEDAREASOLID(#4051,#4055,#4056,0.004999999888241291);
#4058=IFCCARTESIANPOINTLIST2D(((0.,0.),(0.,1.9284554980695248),(0.74821799248456955,1.9284554980695248),(0.74821799248456955,0.),(0.69821798987686634,0.),(0.69821798987686634,1.8784554954618216),(0.050000002607703209,1.8784554954618216),(0.050000002607703209,0.)));
#4059=IFCINDEXEDPOLYCURVE(#4058,(IFCLINEINDEX((1,2,3,4,5,6,7,8,1))),$);
#4060=IFCARBITRARYCLOSEDPROFILEDEF(.AREA.,$,#4059);
#4061=IFCCARTESIANPOINT((-0.025000002235174179,0.05000000074505806,0.));
#4062=IFCDIRECTION((0.,-1.,0.));
#4063=IFCDIRECTION((1.,0.,0.));
#4064=IFCAXIS2PLACEMENT3D(#4061,#4062,#4063);
#4065=IFCDIRECTION((0.,0.,-1.));
#4066=IFCEXTRUDEDAREASOLID(#4060,#4064,#4065,0.004999999888241291);
#4067=IFCCARTESIANPOINTLIST2D(((0.,0.),(0.64821798726916313,0.),(0.64821798726916313,0.035000000149011612),(0.,0.035000000149011612)));
#4068=IFCINDEXEDPOLYCURVE(#4067,(IFCLINEINDEX((1,2,3,4,1))),$);
#4069=IFCARBITRARYCLOSEDPROFILEDEF(.AREA.,$,#4068);
#4070=IFCCARTESIANPOINT((0.02500000037252903,0.02500000037252903,0.02500000037252903));
#4071=IFCDIRECTION((0.,0.,1.));
#4072=IFCDIRECTION((1.,0.,0.));
#4073=IFCAXIS2PLACEMENT3D(#4070,#4071,#4072);
#4074=IFCDIRECTION((0.,0.,1.));
#4075=IFCEXTRUDEDAREASOLID(#4069,#4073,#4074,1.8534554950892925);
#4076=IFCCARTESIANPOINTLIST2D(((0.,0.),(0.,-0.040000000000000001),(0.12,-0.040000000000000001),(0.12,-0.02),(0.02,-0.02),(0.02,0.)));
#4077=IFCINDEXEDPOLYCURVE(#4076,(IFCLINEINDEX((1,2,3,4,5,6,1))),$);
#4078=IFCARBITRARYCLOSEDPROFILEDEF(.AREA.,$,#4077);
#4079=IFCCARTESIANPOINT((0.075000000372529033,0.02500000037252903,1.015000000372529));
#4080=IFCDIRECTION((0.,0.,1.));
#4081=IFCDIRECTION((1.,0.,0.));
#4082=IFCAXIS2PLACEMENT3D(#4079,#4080,#4081);
#4083=IFCDIRECTION((0.,0.,1.));
#4084=IFCEXTRUDEDAREASOLID(#4078,#4082,#4083,0.02);
#4085=IFCEXTRUDEDAREASOLID(#4086,#4089,#4093,0.02);
#4086=IFCARBITRARYCLOSEDPROFILEDEF(.AREA.,$,#4087);
#4087=IFCINDEXEDPOLYCURVE(#4088,(IFCLINEINDEX((1,2,3,4,5,6,1))),$);
#4088=IFCCARTESIANPOINTLIST2D(((0.,0.),(0.,0.040000000000000008),(0.11999999999999998,0.040000000000000008),(0.11999999999999998,0.020000000000000004),(0.020000000000000004,0.020000000000000004),(0.020000000000000004,0.)));
#4089=IFCAXIS2PLACEMENT3D(#4090,#4091,#4092);
#4090=IFCCARTESIANPOINT((0.075000000372529033,0.060000000521540642,1.015000000372529));
#4091=IFCDIRECTION((0.,0.,1.));
#4092=IFCDIRECTION((1.,0.,0.));
#4093=IFCDIRECTION((0.,0.,1.));
#4137=IFCCARTESIANPOINTLIST2D(((0.,0.),(0.,1.9034554958343506),(0.70755183696746826,1.9034554958343506),(0.70755183696746826,0.),(0.68255183659493923,0.),(0.68255183659493923,1.8784554954618216),(0.02500000037252903,1.8784554954618216),(0.02500000037252903,0.)));
#4138=IFCINDEXEDPOLYCURVE(#4137,(IFCLINEINDEX((1,2,3,4,5,6,7,8,1))),$);
#4139=IFCARBITRARYCLOSEDPROFILEDEF(.AREA.,$,#4138);
#4140=IFCCARTESIANPOINT((0.,0.02500000037252903,0.));
#4141=IFCDIRECTION((0.,-1.,0.));
#4142=IFCDIRECTION((1.,0.,0.));
#4143=IFCAXIS2PLACEMENT3D(#4140,#4141,#4142);
#4144=IFCDIRECTION((0.,0.,-1.));
#4145=IFCEXTRUDEDAREASOLID(#4139,#4143,#4144,0.02500000037252903);
#4146=IFCCARTESIANPOINTLIST2D(((0.,0.),(0.,1.9034554958343506),(0.70755183696746826,1.9034554958343506),(0.70755183696746826,0.),(0.6575518362224102,0.),(0.6575518362224102,1.8534554950892925),(0.05000000074505806,1.8534554950892925),(0.05000000074505806,0.)));
#4147=IFCINDEXEDPOLYCURVE(#4146,(IFCLINEINDEX((1,2,3,4,5,6,7,8,1))),$);
#4148=IFCARBITRARYCLOSEDPROFILEDEF(.AREA.,$,#4147);
#4149=IFCCARTESIANPOINT((0.,0.,0.));
#4150=IFCDIRECTION((0.,-1.,0.));
#4151=IFCDIRECTION((1.,0.,0.));
#4152=IFCAXIS2PLACEMENT3D(#4149,#4150,#4151);
#4153=IFCDIRECTION((0.,0.,-1.));
#4154=IFCEXTRUDEDAREASOLID(#4148,#4152,#4153,0.02500000037252903);
#4155=IFCCARTESIANPOINTLIST2D(((0.,0.),(0.60755183547735214,0.),(0.60755183547735214,0.10000000149011612),(0.,0.10000000149011612)));
#4156=IFCINDEXEDPOLYCURVE(#4155,(IFCLINEINDEX((1,2,3,4,1))),$);
#4157=IFCARBITRARYCLOSEDPROFILEDEF(.AREA.,$,#4156);
#4158=IFCCARTESIANPOINT((0.05000000074505806,0.,0.));
#4159=IFCDIRECTION((0.,0.,1.));
#4160=IFCDIRECTION((1.,0.,0.));
#4161=IFCAXIS2PLACEMENT3D(#4158,#4159,#4160);
#4162=IFCDIRECTION((0.,0.,1.));
#4163=IFCEXTRUDEDAREASOLID(#4157,#4161,#4162,0.02500000037252903);
#4164=IFCCARTESIANPOINTLIST2D(((0.,0.),(0.,1.9284554980695248),(0.75755184143781662,1.9284554980695248),(0.75755184143781662,0.),(0.68255183845758438,0.),(0.68255183845758438,1.8534554950892925),(0.075000002980232239,1.8534554950892925),(0.075000002980232239,0.)));
#4165=IFCINDEXEDPOLYCURVE(#4164,(IFCLINEINDEX((1,2,3,4,5,6,7,8,1))),$);
#4166=IFCARBITRARYCLOSEDPROFILEDEF(.AREA.,$,#4165);
#4167=IFCCARTESIANPOINT((-0.025000002235174179,-0.004999999888241291,0.));
#4168=IFCDIRECTION((0.,-1.,0.));
#4169=IFCDIRECTION((1.,0.,0.));
#4170=IFCAXIS2PLACEMENT3D(#4167,#4168,#4169);
#4171=IFCDIRECTION((0.,0.,-1.));
#4172=IFCEXTRUDEDAREASOLID(#4166,#4170,#4171,0.004999999888241291);
#4173=IFCCARTESIANPOINTLIST2D(((0.,0.),(0.,1.9284554980695248),(0.75755184143781662,1.9284554980695248),(0.75755184143781662,0.),(0.70755183883011341,0.),(0.70755183883011341,1.8784554954618216),(0.050000002607703209,1.8784554954618216),(0.050000002607703209,0.)));
#4174=IFCINDEXEDPOLYCURVE(#4173,(IFCLINEINDEX((1,2,3,4,5,6,7,8,1))),$);
#4175=IFCARBITRARYCLOSEDPROFILEDEF(.AREA.,$,#4174);
#4176=IFCCARTESIANPOINT((-0.025000002235174179,0.05000000074505806,0.));
#4177=IFCDIRECTION((0.,-1.,0.));
#4178=IFCDIRECTION((1.,0.,0.));
#4179=IFCAXIS2PLACEMENT3D(#4176,#4177,#4178);
#4180=IFCDIRECTION((0.,0.,-1.));
#4181=IFCEXTRUDEDAREASOLID(#4175,#4179,#4180,0.004999999888241291);
#4182=IFCCARTESIANPOINTLIST2D(((0.,0.),(0.6575518362224102,0.),(0.6575518362224102,0.035000000149011612),(0.,0.035000000149011612)));
#4183=IFCINDEXEDPOLYCURVE(#4182,(IFCLINEINDEX((1,2,3,4,1))),$);
#4184=IFCARBITRARYCLOSEDPROFILEDEF(.AREA.,$,#4183);
#4185=IFCCARTESIANPOINT((0.02500000037252903,0.02500000037252903,0.02500000037252903));
#4186=IFCDIRECTION((0.,0.,1.));
#4187=IFCDIRECTION((1.,0.,0.));
#4188=IFCAXIS2PLACEMENT3D(#4185,#4186,#4187);
#4189=IFCDIRECTION((0.,0.,1.));
#4190=IFCEXTRUDEDAREASOLID(#4184,#4188,#4189,1.8534554950892925);
#4191=IFCCARTESIANPOINTLIST2D(((0.,0.),(0.,-0.040000000000000001),(-0.11999999999999988,-0.040000000000000001),(-0.11999999999999988,-0.02),(-0.020000000000000018,-0.02),(-0.020000000000000018,0.)));
#4192=IFCINDEXEDPOLYCURVE(#4191,(IFCLINEINDEX((1,2,3,4,5,6,1))),$);
#4193=IFCARBITRARYCLOSEDPROFILEDEF(.AREA.,$,#4192);
#4194=IFCCARTESIANPOINT((0.63255183659493919,0.02500000037252903,1.015000000372529));
#4195=IFCDIRECTION((0.,0.,1.));
#4196=IFCDIRECTION((1.,0.,0.));
#4197=IFCAXIS2PLACEMENT3D(#4194,#4195,#4196);
#4198=IFCDIRECTION((0.,0.,1.));
#4199=IFCEXTRUDEDAREASOLID(#4193,#4197,#4198,0.02);
#4200=IFCEXTRUDEDAREASOLID(#4201,#4204,#4208,0.02);
#4201=IFCARBITRARYCLOSEDPROFILEDEF(.AREA.,$,#4202);
#4202=IFCINDEXEDPOLYCURVE(#4203,(IFCLINEINDEX((1,2,3,4,5,6,1))),$);
#4203=IFCCARTESIANPOINTLIST2D(((0.,0.),(0.,0.040000000000000008),(-0.11999999999999988,0.040000000000000008),(-0.11999999999999988,0.020000000000000004),(-0.020000000000000018,0.020000000000000004),(-0.020000000000000018,0.)));
#4204=IFCAXIS2PLACEMENT3D(#4205,#4206,#4207);
#4205=IFCCARTESIANPOINT((0.63255183659493919,0.060000000521540642,1.015000000372529));
#4206=IFCDIRECTION((0.,0.,1.));
#4207=IFCDIRECTION((1.,0.,0.));
#4208=IFCDIRECTION((0.,0.,1.));
#4249=IFCCARTESIANPOINTLIST3D(((0.,0.,0.),(0.70755183696746826,0.,0.),(0.70755183696746826,0.,1.9034554958343506),(0.,0.,1.9034554958343506)));
#4250=IFCINDEXEDPOLYCURVE(#4249,(IFCLINEINDEX((1,2,3,4,1))),$);
#4251=IFCSHAPEREPRESENTATION(#18,'Profile','Curve3D',(#4250));
#4252=IFCCARTESIANPOINTLIST2D(((0.,0.),(0.,1.9034554958343506),(0.70755183696746826,1.9034554958343506),(0.70755183696746826,0.),(0.68255183659493923,0.),(0.68255183659493923,1.8784554954618216),(0.02500000037252903,1.8784554954618216),(0.02500000037252903,0.)));
#4253=IFCINDEXEDPOLYCURVE(#4252,(IFCLINEINDEX((1,2,3,4,5,6,7,8,1))),$);
#4254=IFCARBITRARYCLOSEDPROFILEDEF(.AREA.,$,#4253);
#4255=IFCCARTESIANPOINT((0.,0.02500000037252903,0.));
#4256=IFCDIRECTION((0.,-1.,0.));
#4257=IFCDIRECTION((1.,0.,0.));
#4258=IFCAXIS2PLACEMENT3D(#4255,#4256,#4257);
#4259=IFCDIRECTION((0.,0.,-1.));
#4260=IFCEXTRUDEDAREASOLID(#4254,#4258,#4259,0.02500000037252903);
#4261=IFCCARTESIANPOINTLIST2D(((0.,0.),(0.,1.9034554958343506),(0.70755183696746826,1.9034554958343506),(0.70755183696746826,0.),(0.6575518362224102,0.),(0.6575518362224102,1.8534554950892925),(0.05000000074505806,1.8534554950892925),(0.05000000074505806,0.)));
#4262=IFCINDEXEDPOLYCURVE(#4261,(IFCLINEINDEX((1,2,3,4,5,6,7,8,1))),$);
#4263=IFCARBITRARYCLOSEDPROFILEDEF(.AREA.,$,#4262);
#4264=IFCCARTESIANPOINT((0.,0.,0.));
#4265=IFCDIRECTION((0.,-1.,0.));
#4266=IFCDIRECTION((1.,0.,0.));
#4267=IFCAXIS2PLACEMENT3D(#4264,#4265,#4266);
#4268=IFCDIRECTION((0.,0.,-1.));
#4269=IFCEXTRUDEDAREASOLID(#4263,#4267,#4268,0.02500000037252903);
#4270=IFCCARTESIANPOINTLIST2D(((0.,0.),(0.60755183547735214,0.),(0.60755183547735214,0.10000000149011612),(0.,0.10000000149011612)));
#4271=IFCINDEXEDPOLYCURVE(#4270,(IFCLINEINDEX((1,2,3,4,1))),$);
#4272=IFCARBITRARYCLOSEDPROFILEDEF(.AREA.,$,#4271);
#4273=IFCCARTESIANPOINT((0.05000000074505806,0.,0.));
#4274=IFCDIRECTION((0.,0.,1.));
#4275=IFCDIRECTION((1.,0.,0.));
#4276=IFCAXIS2PLACEMENT3D(#4273,#4274,#4275);
#4277=IFCDIRECTION((0.,0.,1.));
#4278=IFCEXTRUDEDAREASOLID(#4272,#4276,#4277,0.02500000037252903);
#4279=IFCCARTESIANPOINTLIST2D(((0.,0.),(0.,1.9284554980695248),(0.75755184143781662,1.9284554980695248),(0.75755184143781662,0.),(0.68255183845758438,0.),(0.68255183845758438,1.8534554950892925),(0.075000002980232239,1.8534554950892925),(0.075000002980232239,0.)));
#4280=IFCINDEXEDPOLYCURVE(#4279,(IFCLINEINDEX((1,2,3,4,5,6,7,8,1))),$);
#4281=IFCARBITRARYCLOSEDPROFILEDEF(.AREA.,$,#4280);
#4282=IFCCARTESIANPOINT((-0.025000002235174179,-0.004999999888241291,0.));
#4283=IFCDIRECTION((0.,-1.,0.));
#4284=IFCDIRECTION((1.,0.,0.));
#4285=IFCAXIS2PLACEMENT3D(#4282,#4283,#4284);
#4286=IFCDIRECTION((0.,0.,-1.));
#4287=IFCEXTRUDEDAREASOLID(#4281,#4285,#4286,0.004999999888241291);
#4288=IFCCARTESIANPOINTLIST2D(((0.,0.),(0.,1.9284554980695248),(0.75755184143781662,1.9284554980695248),(0.75755184143781662,0.),(0.70755183883011341,0.),(0.70755183883011341,1.8784554954618216),(0.050000002607703209,1.8784554954618216),(0.050000002607703209,0.)));
#4289=IFCINDEXEDPOLYCURVE(#4288,(IFCLINEINDEX((1,2,3,4,5,6,7,8,1))),$);
#4290=IFCARBITRARYCLOSEDPROFILEDEF(.AREA.,$,#4289);
#4291=IFCCARTESIANPOINT((-0.025000002235174179,0.05000000074505806,0.));
#4292=IFCDIRECTION((0.,-1.,0.));
#4293=IFCDIRECTION((1.,0.,0.));
#4294=IFCAXIS2PLACEMENT3D(#4291,#4292,#4293);
#4295=IFCDIRECTION((0.,0.,-1.));
#4296=IFCEXTRUDEDAREASOLID(#4290,#4294,#4295,0.004999999888241291);
#4297=IFCCARTESIANPOINTLIST2D(((0.,0.),(0.6575518362224102,0.),(0.6575518362224102,0.035000000149011612),(0.,0.035000000149011612)));
#4298=IFCINDEXEDPOLYCURVE(#4297,(IFCLINEINDEX((1,2,3,4,1))),$);
#4299=IFCARBITRARYCLOSEDPROFILEDEF(.AREA.,$,#4298);
#4300=IFCCARTESIANPOINT((0.02500000037252903,0.02500000037252903,0.02500000037252903));
#4301=IFCDIRECTION((0.,0.,1.));
#4302=IFCDIRECTION((1.,0.,0.));
#4303=IFCAXIS2PLACEMENT3D(#4300,#4301,#4302);
#4304=IFCDIRECTION((0.,0.,1.));
#4305=IFCEXTRUDEDAREASOLID(#4299,#4303,#4304,1.8534554950892925);
#4306=IFCCARTESIANPOINTLIST2D(((0.,0.),(0.,-0.040000000000000001),(0.12,-0.040000000000000001),(0.12,-0.02),(0.02,-0.02),(0.02,0.)));
#4307=IFCINDEXEDPOLYCURVE(#4306,(IFCLINEINDEX((1,2,3,4,5,6,1))),$);
#4308=IFCARBITRARYCLOSEDPROFILEDEF(.AREA.,$,#4307);
#4309=IFCCARTESIANPOINT((0.075000000372529033,0.02500000037252903,1.015000000372529));
#4310=IFCDIRECTION((0.,0.,1.));
#4311=IFCDIRECTION((1.,0.,0.));
#4312=IFCAXIS2PLACEMENT3D(#4309,#4310,#4311);
#4313=IFCDIRECTION((0.,0.,1.));
#4314=IFCEXTRUDEDAREASOLID(#4308,#4312,#4313,0.02);
#4315=IFCEXTRUDEDAREASOLID(#4316,#4319,#4323,0.02);
#4316=IFCARBITRARYCLOSEDPROFILEDEF(.AREA.,$,#4317);
#4317=IFCINDEXEDPOLYCURVE(#4318,(IFCLINEINDEX((1,2,3,4,5,6,1))),$);
#4318=IFCCARTESIANPOINTLIST2D(((0.,0.),(0.,0.040000000000000008),(0.11999999999999998,0.040000000000000008),(0.11999999999999998,0.020000000000000004),(0.020000000000000004,0.020000000000000004),(0.020000000000000004,0.)));
#4319=IFCAXIS2PLACEMENT3D(#4320,#4321,#4322);
#4320=IFCCARTESIANPOINT((0.075000000372529033,0.060000000521540642,1.015000000372529));
#4321=IFCDIRECTION((0.,0.,1.));
#4322=IFCDIRECTION((1.,0.,0.));
#4323=IFCDIRECTION((0.,0.,1.));
#4324=IFCSHAPEREPRESENTATION(#11,'Body','SweptSolid',(#4260,#4269,#4305,#4314,#4315,#4278,#4287,#4296));
#4325=IFCCARTESIANPOINTLIST2D(((0.,0.),(0.,0.05000000074505806),(0.02500000037252903,0.05000000074505806),(0.02500000037252903,0.02500000037252903),(0.05000000074505806,0.02500000037252903),(0.05000000074505806,0.)));
#4326=IFCINDEXEDPOLYCURVE(#4325,(IFCLINEINDEX((1,2,3,4,5,6,1))),$);
#4327=IFCINDEXEDPOLYCURVE(#4328,(IFCLINEINDEX((1,2,3,4,5,6,1))),$);
#4328=IFCCARTESIANPOINTLIST2D(((0.70755183696746826,0.),(0.70755183696746826,0.05000000074505806),(0.68255183659493923,0.05000000074505806),(0.68255183659493923,0.02500000037252903),(0.6575518362224102,0.02500000037252903),(0.6575518362224102,0.)));
#4329=IFCDIRECTION((1.,0.));
#4330=IFCCARTESIANPOINT((0.64755183644592762,0.05000000074505806));
#4331=IFCAXIS2PLACEMENT2D(#4330,#4329);
#4332=IFCELLIPSE(#4331,0.62255183607339859,0.6575518362224102);
#4333=IFCCARTESIANPOINT((0.64755183644592762,0.70755183696746826));
#4334=IFCCARTESIANPOINT((0.02500000037252903,0.05000000074505806));
#4335=IFCTRIMMEDCURVE(#4332,(#4333),(#4334),.T.,.CARTESIAN.);
#4336=IFCCARTESIANPOINTLIST2D(((0.68255183659493923,0.05000000074505806),(0.64755183644592762,0.05000000074505806),(0.64755183644592762,0.70755183696746826),(0.68255183659493923,0.70755183696746826)));
#4337=IFCINDEXEDPOLYCURVE(#4336,(IFCLINEINDEX((1,2,3,4,1))),$);
#4338=IFCSHAPEREPRESENTATION(#24,'Body','Curve2D',(#4326,#4327,#4335,#4337));
#4339=IFCCARTESIANPOINTLIST2D(((0.,0.),(0.70755183696746826,0.),(0.70755183696746826,1.9034554958343506),(0.,1.9034554958343506)));
#4340=IFCINDEXEDPOLYCURVE(#4339,(IFCLINEINDEX((1,2,3,4,1))),$);
#4341=IFCARBITRARYCLOSEDPROFILEDEF(.AREA.,$,#4340);
#4342=IFCCARTESIANPOINT((0.,-0.60000002384185791,0.));
#4343=IFCDIRECTION((0.,-1.,0.));
#4344=IFCDIRECTION((1.,0.,0.));
#4345=IFCAXIS2PLACEMENT3D(#4342,#4343,#4344);
#4346=IFCDIRECTION((0.,0.,-1.));
#4347=IFCEXTRUDEDAREASOLID(#4341,#4345,#4346,1.2);
#4348=IFCSHAPEREPRESENTATION(#11,'Body','SweptSolid',(#4347));
#4354=IFCCARTESIANPOINT((0.057905912399268011,1.304839867266594E-07,0.));
#4355=IFCDIRECTION((0.,0.,1.));
#4356=IFCDIRECTION((0.99999999999999289,-1.1920928955077312E-07,0.));
#4357=IFCAXIS2PLACEMENT3D(#4354,#4355,#4356);
#4358=IFCLOCALPLACEMENT(#824,#4357);
#4359=IFCCARTESIANPOINT((-4.4408920985006262E-16,0.,0.));
#4360=IFCDIRECTION((0.,0.,1.));
#4361=IFCDIRECTION((1.,0.,0.));
#4362=IFCAXIS2PLACEMENT3D(#4359,#4360,#4361);
#4363=IFCLOCALPLACEMENT(#4358,#4362);
#4364=IFCDOORTYPE('2rdOPVXwb6XPRhPiV2Gvv8',$,'MAIDS - GF',$,$,(#4365),(#4367,#4375,#4453,#4625),$,$,.DOOR.,.SINGLE_SWING_LEFT.,$,$);
#4365=IFCPROPERTYSET('2djqxWSXDCzvDhLU98mNHp',$,'BBIM_Door',$,(#4366));
#4366=IFCPROPERTYSINGLEVALUE('Data',$,IFCTEXT('{"door_type": "SLIDING_TO_RIGHT", "overall_height": 1.9034554958343506, "overall_width": 1.3570384979248047, "lining_properties": {"lining_depth": 0.05000000074505806, "lining_thickness": 0.05000000074505806, "lining_offset": 0.0, "transom_thickness": 0.0, "casing_thickness": 0.07500000298023224, "casing_depth": 0.004999999888241291, "threshold_thickness": 0.02500000037252903, "threshold_depth": 0.10000000149011612, "threshold_offset": 0.0}, "panel_properties": {"panel_depth": 0.03500000014901161, "panel_width_ratio": 1.0}}'),$);
#4367=IFCREPRESENTATIONMAP(#4368,#10474);
#4368=IFCAXIS2PLACEMENT3D(#4369,#4370,#4371);
#4369=IFCCARTESIANPOINT((0.,0.,0.));
#4370=IFCDIRECTION((0.,0.,1.));
#4371=IFCDIRECTION((1.,0.,0.));
#4375=IFCREPRESENTATIONMAP(#4376,#10538);
#4376=IFCAXIS2PLACEMENT3D(#4377,#4378,#4379);
#4377=IFCCARTESIANPOINT((0.,0.,0.));
#4378=IFCDIRECTION((0.,0.,1.));
#4379=IFCDIRECTION((1.,0.,0.));
#4453=IFCREPRESENTATIONMAP(#4454,#10545);
#4454=IFCAXIS2PLACEMENT3D(#4455,#4456,#4457);
#4455=IFCCARTESIANPOINT((0.,0.,0.));
#4456=IFCDIRECTION((0.,0.,1.));
#4457=IFCDIRECTION((1.,0.,0.));
#4472=IFCDOOR('176qAgl$DCWO5dd9cFvuCR',$,'Door',$,$,#10575,#4482,$,1.9034554958343506,1.3570384979248047,$,.SLIDING_TO_RIGHT.,$);
#4474=IFCRELDEFINESBYTYPE('00gp4MK79BCv$8z3Pnwufa',$,$,$,(#4472),#4364);
#4475=IFCCARTESIANPOINT((0.,0.,0.));
#4476=IFCDIRECTION((1.,0.,0.));
#4477=IFCDIRECTION((0.,1.,0.));
#4478=IFCDIRECTION((0.,0.,1.));
#4479=IFCCARTESIANTRANSFORMATIONOPERATOR3D(#4476,#4477,#4475,1.,#4478);
#4480=IFCMAPPEDITEM(#4367,#4479);
#4481=IFCSHAPEREPRESENTATION(#18,'Profile','MappedRepresentation',(#4480));
#4482=IFCPRODUCTDEFINITIONSHAPE($,$,(#4481,#4489,#4496,#4632));
#4483=IFCCARTESIANPOINT((0.,0.,0.));
#4484=IFCDIRECTION((1.,0.,0.));
#4485=IFCDIRECTION((0.,1.,0.));
#4486=IFCDIRECTION((0.,0.,1.));
#4487=IFCCARTESIANTRANSFORMATIONOPERATOR3D(#4484,#4485,#4483,1.,#4486);
#4488=IFCMAPPEDITEM(#4375,#4487);
#4489=IFCSHAPEREPRESENTATION(#11,'Body','MappedRepresentation',(#4488));
#4490=IFCCARTESIANPOINT((0.,0.,0.));
#4491=IFCDIRECTION((1.,0.,0.));
#4492=IFCDIRECTION((0.,1.,0.));
#4493=IFCDIRECTION((0.,0.,1.));
#4494=IFCCARTESIANTRANSFORMATIONOPERATOR3D(#4491,#4492,#4490,1.,#4493);
#4495=IFCMAPPEDITEM(#4453,#4494);
#4496=IFCSHAPEREPRESENTATION(#24,'Body','MappedRepresentation',(#4495));
#4497=IFCOPENINGELEMENT('1GeJ4PbAjAhQhWHAxXAFfh',$,'Opening',$,$,#10570,#4525,$,.OPENING.);
#4513=IFCCARTESIANPOINT((0.,0.,0.));
#4514=IFCDIRECTION((1.,0.,0.));
#4515=IFCDIRECTION((0.,0.,1.));
#4516=IFCAXIS2PLACEMENT3D(#4513,#4515,#4514);
#4517=IFCREPRESENTATIONMAP(#4516,#10560);
#4518=IFCCARTESIANPOINT((0.,0.,0.));
#4519=IFCDIRECTION((1.,0.,0.));
#4520=IFCDIRECTION((0.,1.,0.));
#4521=IFCDIRECTION((0.,0.,1.));
#4522=IFCCARTESIANTRANSFORMATIONOPERATOR3D(#4519,#4520,#4518,1.,#4521);
#4523=IFCMAPPEDITEM(#4517,#4522);
#4524=IFCSHAPEREPRESENTATION(#11,'Body','MappedRepresentation',(#4523));
#4525=IFCPRODUCTDEFINITIONSHAPE($,$,(#4524));
#4526=IFCRELVOIDSELEMENT('1YciZ8tyv1UvclQu$cSlKv',$,$,$,#877,#4497);
#4532=IFCRELFILLSELEMENT('1gd0UnOC14VRI1e1VwGXSE',$,$,$,#4497,#4472);
#4541=IFCCARTESIANPOINTLIST2D(((0.,0.),(0.,1.9034554958343506),(1.3570384979248047,1.9034554958343506),(1.3570384979248047,0.),(1.3070384971797466,0.),(1.3070384971797466,1.8534554950892925),(0.05000000074505806,1.8534554950892925),(0.05000000074505806,0.)));
#4542=IFCINDEXEDPOLYCURVE(#4541,(IFCLINEINDEX((1,2,3,4,5,6,7,8,1))),$);
#4543=IFCARBITRARYCLOSEDPROFILEDEF(.AREA.,$,#4542);
#4544=IFCCARTESIANPOINT((0.,0.,0.));
#4545=IFCDIRECTION((0.,-1.,0.));
#4546=IFCDIRECTION((1.,0.,0.));
#4547=IFCAXIS2PLACEMENT3D(#4544,#4545,#4546);
#4548=IFCDIRECTION((0.,0.,-1.));
#4549=IFCEXTRUDEDAREASOLID(#4543,#4547,#4548,0.05000000074505806);
#4550=IFCCARTESIANPOINTLIST2D(((0.,0.),(1.2570384964346886,0.),(1.2570384964346886,0.10000000149011612),(0.,0.10000000149011612)));
#4551=IFCINDEXEDPOLYCURVE(#4550,(IFCLINEINDEX((1,2,3,4,1))),$);
#4552=IFCARBITRARYCLOSEDPROFILEDEF(.AREA.,$,#4551);
#4553=IFCCARTESIANPOINT((0.05000000074505806,0.,0.));
#4554=IFCDIRECTION((0.,0.,1.));
#4555=IFCDIRECTION((1.,0.,0.));
#4556=IFCAXIS2PLACEMENT3D(#4553,#4554,#4555);
#4557=IFCDIRECTION((0.,0.,1.));
#4558=IFCEXTRUDEDAREASOLID(#4552,#4556,#4557,0.02500000037252903);
#4559=IFCCARTESIANPOINTLIST2D(((0.,0.),(0.,1.9284554980695248),(1.407038502395153,1.9284554980695248),(1.407038502395153,0.),(1.3320384994149208,0.),(1.3320384994149208,1.8534554950892925),(0.075000002980232239,1.8534554950892925),(0.075000002980232239,0.)));
#4560=IFCINDEXEDPOLYCURVE(#4559,(IFCLINEINDEX((1,2,3,4,5,6,7,8,1))),$);
#4561=IFCARBITRARYCLOSEDPROFILEDEF(.AREA.,$,#4560);
#4562=IFCCARTESIANPOINT((-0.025000002235174179,-0.004999999888241291,0.));
#4563=IFCDIRECTION((0.,-1.,0.));
#4564=IFCDIRECTION((1.,0.,0.));
#4565=IFCAXIS2PLACEMENT3D(#4562,#4563,#4564);
#4566=IFCDIRECTION((0.,0.,-1.));
#4567=IFCEXTRUDEDAREASOLID(#4561,#4565,#4566,0.004999999888241291);
#4568=IFCCARTESIANPOINTLIST2D(((0.,0.),(0.,1.9284554980695248),(1.407038502395153,1.9284554980695248),(1.407038502395153,0.),(1.3320384994149208,0.),(1.3320384994149208,1.8534554950892925),(0.075000002980232239,1.8534554950892925),(0.075000002980232239,0.)));
#4569=IFCINDEXEDPOLYCURVE(#4568,(IFCLINEINDEX((1,2,3,4,5,6,7,8,1))),$);
#4570=IFCARBITRARYCLOSEDPROFILEDEF(.AREA.,$,#4569);
#4571=IFCCARTESIANPOINT((-0.025000002235174179,0.05000000074505806,0.));
#4572=IFCDIRECTION((0.,-1.,0.));
#4573=IFCDIRECTION((1.,0.,0.));
#4574=IFCAXIS2PLACEMENT3D(#4571,#4572,#4573);
#4575=IFCDIRECTION((0.,0.,-1.));
#4576=IFCEXTRUDEDAREASOLID(#4570,#4574,#4575,0.004999999888241291);
#4577=IFCCARTESIANPOINTLIST2D(((0.,0.),(1.2570384964346886,0.),(1.2570384964346886,0.035000000149011612),(0.,0.035000000149011612)));
#4578=IFCINDEXEDPOLYCURVE(#4577,(IFCLINEINDEX((1,2,3,4,1))),$);
#4579=IFCARBITRARYCLOSEDPROFILEDEF(.AREA.,$,#4578);
#4580=IFCCARTESIANPOINT((0.05000000074505806,-0.035000000149011612,0.02500000037252903));
#4581=IFCDIRECTION((0.,0.,1.));
#4582=IFCDIRECTION((1.,0.,0.));
#4583=IFCAXIS2PLACEMENT3D(#4580,#4581,#4582);
#4584=IFCDIRECTION((0.,0.,1.));
#4585=IFCEXTRUDEDAREASOLID(#4579,#4583,#4584,1.8284554947167635);
#4586=IFCCARTESIANPOINTLIST2D(((0.,0.),(0.,-0.040000000000000008),(-0.11999999999999988,-0.040000000000000008),(-0.11999999999999988,-0.020000000000000004),(-0.020000000000000018,-0.020000000000000004),(-0.020000000000000018,0.)));
#4587=IFCINDEXEDPOLYCURVE(#4586,(IFCLINEINDEX((1,2,3,4,5,6,1))),$);
#4588=IFCARBITRARYCLOSEDPROFILEDEF(.AREA.,$,#4587);
#4589=IFCCARTESIANPOINT((1.2570384971797466,-0.035000000149011612,1.015000000372529));
#4590=IFCDIRECTION((0.,0.,1.));
#4591=IFCDIRECTION((1.,0.,0.));
#4592=IFCAXIS2PLACEMENT3D(#4589,#4590,#4591);
#4593=IFCDIRECTION((0.,0.,1.));
#4594=IFCEXTRUDEDAREASOLID(#4588,#4592,#4593,0.02);
#4595=IFCEXTRUDEDAREASOLID(#4596,#4599,#4603,0.02);
#4596=IFCARBITRARYCLOSEDPROFILEDEF(.AREA.,$,#4597);
#4597=IFCINDEXEDPOLYCURVE(#4598,(IFCLINEINDEX((1,2,3,4,5,6,1))),$);
#4598=IFCCARTESIANPOINTLIST2D(((0.,0.),(0.,0.040000000000000008),(-0.11999999999999988,0.040000000000000008),(-0.11999999999999988,0.020000000000000004),(-0.020000000000000018,0.020000000000000004),(-0.020000000000000018,0.)));
#4599=IFCAXIS2PLACEMENT3D(#4600,#4601,#4602);
#4600=IFCCARTESIANPOINT((1.2570384971797466,0.,1.015000000372529));
#4601=IFCDIRECTION((0.,0.,1.));
#4602=IFCDIRECTION((1.,0.,0.));
#4603=IFCDIRECTION((0.,0.,1.));
#4605=IFCSHAPEREPRESENTATION(#11,'Body','SweptSolid',(#10510,#4717,#4937,#5145,#4860,#4576,#5068,#4851,#10501,#4708,#4567,#5059,#4842,#10492,#4699,#4558,#5050,#4833,#10483,#5172,#4964,#4726,#5163,#5041,#4955,#5154,#4549,#4946));
#4606=IFCSHAPEASPECT((#4605),'Lining',$,.T.,#4482);
#4607=IFCSHAPEREPRESENTATION(#11,'Body','SweptSolid',(#5077,#5087,#4585,#4594,#4869,#5190,#4982,#5181,#4983,#10529,#4745,#5191,#4973,#4735,#4744,#4878,#10528,#4879,#5086,#4595,#10519));
#4608=IFCSHAPEASPECT((#4607),'Framing',$,.T.,#4482);
#4621=IFCCARTESIANPOINT((0.,0.,0.));
#4622=IFCDIRECTION((1.,0.,0.));
#4623=IFCDIRECTION((0.,0.,1.));
#4624=IFCAXIS2PLACEMENT3D(#4621,#4623,#4622);
#4625=IFCREPRESENTATIONMAP(#4624,#10550);
#4626=IFCCARTESIANPOINT((0.,0.,0.));
#4627=IFCDIRECTION((1.,0.,0.));
#4628=IFCDIRECTION((0.,1.,0.));
#4629=IFCDIRECTION((0.,0.,1.));
#4630=IFCCARTESIANTRANSFORMATIONOPERATOR3D(#4627,#4628,#4626,1.,#4629);
#4631=IFCMAPPEDITEM(#4625,#4630);
#4632=IFCSHAPEREPRESENTATION(#25,'Annotation','MappedRepresentation',(#4631));
#4691=IFCCARTESIANPOINTLIST2D(((0.,0.),(0.,1.9034554958343506),(1.3570384979248047,1.9034554958343506),(1.3570384979248047,0.),(1.3070384971797466,0.),(1.3070384971797466,1.8534554950892925),(0.05000000074505806,1.8534554950892925),(0.05000000074505806,0.)));
#4692=IFCINDEXEDPOLYCURVE(#4691,(IFCLINEINDEX((1,2,3,4,5,6,7,8,1))),$);
#4693=IFCARBITRARYCLOSEDPROFILEDEF(.AREA.,$,#4692);
#4694=IFCCARTESIANPOINT((0.,0.,0.));
#4695=IFCDIRECTION((0.,-1.,0.));
#4696=IFCDIRECTION((1.,0.,0.));
#4697=IFCAXIS2PLACEMENT3D(#4694,#4695,#4696);
#4698=IFCDIRECTION((0.,0.,-1.));
#4699=IFCEXTRUDEDAREASOLID(#4693,#4697,#4698,0.05000000074505806);
#4700=IFCCARTESIANPOINTLIST2D(((0.,0.),(1.2570384964346886,0.),(1.2570384964346886,0.10000000149011612),(0.,0.10000000149011612)));
#4701=IFCINDEXEDPOLYCURVE(#4700,(IFCLINEINDEX((1,2,3,4,1))),$);
#4702=IFCARBITRARYCLOSEDPROFILEDEF(.AREA.,$,#4701);
#4703=IFCCARTESIANPOINT((0.05000000074505806,0.,0.));
#4704=IFCDIRECTION((0.,0.,1.));
#4705=IFCDIRECTION((1.,0.,0.));
#4706=IFCAXIS2PLACEMENT3D(#4703,#4704,#4705);
#4707=IFCDIRECTION((0.,0.,1.));
#4708=IFCEXTRUDEDAREASOLID(#4702,#4706,#4707,0.02500000037252903);
#4709=IFCCARTESIANPOINTLIST2D(((0.,0.),(0.,1.9284554980695248),(1.407038502395153,1.9284554980695248),(1.407038502395153,0.),(1.3320384994149208,0.),(1.3320384994149208,1.8534554950892925),(0.075000002980232239,1.8534554950892925),(0.075000002980232239,0.)));
#4710=IFCINDEXEDPOLYCURVE(#4709,(IFCLINEINDEX((1,2,3,4,5,6,7,8,1))),$);
#4711=IFCARBITRARYCLOSEDPROFILEDEF(.AREA.,$,#4710);
#4712=IFCCARTESIANPOINT((-0.025000002235174179,-0.004999999888241291,0.));
#4713=IFCDIRECTION((0.,-1.,0.));
#4714=IFCDIRECTION((1.,0.,0.));
#4715=IFCAXIS2PLACEMENT3D(#4712,#4713,#4714);
#4716=IFCDIRECTION((0.,0.,-1.));
#4717=IFCEXTRUDEDAREASOLID(#4711,#4715,#4716,0.004999999888241291);
#4718=IFCCARTESIANPOINTLIST2D(((0.,0.),(0.,1.9284554980695248),(1.407038502395153,1.9284554980695248),(1.407038502395153,0.),(1.3320384994149208,0.),(1.3320384994149208,1.8534554950892925),(0.075000002980232239,1.8534554950892925),(0.075000002980232239,0.)));
#4719=IFCINDEXEDPOLYCURVE(#4718,(IFCLINEINDEX((1,2,3,4,5,6,7,8,1))),$);
#4720=IFCARBITRARYCLOSEDPROFILEDEF(.AREA.,$,#4719);
#4721=IFCCARTESIANPOINT((-0.025000002235174179,0.05000000074505806,0.));
#4722=IFCDIRECTION((0.,-1.,0.));
#4723=IFCDIRECTION((1.,0.,0.));
#4724=IFCAXIS2PLACEMENT3D(#4721,#4722,#4723);
#4725=IFCDIRECTION((0.,0.,-1.));
#4726=IFCEXTRUDEDAREASOLID(#4720,#4724,#4725,0.004999999888241291);
#4727=IFCCARTESIANPOINTLIST2D(((0.,0.),(1.2570384964346886,0.),(1.2570384964346886,0.035000000149011612),(0.,0.035000000149011612)));
#4728=IFCINDEXEDPOLYCURVE(#4727,(IFCLINEINDEX((1,2,3,4,1))),$);
#4729=IFCARBITRARYCLOSEDPROFILEDEF(.AREA.,$,#4728);
#4730=IFCCARTESIANPOINT((0.05000000074505806,-0.035000000149011612,0.02500000037252903));
#4731=IFCDIRECTION((0.,0.,1.));
#4732=IFCDIRECTION((1.,0.,0.));
#4733=IFCAXIS2PLACEMENT3D(#4730,#4731,#4732);
#4734=IFCDIRECTION((0.,0.,1.));
#4735=IFCEXTRUDEDAREASOLID(#4729,#4733,#4734,1.8284554947167635);
#4736=IFCCARTESIANPOINTLIST2D(((0.,0.),(0.,-0.040000000000000001),(0.12,-0.040000000000000001),(0.12,-0.02),(0.02,-0.02),(0.02,0.)));
#4737=IFCINDEXEDPOLYCURVE(#4736,(IFCLINEINDEX((1,2,3,4,5,6,1))),$);
#4738=IFCARBITRARYCLOSEDPROFILEDEF(.AREA.,$,#4737);
#4739=IFCCARTESIANPOINT((0.10000000074505806,-0.035000000149011612,1.015000000372529));
#4740=IFCDIRECTION((0.,0.,1.));
#4741=IFCDIRECTION((1.,0.,0.));
#4742=IFCAXIS2PLACEMENT3D(#4739,#4740,#4741);
#4743=IFCDIRECTION((0.,0.,1.));
#4744=IFCEXTRUDEDAREASOLID(#4738,#4742,#4743,0.02);
#4745=IFCEXTRUDEDAREASOLID(#4746,#4749,#4753,0.02);
#4746=IFCARBITRARYCLOSEDPROFILEDEF(.AREA.,$,#4747);
#4747=IFCINDEXEDPOLYCURVE(#4748,(IFCLINEINDEX((1,2,3,4,5,6,1))),$);
#4748=IFCCARTESIANPOINTLIST2D(((0.,0.),(0.,0.040000000000000008),(0.11999999999999998,0.040000000000000008),(0.11999999999999998,0.020000000000000004),(0.020000000000000004,0.020000000000000004),(0.020000000000000004,0.)));
#4749=IFCAXIS2PLACEMENT3D(#4750,#4751,#4752);
#4750=IFCCARTESIANPOINT((0.10000000074505806,0.,1.015000000372529));
#4751=IFCDIRECTION((0.,0.,1.));
#4752=IFCDIRECTION((1.,0.,0.));
#4753=IFCDIRECTION((0.,0.,1.));
#4825=IFCCARTESIANPOINTLIST2D(((0.,0.),(0.,1.9034554958343506),(1.3570384979248047,1.9034554958343506),(1.3570384979248047,0.),(1.3070384971797466,0.),(1.3070384971797466,1.8534554950892925),(0.05000000074505806,1.8534554950892925),(0.05000000074505806,0.)));
#4826=IFCINDEXEDPOLYCURVE(#4825,(IFCLINEINDEX((1,2,3,4,5,6,7,8,1))),$);
#4827=IFCARBITRARYCLOSEDPROFILEDEF(.AREA.,$,#4826);
#4828=IFCCARTESIANPOINT((0.,0.,0.));
#4829=IFCDIRECTION((0.,-1.,0.));
#4830=IFCDIRECTION((1.,0.,0.));
#4831=IFCAXIS2PLACEMENT3D(#4828,#4829,#4830);
#4832=IFCDIRECTION((0.,0.,-1.));
#4833=IFCEXTRUDEDAREASOLID(#4827,#4831,#4832,0.05000000074505806);
#4834=IFCCARTESIANPOINTLIST2D(((0.,0.),(1.2570384964346886,0.),(1.2570384964346886,0.10000000149011612),(0.,0.10000000149011612)));
#4835=IFCINDEXEDPOLYCURVE(#4834,(IFCLINEINDEX((1,2,3,4,1))),$);
#4836=IFCARBITRARYCLOSEDPROFILEDEF(.AREA.,$,#4835);
#4837=IFCCARTESIANPOINT((0.05000000074505806,0.,0.));
#4838=IFCDIRECTION((0.,0.,1.));
#4839=IFCDIRECTION((1.,0.,0.));
#4840=IFCAXIS2PLACEMENT3D(#4837,#4838,#4839);
#4841=IFCDIRECTION((0.,0.,1.));
#4842=IFCEXTRUDEDAREASOLID(#4836,#4840,#4841,0.02500000037252903);
#4843=IFCCARTESIANPOINTLIST2D(((0.,0.),(0.,1.9284554980695248),(1.407038502395153,1.9284554980695248),(1.407038502395153,0.),(1.3320384994149208,0.),(1.3320384994149208,1.8534554950892925),(0.075000002980232239,1.8534554950892925),(0.075000002980232239,0.)));
#4844=IFCINDEXEDPOLYCURVE(#4843,(IFCLINEINDEX((1,2,3,4,5,6,7,8,1))),$);
#4845=IFCARBITRARYCLOSEDPROFILEDEF(.AREA.,$,#4844);
#4846=IFCCARTESIANPOINT((-0.025000002235174179,-0.004999999888241291,0.));
#4847=IFCDIRECTION((0.,-1.,0.));
#4848=IFCDIRECTION((1.,0.,0.));
#4849=IFCAXIS2PLACEMENT3D(#4846,#4847,#4848);
#4850=IFCDIRECTION((0.,0.,-1.));
#4851=IFCEXTRUDEDAREASOLID(#4845,#4849,#4850,0.004999999888241291);
#4852=IFCCARTESIANPOINTLIST2D(((0.,0.),(0.,1.9284554980695248),(1.407038502395153,1.9284554980695248),(1.407038502395153,0.),(1.3320384994149208,0.),(1.3320384994149208,1.8534554950892925),(0.075000002980232239,1.8534554950892925),(0.075000002980232239,0.)));
#4853=IFCINDEXEDPOLYCURVE(#4852,(IFCLINEINDEX((1,2,3,4,5,6,7,8,1))),$);
#4854=IFCARBITRARYCLOSEDPROFILEDEF(.AREA.,$,#4853);
#4855=IFCCARTESIANPOINT((-0.025000002235174179,0.05000000074505806,0.));
#4856=IFCDIRECTION((0.,-1.,0.));
#4857=IFCDIRECTION((1.,0.,0.));
#4858=IFCAXIS2PLACEMENT3D(#4855,#4856,#4857);
#4859=IFCDIRECTION((0.,0.,-1.));
#4860=IFCEXTRUDEDAREASOLID(#4854,#4858,#4859,0.004999999888241291);
#4861=IFCCARTESIANPOINTLIST2D(((0.,0.),(1.2570384964346886,0.),(1.2570384964346886,0.035000000149011612),(0.,0.035000000149011612)));
#4862=IFCINDEXEDPOLYCURVE(#4861,(IFCLINEINDEX((1,2,3,4,1))),$);
#4863=IFCARBITRARYCLOSEDPROFILEDEF(.AREA.,$,#4862);
#4864=IFCCARTESIANPOINT((0.05000000074505806,-0.035000000149011612,0.02500000037252903));
#4865=IFCDIRECTION((0.,0.,1.));
#4866=IFCDIRECTION((1.,0.,0.));
#4867=IFCAXIS2PLACEMENT3D(#4864,#4865,#4866);
#4868=IFCDIRECTION((0.,0.,1.));
#4869=IFCEXTRUDEDAREASOLID(#4863,#4867,#4868,1.8284554947167635);
#4870=IFCCARTESIANPOINTLIST2D(((0.,0.),(0.,-0.040000000000000001),(0.12,-0.040000000000000001),(0.12,-0.02),(0.02,-0.02),(0.02,0.)));
#4871=IFCINDEXEDPOLYCURVE(#4870,(IFCLINEINDEX((1,2,3,4,5,6,1))),$);
#4872=IFCARBITRARYCLOSEDPROFILEDEF(.AREA.,$,#4871);
#4873=IFCCARTESIANPOINT((0.10000000074505806,-0.035000000149011612,1.015000000372529));
#4874=IFCDIRECTION((0.,0.,1.));
#4875=IFCDIRECTION((1.,0.,0.));
#4876=IFCAXIS2PLACEMENT3D(#4873,#4874,#4875);
#4877=IFCDIRECTION((0.,0.,1.));
#4878=IFCEXTRUDEDAREASOLID(#4872,#4876,#4877,0.02);
#4879=IFCEXTRUDEDAREASOLID(#4880,#4883,#4887,0.02);
#4880=IFCARBITRARYCLOSEDPROFILEDEF(.AREA.,$,#4881);
#4881=IFCINDEXEDPOLYCURVE(#4882,(IFCLINEINDEX((1,2,3,4,5,6,1))),$);
#4882=IFCCARTESIANPOINTLIST2D(((0.,0.),(0.,0.040000000000000008),(0.11999999999999998,0.040000000000000008),(0.11999999999999998,0.020000000000000004),(0.020000000000000004,0.020000000000000004),(0.020000000000000004,0.)));
#4883=IFCAXIS2PLACEMENT3D(#4884,#4885,#4886);
#4884=IFCCARTESIANPOINT((0.10000000074505806,0.,1.015000000372529));
#4885=IFCDIRECTION((0.,0.,1.));
#4886=IFCDIRECTION((1.,0.,0.));
#4887=IFCDIRECTION((0.,0.,1.));
#4929=IFCCARTESIANPOINTLIST2D(((0.,0.),(0.,1.9034554958343506),(1.3570384979248047,1.9034554958343506),(1.3570384979248047,0.),(1.3070384971797466,0.),(1.3070384971797466,1.8534554950892925),(0.05000000074505806,1.8534554950892925),(0.05000000074505806,0.)));
#4930=IFCINDEXEDPOLYCURVE(#4929,(IFCLINEINDEX((1,2,3,4,5,6,7,8,1))),$);
#4931=IFCARBITRARYCLOSEDPROFILEDEF(.AREA.,$,#4930);
#4932=IFCCARTESIANPOINT((0.,0.,0.));
#4933=IFCDIRECTION((0.,-1.,0.));
#4934=IFCDIRECTION((1.,0.,0.));
#4935=IFCAXIS2PLACEMENT3D(#4932,#4933,#4934);
#4936=IFCDIRECTION((0.,0.,-1.));
#4937=IFCEXTRUDEDAREASOLID(#4931,#4935,#4936,0.05000000074505806);
#4938=IFCCARTESIANPOINTLIST2D(((0.,0.),(1.2570384964346886,0.),(1.2570384964346886,0.10000000149011612),(0.,0.10000000149011612)));
#4939=IFCINDEXEDPOLYCURVE(#4938,(IFCLINEINDEX((1,2,3,4,1))),$);
#4940=IFCARBITRARYCLOSEDPROFILEDEF(.AREA.,$,#4939);
#4941=IFCCARTESIANPOINT((0.05000000074505806,0.,0.));
#4942=IFCDIRECTION((0.,0.,1.));
#4943=IFCDIRECTION((1.,0.,0.));
#4944=IFCAXIS2PLACEMENT3D(#4941,#4942,#4943);
#4945=IFCDIRECTION((0.,0.,1.));
#4946=IFCEXTRUDEDAREASOLID(#4940,#4944,#4945,0.02500000037252903);
#4947=IFCCARTESIANPOINTLIST2D(((0.,0.),(0.,1.9284554980695248),(1.407038502395153,1.9284554980695248),(1.407038502395153,0.),(1.3320384994149208,0.),(1.3320384994149208,1.8534554950892925),(0.075000002980232239,1.8534554950892925),(0.075000002980232239,0.)));
#4948=IFCINDEXEDPOLYCURVE(#4947,(IFCLINEINDEX((1,2,3,4,5,6,7,8,1))),$);
#4949=IFCARBITRARYCLOSEDPROFILEDEF(.AREA.,$,#4948);
#4950=IFCCARTESIANPOINT((-0.025000002235174179,-0.004999999888241291,0.));
#4951=IFCDIRECTION((0.,-1.,0.));
#4952=IFCDIRECTION((1.,0.,0.));
#4953=IFCAXIS2PLACEMENT3D(#4950,#4951,#4952);
#4954=IFCDIRECTION((0.,0.,-1.));
#4955=IFCEXTRUDEDAREASOLID(#4949,#4953,#4954,0.004999999888241291);
#4956=IFCCARTESIANPOINTLIST2D(((0.,0.),(0.,1.9284554980695248),(1.407038502395153,1.9284554980695248),(1.407038502395153,0.),(1.3320384994149208,0.),(1.3320384994149208,1.8534554950892925),(0.075000002980232239,1.8534554950892925),(0.075000002980232239,0.)));
#4957=IFCINDEXEDPOLYCURVE(#4956,(IFCLINEINDEX((1,2,3,4,5,6,7,8,1))),$);
#4958=IFCARBITRARYCLOSEDPROFILEDEF(.AREA.,$,#4957);
#4959=IFCCARTESIANPOINT((-0.025000002235174179,0.05000000074505806,0.));
#4960=IFCDIRECTION((0.,-1.,0.));
#4961=IFCDIRECTION((1.,0.,0.));
#4962=IFCAXIS2PLACEMENT3D(#4959,#4960,#4961);
#4963=IFCDIRECTION((0.,0.,-1.));
#4964=IFCEXTRUDEDAREASOLID(#4958,#4962,#4963,0.004999999888241291);
#4965=IFCCARTESIANPOINTLIST2D(((0.,0.),(1.2570384964346886,0.),(1.2570384964346886,0.035000000149011612),(0.,0.035000000149011612)));
#4966=IFCINDEXEDPOLYCURVE(#4965,(IFCLINEINDEX((1,2,3,4,1))),$);
#4967=IFCARBITRARYCLOSEDPROFILEDEF(.AREA.,$,#4966);
#4968=IFCCARTESIANPOINT((0.05000000074505806,-0.035000000149011612,0.02500000037252903));
#4969=IFCDIRECTION((0.,0.,1.));
#4970=IFCDIRECTION((1.,0.,0.));
#4971=IFCAXIS2PLACEMENT3D(#4968,#4969,#4970);
#4972=IFCDIRECTION((0.,0.,1.));
#4973=IFCEXTRUDEDAREASOLID(#4967,#4971,#4972,1.8284554947167635);
#4974=IFCCARTESIANPOINTLIST2D(((0.,0.),(0.,-0.040000000000000001),(0.12,-0.040000000000000001),(0.12,-0.02),(0.02,-0.02),(0.02,0.)));
#4975=IFCINDEXEDPOLYCURVE(#4974,(IFCLINEINDEX((1,2,3,4,5,6,1))),$);
#4976=IFCARBITRARYCLOSEDPROFILEDEF(.AREA.,$,#4975);
#4977=IFCCARTESIANPOINT((0.10000000074505806,-0.035000000149011612,1.015000000372529));
#4978=IFCDIRECTION((0.,0.,1.));
#4979=IFCDIRECTION((1.,0.,0.));
#4980=IFCAXIS2PLACEMENT3D(#4977,#4978,#4979);
#4981=IFCDIRECTION((0.,0.,1.));
#4982=IFCEXTRUDEDAREASOLID(#4976,#4980,#4981,0.02);
#4983=IFCEXTRUDEDAREASOLID(#4984,#4987,#4991,0.02);
#4984=IFCARBITRARYCLOSEDPROFILEDEF(.AREA.,$,#4985);
#4985=IFCINDEXEDPOLYCURVE(#4986,(IFCLINEINDEX((1,2,3,4,5,6,1))),$);
#4986=IFCCARTESIANPOINTLIST2D(((0.,0.),(0.,0.040000000000000008),(0.11999999999999998,0.040000000000000008),(0.11999999999999998,0.020000000000000004),(0.020000000000000004,0.020000000000000004),(0.020000000000000004,0.)));
#4987=IFCAXIS2PLACEMENT3D(#4988,#4989,#4990);
#4988=IFCCARTESIANPOINT((0.10000000074505806,0.,1.015000000372529));
#4989=IFCDIRECTION((0.,0.,1.));
#4990=IFCDIRECTION((1.,0.,0.));
#4991=IFCDIRECTION((0.,0.,1.));
#5033=IFCCARTESIANPOINTLIST2D(((0.,0.),(0.,1.9034554958343506),(1.3570384979248047,1.9034554958343506),(1.3570384979248047,0.),(1.3070384971797466,0.),(1.3070384971797466,1.8534554950892925),(0.05000000074505806,1.8534554950892925),(0.05000000074505806,0.)));
#5034=IFCINDEXEDPOLYCURVE(#5033,(IFCLINEINDEX((1,2,3,4,5,6,7,8,1))),$);
#5035=IFCARBITRARYCLOSEDPROFILEDEF(.AREA.,$,#5034);
#5036=IFCCARTESIANPOINT((0.,0.,0.));
#5037=IFCDIRECTION((0.,-1.,0.));
#5038=IFCDIRECTION((1.,0.,0.));
#5039=IFCAXIS2PLACEMENT3D(#5036,#5037,#5038);
#5040=IFCDIRECTION((0.,0.,-1.));
#5041=IFCEXTRUDEDAREASOLID(#5035,#5039,#5040,0.05000000074505806);
#5042=IFCCARTESIANPOINTLIST2D(((0.,0.),(1.2570384964346886,0.),(1.2570384964346886,0.10000000149011612),(0.,0.10000000149011612)));
#5043=IFCINDEXEDPOLYCURVE(#5042,(IFCLINEINDEX((1,2,3,4,1))),$);
#5044=IFCARBITRARYCLOSEDPROFILEDEF(.AREA.,$,#5043);
#5045=IFCCARTESIANPOINT((0.05000000074505806,0.,0.));
#5046=IFCDIRECTION((0.,0.,1.));
#5047=IFCDIRECTION((1.,0.,0.));
#5048=IFCAXIS2PLACEMENT3D(#5045,#5046,#5047);
#5049=IFCDIRECTION((0.,0.,1.));
#5050=IFCEXTRUDEDAREASOLID(#5044,#5048,#5049,0.02500000037252903);
#5051=IFCCARTESIANPOINTLIST2D(((0.,0.),(0.,1.9284554980695248),(1.407038502395153,1.9284554980695248),(1.407038502395153,0.),(1.3320384994149208,0.),(1.3320384994149208,1.8534554950892925),(0.075000002980232239,1.8534554950892925),(0.075000002980232239,0.)));
#5052=IFCINDEXEDPOLYCURVE(#5051,(IFCLINEINDEX((1,2,3,4,5,6,7,8,1))),$);
#5053=IFCARBITRARYCLOSEDPROFILEDEF(.AREA.,$,#5052);
#5054=IFCCARTESIANPOINT((-0.025000002235174179,-0.004999999888241291,0.));
#5055=IFCDIRECTION((0.,-1.,0.));
#5056=IFCDIRECTION((1.,0.,0.));
#5057=IFCAXIS2PLACEMENT3D(#5054,#5055,#5056);
#5058=IFCDIRECTION((0.,0.,-1.));
#5059=IFCEXTRUDEDAREASOLID(#5053,#5057,#5058,0.004999999888241291);
#5060=IFCCARTESIANPOINTLIST2D(((0.,0.),(0.,1.9284554980695248),(1.407038502395153,1.9284554980695248),(1.407038502395153,0.),(1.3320384994149208,0.),(1.3320384994149208,1.8534554950892925),(0.075000002980232239,1.8534554950892925),(0.075000002980232239,0.)));
#5061=IFCINDEXEDPOLYCURVE(#5060,(IFCLINEINDEX((1,2,3,4,5,6,7,8,1))),$);
#5062=IFCARBITRARYCLOSEDPROFILEDEF(.AREA.,$,#5061);
#5063=IFCCARTESIANPOINT((-0.025000002235174179,0.05000000074505806,0.));
#5064=IFCDIRECTION((0.,-1.,0.));
#5065=IFCDIRECTION((1.,0.,0.));
#5066=IFCAXIS2PLACEMENT3D(#5063,#5064,#5065);
#5067=IFCDIRECTION((0.,0.,-1.));
#5068=IFCEXTRUDEDAREASOLID(#5062,#5066,#5067,0.004999999888241291);
#5069=IFCCARTESIANPOINTLIST2D(((0.,0.),(1.2570384964346886,0.),(1.2570384964346886,0.035000000149011612),(0.,0.035000000149011612)));
#5070=IFCINDEXEDPOLYCURVE(#5069,(IFCLINEINDEX((1,2,3,4,1))),$);
#5071=IFCARBITRARYCLOSEDPROFILEDEF(.AREA.,$,#5070);
#5072=IFCCARTESIANPOINT((0.05000000074505806,-0.035000000149011612,0.02500000037252903));
#5073=IFCDIRECTION((0.,0.,1.));
#5074=IFCDIRECTION((1.,0.,0.));
#5075=IFCAXIS2PLACEMENT3D(#5072,#5073,#5074);
#5076=IFCDIRECTION((0.,0.,1.));
#5077=IFCEXTRUDEDAREASOLID(#5071,#5075,#5076,1.8284554947167635);
#5078=IFCCARTESIANPOINTLIST2D(((0.,0.),(0.,-0.040000000000000001),(0.12,-0.040000000000000001),(0.12,-0.02),(0.02,-0.02),(0.02,0.)));
#5079=IFCINDEXEDPOLYCURVE(#5078,(IFCLINEINDEX((1,2,3,4,5,6,1))),$);
#5080=IFCARBITRARYCLOSEDPROFILEDEF(.AREA.,$,#5079);
#5081=IFCCARTESIANPOINT((0.10000000074505806,-0.035000000149011612,1.015000000372529));
#5082=IFCDIRECTION((0.,0.,1.));
#5083=IFCDIRECTION((1.,0.,0.));
#5084=IFCAXIS2PLACEMENT3D(#5081,#5082,#5083);
#5085=IFCDIRECTION((0.,0.,1.));
#5086=IFCEXTRUDEDAREASOLID(#5080,#5084,#5085,0.02);
#5087=IFCEXTRUDEDAREASOLID(#5088,#5091,#5095,0.02);
#5088=IFCARBITRARYCLOSEDPROFILEDEF(.AREA.,$,#5089);
#5089=IFCINDEXEDPOLYCURVE(#5090,(IFCLINEINDEX((1,2,3,4,5,6,1))),$);
#5090=IFCCARTESIANPOINTLIST2D(((0.,0.),(0.,0.040000000000000008),(0.11999999999999998,0.040000000000000008),(0.11999999999999998,0.020000000000000004),(0.020000000000000004,0.020000000000000004),(0.020000000000000004,0.)));
#5091=IFCAXIS2PLACEMENT3D(#5092,#5093,#5094);
#5092=IFCCARTESIANPOINT((0.10000000074505806,0.,1.015000000372529));
#5093=IFCDIRECTION((0.,0.,1.));
#5094=IFCDIRECTION((1.,0.,0.));
#5095=IFCDIRECTION((0.,0.,1.));
#5137=IFCCARTESIANPOINTLIST2D(((0.,0.),(0.,1.9034554958343506),(1.3570384979248047,1.9034554958343506),(1.3570384979248047,0.),(1.3070384971797466,0.),(1.3070384971797466,1.8534554950892925),(0.05000000074505806,1.8534554950892925),(0.05000000074505806,0.)));
#5138=IFCINDEXEDPOLYCURVE(#5137,(IFCLINEINDEX((1,2,3,4,5,6,7,8,1))),$);
#5139=IFCARBITRARYCLOSEDPROFILEDEF(.AREA.,$,#5138);
#5140=IFCCARTESIANPOINT((0.,0.,0.));
#5141=IFCDIRECTION((0.,-1.,0.));
#5142=IFCDIRECTION((1.,0.,0.));
#5143=IFCAXIS2PLACEMENT3D(#5140,#5141,#5142);
#5144=IFCDIRECTION((0.,0.,-1.));
#5145=IFCEXTRUDEDAREASOLID(#5139,#5143,#5144,0.05000000074505806);
#5146=IFCCARTESIANPOINTLIST2D(((0.,0.),(1.2570384964346886,0.),(1.2570384964346886,0.10000000149011612),(0.,0.10000000149011612)));
#5147=IFCINDEXEDPOLYCURVE(#5146,(IFCLINEINDEX((1,2,3,4,1))),$);
#5148=IFCARBITRARYCLOSEDPROFILEDEF(.AREA.,$,#5147);
#5149=IFCCARTESIANPOINT((0.05000000074505806,0.,0.));
#5150=IFCDIRECTION((0.,0.,1.));
#5151=IFCDIRECTION((1.,0.,0.));
#5152=IFCAXIS2PLACEMENT3D(#5149,#5150,#5151);
#5153=IFCDIRECTION((0.,0.,1.));
#5154=IFCEXTRUDEDAREASOLID(#5148,#5152,#5153,0.02500000037252903);
#5155=IFCCARTESIANPOINTLIST2D(((0.,0.),(0.,1.9284554980695248),(1.407038502395153,1.9284554980695248),(1.407038502395153,0.),(1.3320384994149208,0.),(1.3320384994149208,1.8534554950892925),(0.075000002980232239,1.8534554950892925),(0.075000002980232239,0.)));
#5156=IFCINDEXEDPOLYCURVE(#5155,(IFCLINEINDEX((1,2,3,4,5,6,7,8,1))),$);
#5157=IFCARBITRARYCLOSEDPROFILEDEF(.AREA.,$,#5156);
#5158=IFCCARTESIANPOINT((-0.025000002235174179,-0.004999999888241291,0.));
#5159=IFCDIRECTION((0.,-1.,0.));
#5160=IFCDIRECTION((1.,0.,0.));
#5161=IFCAXIS2PLACEMENT3D(#5158,#5159,#5160);
#5162=IFCDIRECTION((0.,0.,-1.));
#5163=IFCEXTRUDEDAREASOLID(#5157,#5161,#5162,0.004999999888241291);
#5164=IFCCARTESIANPOINTLIST2D(((0.,0.),(0.,1.9284554980695248),(1.407038502395153,1.9284554980695248),(1.407038502395153,0.),(1.3320384994149208,0.),(1.3320384994149208,1.8534554950892925),(0.075000002980232239,1.8534554950892925),(0.075000002980232239,0.)));
#5165=IFCINDEXEDPOLYCURVE(#5164,(IFCLINEINDEX((1,2,3,4,5,6,7,8,1))),$);
#5166=IFCARBITRARYCLOSEDPROFILEDEF(.AREA.,$,#5165);
#5167=IFCCARTESIANPOINT((-0.025000002235174179,0.05000000074505806,0.));
#5168=IFCDIRECTION((0.,-1.,0.));
#5169=IFCDIRECTION((1.,0.,0.));
#5170=IFCAXIS2PLACEMENT3D(#5167,#5168,#5169);
#5171=IFCDIRECTION((0.,0.,-1.));
#5172=IFCEXTRUDEDAREASOLID(#5166,#5170,#5171,0.004999999888241291);
#5173=IFCCARTESIANPOINTLIST2D(((0.,0.),(1.2570384964346886,0.),(1.2570384964346886,0.035000000149011612),(0.,0.035000000149011612)));
#5174=IFCINDEXEDPOLYCURVE(#5173,(IFCLINEINDEX((1,2,3,4,1))),$);
#5175=IFCARBITRARYCLOSEDPROFILEDEF(.AREA.,$,#5174);
#5176=IFCCARTESIANPOINT((0.05000000074505806,-0.035000000149011612,0.02500000037252903));
#5177=IFCDIRECTION((0.,0.,1.));
#5178=IFCDIRECTION((1.,0.,0.));
#5179=IFCAXIS2PLACEMENT3D(#5176,#5177,#5178);
#5180=IFCDIRECTION((0.,0.,1.));
#5181=IFCEXTRUDEDAREASOLID(#5175,#5179,#5180,1.8284554947167635);
#5182=IFCCARTESIANPOINTLIST2D(((0.,0.),(0.,-0.040000000000000001),(0.12,-0.040000000000000001),(0.12,-0.02),(0.02,-0.02),(0.02,0.)));
#5183=IFCINDEXEDPOLYCURVE(#5182,(IFCLINEINDEX((1,2,3,4,5,6,1))),$);
#5184=IFCARBITRARYCLOSEDPROFILEDEF(.AREA.,$,#5183);
#5185=IFCCARTESIANPOINT((0.10000000074505806,-0.035000000149011612,1.015000000372529));
#5186=IFCDIRECTION((0.,0.,1.));
#5187=IFCDIRECTION((1.,0.,0.));
#5188=IFCAXIS2PLACEMENT3D(#5185,#5186,#5187);
#5189=IFCDIRECTION((0.,0.,1.));
#5190=IFCEXTRUDEDAREASOLID(#5184,#5188,#5189,0.02);
#5191=IFCEXTRUDEDAREASOLID(#5192,#5195,#5199,0.02);
#5192=IFCARBITRARYCLOSEDPROFILEDEF(.AREA.,$,#5193);
#5193=IFCINDEXEDPOLYCURVE(#5194,(IFCLINEINDEX((1,2,3,4,5,6,1))),$);
#5194=IFCCARTESIANPOINTLIST2D(((0.,0.),(0.,0.040000000000000008),(0.11999999999999998,0.040000000000000008),(0.11999999999999998,0.020000000000000004),(0.020000000000000004,0.020000000000000004),(0.020000000000000004,0.)));
#5195=IFCAXIS2PLACEMENT3D(#5196,#5197,#5198);
#5196=IFCCARTESIANPOINT((0.10000000074505806,0.,1.015000000372529));
#5197=IFCDIRECTION((0.,0.,1.));
#5198=IFCDIRECTION((1.,0.,0.));
#5199=IFCDIRECTION((0.,0.,1.));
#5238=IFCWINDOWTYPE('1jMOa3nDr3LQyi7PIKyqzq',$,'LIVING - GF',$,$,(#5239),(#5248,#5296,#5318),$,$,.WINDOW.,.SINGLE_PANEL.,$,$);
#5239=IFCPROPERTYSET('1JI8n7XxH83Om0TH1OYjA1',$,'BBIM_Window',$,(#5240));
#5240=IFCPROPERTYSINGLEVALUE('Data',$,IFCTEXT('{"window_type": "SINGLE_PANEL", "overall_height": 0.8999999761581421, "overall_width": 0.778971791267395, "lining_properties": {"lining_depth": 0.05000000074505806, "lining_thickness": 0.05000000074505806, "lining_offset": 0.05000000074505806, "lining_to_panel_offset_x": 0.02500000037252903, "lining_to_panel_offset_y": 0.02500000037252903}, "panel_properties": {"frame_depth": [0.03500000014901161, 0.03500000014901161, 0.03500000014901161], "frame_thickness": [0.03500000014901161, 0.03500000014901161, 0.03500000014901161]}}'),$);
#5244=IFCCARTESIANPOINT((0.,0.,0.));
#5245=IFCDIRECTION((1.,0.,0.));
#5246=IFCDIRECTION((0.,0.,1.));
#5247=IFCAXIS2PLACEMENT3D(#5244,#5246,#5245);
#5248=IFCREPRESENTATIONMAP(#5247,#5607);
#5292=IFCCARTESIANPOINT((0.,0.,0.));
#5293=IFCDIRECTION((1.,0.,0.));
#5294=IFCDIRECTION((0.,0.,1.));
#5295=IFCAXIS2PLACEMENT3D(#5292,#5294,#5293);
#5296=IFCREPRESENTATIONMAP(#5295,#5650);
#5314=IFCCARTESIANPOINT((0.,0.,0.));
#5315=IFCDIRECTION((1.,0.,0.));
#5316=IFCDIRECTION((0.,0.,1.));
#5317=IFCAXIS2PLACEMENT3D(#5314,#5316,#5315);
#5318=IFCREPRESENTATIONMAP(#5317,#5667);
#5415=IFCWINDOW('1aShGeQhv8sxJ7SP_rmZyK',$,'Window',$,$,#5793,#5425,$,0.89999997615814209,0.77897179126739502,$,.SINGLE_PANEL.,$);
#5417=IFCRELDEFINESBYTYPE('0vYSaJAJL2ZAH4QMiWxUXd',$,$,$,(#5415),#5238);
#5418=IFCCARTESIANPOINT((0.,0.,0.));
#5419=IFCDIRECTION((1.,0.,0.));
#5420=IFCDIRECTION((0.,1.,0.));
#5421=IFCDIRECTION((0.,0.,1.));
#5422=IFCCARTESIANTRANSFORMATIONOPERATOR3D(#5419,#5420,#5418,1.,#5421);
#5423=IFCMAPPEDITEM(#5248,#5422);
#5424=IFCSHAPEREPRESENTATION(#18,'Profile','MappedRepresentation',(#5423));
#5425=IFCPRODUCTDEFINITIONSHAPE($,$,(#5424,#5432,#5439));
#5426=IFCCARTESIANPOINT((0.,0.,0.));
#5427=IFCDIRECTION((1.,0.,0.));
#5428=IFCDIRECTION((0.,1.,0.));
#5429=IFCDIRECTION((0.,0.,1.));
#5430=IFCCARTESIANTRANSFORMATIONOPERATOR3D(#5427,#5428,#5426,1.,#5429);
#5431=IFCMAPPEDITEM(#5296,#5430);
#5432=IFCSHAPEREPRESENTATION(#11,'Body','MappedRepresentation',(#5431));
#5433=IFCCARTESIANPOINT((0.,0.,0.));
#5434=IFCDIRECTION((1.,0.,0.));
#5435=IFCDIRECTION((0.,1.,0.));
#5436=IFCDIRECTION((0.,0.,1.));
#5437=IFCCARTESIANTRANSFORMATIONOPERATOR3D(#5434,#5435,#5433,1.,#5436);
#5438=IFCMAPPEDITEM(#5318,#5437);
#5439=IFCSHAPEREPRESENTATION(#24,'Body','MappedRepresentation',(#5438));
#5440=IFCOPENINGELEMENT('0Ps6QZTgD9Husss_HDf_Xo',$,'Opening',$,$,#5702,#5468,$,.OPENING.);
#5456=IFCCARTESIANPOINT((0.,0.,0.));
#5457=IFCDIRECTION((1.,0.,0.));
#5458=IFCDIRECTION((0.,0.,1.));
#5459=IFCAXIS2PLACEMENT3D(#5456,#5458,#5457);
#5460=IFCREPRESENTATIONMAP(#5459,#5677);
#5461=IFCCARTESIANPOINT((0.,0.,0.));
#5462=IFCDIRECTION((1.,0.,0.));
#5463=IFCDIRECTION((0.,1.,0.));
#5464=IFCDIRECTION((0.,0.,1.));
#5465=IFCCARTESIANTRANSFORMATIONOPERATOR3D(#5462,#5463,#5461,1.,#5464);
#5466=IFCMAPPEDITEM(#5460,#5465);
#5467=IFCSHAPEREPRESENTATION(#11,'Body','MappedRepresentation',(#5466));
#5468=IFCPRODUCTDEFINITIONSHAPE($,$,(#5467));
#5469=IFCRELVOIDSELEMENT('1FT9x7L_fFMejBJW6ek6Ew',$,$,$,#93,#5440);
#5475=IFCRELFILLSELEMENT('1VSwYsnSjDSxJuZMJdYNi8',$,$,$,#5440,#5415);
#5484=IFCCARTESIANPOINTLIST2D(((0.,0.),(0.78543365001678467,0.),(0.78543365001678467,0.89999997615814209),(0.,0.89999997615814209)));
#5485=IFCINDEXEDPOLYCURVE(#5484,(IFCLINEINDEX((1,2,3,4,1))),$);
#5486=IFCCARTESIANPOINTLIST2D(((0.02500000037252903,0.02500000037252903),(0.76043364964425564,0.02500000037252903),(0.76043364964425564,0.87499997578561306),(0.02500000037252903,0.87499997578561306)));
#5487=IFCINDEXEDPOLYCURVE(#5486,(IFCLINEINDEX((1,2,3,4,1))),$);
#5488=IFCARBITRARYPROFILEDEFWITHVOIDS(.AREA.,$,#5485,(#5487));
#5489=IFCCARTESIANPOINT((0.,0.090000001713633537,0.));
#5490=IFCDIRECTION((0.,-1.,0.));
#5491=IFCDIRECTION((1.,0.,0.));
#5492=IFCAXIS2PLACEMENT3D(#5489,#5490,#5491);
#5493=IFCDIRECTION((0.,0.,-1.));
#5494=IFCEXTRUDEDAREASOLID(#5488,#5492,#5493,0.0099999997764825821);
#5495=IFCCARTESIANPOINTLIST2D(((0.,0.),(0.78543365001678467,0.),(0.78543365001678467,0.89999997615814209),(0.,0.89999997615814209)));
#5496=IFCINDEXEDPOLYCURVE(#5495,(IFCLINEINDEX((1,2,3,4,1))),$);
#5497=IFCCARTESIANPOINTLIST2D(((0.05000000074505806,0.05000000074505806),(0.73543364927172661,0.05000000074505806),(0.73543364927172661,0.84999997541308403),(0.05000000074505806,0.84999997541308403)));
#5498=IFCINDEXEDPOLYCURVE(#5497,(IFCLINEINDEX((1,2,3,4,1))),$);
#5499=IFCARBITRARYPROFILEDEFWITHVOIDS(.AREA.,$,#5496,(#5498));
#5500=IFCCARTESIANPOINT((0.,0.05000000074505806,0.));
#5501=IFCDIRECTION((0.,-1.,0.));
#5502=IFCDIRECTION((1.,0.,0.));
#5503=IFCAXIS2PLACEMENT3D(#5500,#5501,#5502);
#5504=IFCDIRECTION((0.,0.,-1.));
#5505=IFCEXTRUDEDAREASOLID(#5499,#5503,#5504,0.040000000968575478);
#5506=IFCCARTESIANPOINTLIST2D(((0.,0.),(0.73543364927172661,0.),(0.73543364927172661,0.84999997541308403),(0.,0.84999997541308403)));
#5507=IFCINDEXEDPOLYCURVE(#5506,(IFCLINEINDEX((1,2,3,4,1))),$);
#5508=IFCCARTESIANPOINTLIST2D(((0.035000000149011612,0.035000000149011612),(0.700433649122715,0.035000000149011612),(0.700433649122715,0.81499997526407242),(0.035000000149011612,0.81499997526407242)));
#5509=IFCINDEXEDPOLYCURVE(#5508,(IFCLINEINDEX((1,2,3,4,1))),$);
#5510=IFCARBITRARYPROFILEDEFWITHVOIDS(.AREA.,$,#5507,(#5509));
#5511=IFCCARTESIANPOINT((0.02500000037252903,0.090000001713633537,0.02500000037252903));
#5512=IFCDIRECTION((0.,-1.,0.));
#5513=IFCDIRECTION((1.,0.,0.));
#5514=IFCAXIS2PLACEMENT3D(#5511,#5512,#5513);
#5515=IFCDIRECTION((0.,0.,-1.));
#5516=IFCEXTRUDEDAREASOLID(#5510,#5514,#5515,0.035000000149011612);
#5517=IFCINDEXEDPOLYCURVE(#5518,(IFCLINEINDEX((1,2,3,4,1))),$);
#5518=IFCCARTESIANPOINTLIST2D(((0.035000000149011612,0.035000000149011612),(0.700433649122715,0.035000000149011612),(0.700433649122715,0.81499997526407242),(0.035000000149011612,0.81499997526407242)));
#5519=IFCARBITRARYCLOSEDPROFILEDEF(.AREA.,$,#5517);
#5520=IFCCARTESIANPOINT((0.02500000037252903,0.10250000178813934,0.02500000037252903));
#5521=IFCDIRECTION((0.,-1.,0.));
#5522=IFCDIRECTION((1.,0.,0.));
#5523=IFCAXIS2PLACEMENT3D(#5520,#5521,#5522);
#5524=IFCDIRECTION((0.,0.,-1.));
#5525=IFCEXTRUDEDAREASOLID(#5519,#5523,#5524,0.01);
#5527=IFCSHAPEREPRESENTATION(#11,'Body','SweptSolid',(#5629,#5494,#5505,#5618));
#5528=IFCSHAPEASPECT((#5527),'Lining',$,.T.,#5425);
#5529=IFCSHAPEREPRESENTATION(#11,'Body','SweptSolid',(#5640,#5516));
#5530=IFCSHAPEASPECT((#5529),'Framing',$,.T.,#5425);
#5531=IFCSHAPEREPRESENTATION(#11,'Body','SweptSolid',(#5649,#5525));
#5532=IFCSHAPEASPECT((#5531),'Glazing',$,.T.,#5425);
#5605=IFCCARTESIANPOINTLIST3D(((0.,0.,0.),(0.77897179126739502,0.,0.),(0.77897179126739502,0.,0.89999997615814209),(0.,0.,0.89999997615814209)));
#5606=IFCINDEXEDPOLYCURVE(#5605,(IFCLINEINDEX((1,2,3,4,1))),$);
#5607=IFCSHAPEREPRESENTATION(#18,'Profile','Curve3D',(#5606));
#5608=IFCCARTESIANPOINTLIST2D(((0.,0.),(0.77897179126739502,0.),(0.77897179126739502,0.89999997615814209),(0.,0.89999997615814209)));
#5609=IFCINDEXEDPOLYCURVE(#5608,(IFCLINEINDEX((1,2,3,4,1))),$);
#5610=IFCCARTESIANPOINTLIST2D(((0.02500000037252903,0.02500000037252903),(0.75397179089486599,0.02500000037252903),(0.75397179089486599,0.87499997578561306),(0.02500000037252903,0.87499997578561306)));
#5611=IFCINDEXEDPOLYCURVE(#5610,(IFCLINEINDEX((1,2,3,4,1))),$);
#5612=IFCARBITRARYPROFILEDEFWITHVOIDS(.AREA.,$,#5609,(#5611));
#5613=IFCCARTESIANPOINT((0.,0.090000001713633537,0.));
#5614=IFCDIRECTION((0.,-1.,0.));
#5615=IFCDIRECTION((1.,0.,0.));
#5616=IFCAXIS2PLACEMENT3D(#5613,#5614,#5615);
#5617=IFCDIRECTION((0.,0.,-1.));
#5618=IFCEXTRUDEDAREASOLID(#5612,#5616,#5617,0.0099999997764825821);
#5619=IFCCARTESIANPOINTLIST2D(((0.,0.),(0.77897179126739502,0.),(0.77897179126739502,0.89999997615814209),(0.,0.89999997615814209)));
#5620=IFCINDEXEDPOLYCURVE(#5619,(IFCLINEINDEX((1,2,3,4,1))),$);
#5621=IFCCARTESIANPOINTLIST2D(((0.05000000074505806,0.05000000074505806),(0.72897179052233696,0.05000000074505806),(0.72897179052233696,0.84999997541308403),(0.05000000074505806,0.84999997541308403)));
#5622=IFCINDEXEDPOLYCURVE(#5621,(IFCLINEINDEX((1,2,3,4,1))),$);
#5623=IFCARBITRARYPROFILEDEFWITHVOIDS(.AREA.,$,#5620,(#5622));
#5624=IFCCARTESIANPOINT((0.,0.05000000074505806,0.));
#5625=IFCDIRECTION((0.,-1.,0.));
#5626=IFCDIRECTION((1.,0.,0.));
#5627=IFCAXIS2PLACEMENT3D(#5624,#5625,#5626);
#5628=IFCDIRECTION((0.,0.,-1.));
#5629=IFCEXTRUDEDAREASOLID(#5623,#5627,#5628,0.040000000968575478);
#5630=IFCCARTESIANPOINTLIST2D(((0.,0.),(0.72897179052233696,0.),(0.72897179052233696,0.84999997541308403),(0.,0.84999997541308403)));
#5631=IFCINDEXEDPOLYCURVE(#5630,(IFCLINEINDEX((1,2,3,4,1))),$);
#5632=IFCCARTESIANPOINTLIST2D(((0.035000000149011612,0.035000000149011612),(0.69397179037332535,0.035000000149011612),(0.69397179037332535,0.81499997526407242),(0.035000000149011612,0.81499997526407242)));
#5633=IFCINDEXEDPOLYCURVE(#5632,(IFCLINEINDEX((1,2,3,4,1))),$);
#5634=IFCARBITRARYPROFILEDEFWITHVOIDS(.AREA.,$,#5631,(#5633));
#5635=IFCCARTESIANPOINT((0.02500000037252903,0.090000001713633537,0.02500000037252903));
#5636=IFCDIRECTION((0.,-1.,0.));
#5637=IFCDIRECTION((1.,0.,0.));
#5638=IFCAXIS2PLACEMENT3D(#5635,#5636,#5637);
#5639=IFCDIRECTION((0.,0.,-1.));
#5640=IFCEXTRUDEDAREASOLID(#5634,#5638,#5639,0.035000000149011612);
#5641=IFCINDEXEDPOLYCURVE(#5642,(IFCLINEINDEX((1,2,3,4,1))),$);
#5642=IFCCARTESIANPOINTLIST2D(((0.035000000149011612,0.035000000149011612),(0.69397179037332535,0.035000000149011612),(0.69397179037332535,0.81499997526407242),(0.035000000149011612,0.81499997526407242)));
#5643=IFCARBITRARYCLOSEDPROFILEDEF(.AREA.,$,#5641);
#5644=IFCCARTESIANPOINT((0.02500000037252903,0.10250000178813934,0.02500000037252903));
#5645=IFCDIRECTION((0.,-1.,0.));
#5646=IFCDIRECTION((1.,0.,0.));
#5647=IFCAXIS2PLACEMENT3D(#5644,#5645,#5646);
#5648=IFCDIRECTION((0.,0.,-1.));
#5649=IFCEXTRUDEDAREASOLID(#5643,#5647,#5648,0.01);
#5650=IFCSHAPEREPRESENTATION(#11,'Body','SweptSolid',(#5618,#5629,#5640,#5649));
#5651=IFCCARTESIANPOINTLIST2D(((0.05000000074505806,0.05000000074505806),(0.72897179052233696,0.05000000074505806)));
#5652=IFCINDEXEDPOLYCURVE(#5651,$,$);
#5653=IFCCARTESIANPOINTLIST2D(((0.,0.10000000149011612),(0.02500000037252903,0.10000000149011612),(0.02500000037252903,0.090000001713633537),(0.05000000074505806,0.090000001713633537),(0.05000000074505806,0.05000000074505806),(0.,0.05000000074505806)));
#5654=IFCINDEXEDPOLYCURVE(#5653,(IFCLINEINDEX((1,2,3,4,5,6,1))),$);
#5655=IFCCARTESIANPOINTLIST2D(((0.77897179126739502,0.10000000149011612),(0.75397179089486599,0.10000000149011612),(0.75397179089486599,0.090000001713633537),(0.72897179052233696,0.090000001713633537),(0.72897179052233696,0.05000000074505806),(0.77897179126739502,0.05000000074505806)));
#5656=IFCINDEXEDPOLYCURVE(#5655,(IFCLINEINDEX((1,2,3,4,5,6,1))),$);
#5657=IFCCARTESIANPOINTLIST2D(((0.02500000037252903,0.090000001713633537),(0.060000000521540642,0.090000001713633537),(0.060000000521540642,0.12500000186264515),(0.02500000037252903,0.12500000186264515)));
#5658=IFCINDEXEDPOLYCURVE(#5657,(IFCLINEINDEX((1,2,3,4,1))),$);
#5659=IFCINDEXEDPOLYCURVE(#5660,(IFCLINEINDEX((1,2,3,4,1))),$);
#5660=IFCCARTESIANPOINTLIST2D(((0.75397179089486599,0.090000001713633537),(0.71897179074585438,0.090000001713633537),(0.71897179074585438,0.12500000186264515),(0.75397179089486599,0.12500000186264515)));
#5661=IFCCARTESIANPOINTLIST2D(((0.060000000521540642,0.090000001713633537),(0.71897179074585438,0.090000001713633537)));
#5662=IFCINDEXEDPOLYCURVE(#5661,$,$);
#5663=IFCINDEXEDPOLYCURVE(#5664,$,$);
#5664=IFCCARTESIANPOINTLIST2D(((0.060000000521540642,0.12500000186264515),(0.71897179074585438,0.12500000186264515)));
#5665=IFCINDEXEDPOLYCURVE(#5666,$,$);
#5666=IFCCARTESIANPOINTLIST2D(((0.060000000521540642,0.10750000178813934),(0.71897179074585438,0.10750000178813934)));
#5667=IFCSHAPEREPRESENTATION(#24,'Body','Curve2D',(#5652,#5654,#5656,#5658,#5659,#5662,#5663,#5665));
#5668=IFCCARTESIANPOINTLIST2D(((0.,0.),(0.77897179126739502,0.),(0.77897179126739502,0.89999997615814209),(0.,0.89999997615814209)));
#5669=IFCINDEXEDPOLYCURVE(#5668,(IFCLINEINDEX((1,2,3,4,1))),$);
#5670=IFCARBITRARYCLOSEDPROFILEDEF(.AREA.,$,#5669);
#5671=IFCCARTESIANPOINT((0.,-0.60000002384185791,0.));
#5672=IFCDIRECTION((0.,-1.,0.));
#5673=IFCDIRECTION((1.,0.,0.));
#5674=IFCAXIS2PLACEMENT3D(#5671,#5672,#5673);
#5675=IFCDIRECTION((0.,0.,-1.));
#5676=IFCEXTRUDEDAREASOLID(#5670,#5674,#5675,1.2);
#5677=IFCSHAPEREPRESENTATION(#11,'Body','SweptSolid',(#5676));
#5698=IFCCARTESIANPOINT((1.7791348055627496,9.5367431640625E-07,1.));
#5699=IFCDIRECTION((0.,0.,1.));
#5700=IFCDIRECTION((0.99999999999988631,-4.7683715820307079E-07,0.));
#5701=IFCAXIS2PLACEMENT3D(#5698,#5699,#5700);
#5702=IFCLOCALPLACEMENT(#1106,#5701);
#5708=IFCWINDOWTYPE('1MZfQomWzB5f8D_V3gR1pR',$,'GUEST - 1 - GF',$,$,(#5709),(#5711,#5719,#5767),$,$,.WINDOW.,.SINGLE_PANEL.,$,$);
#5709=IFCPROPERTYSET('0XX1$OEmLArPtuem8uhjgj',$,'BBIM_Window',$,(#5710));
#5710=IFCPROPERTYSINGLEVALUE('Data',$,IFCTEXT('{"window_type": "DOUBLE_PANEL_VERTICAL", "overall_height": 0.8999999761581421, "overall_width": 1.1795443296432495, "lining_properties": {"lining_depth": 0.05000000074505806, "lining_thickness": 0.05000000074505806, "lining_offset": 0.05000000074505806, "lining_to_panel_offset_x": 0.02500000037252903, "lining_to_panel_offset_y": 0.02500000037252903, "mullion_thickness": 0.048253536224365234, "first_mullion_offset": 0.5725924968719482}, "panel_properties": {"frame_depth": [0.03500000014901161, 0.03500000014901161, 0.03500000014901161], "frame_thickness": [0.03500000014901161, 0.03500000014901161, 0.03500000014901161]}}'),$);
#5711=IFCREPRESENTATIONMAP(#5712,#7057);
#5712=IFCAXIS2PLACEMENT3D(#5713,#5714,#5715);
#5713=IFCCARTESIANPOINT((0.,0.,0.));
#5714=IFCDIRECTION((0.,0.,1.));
#5715=IFCDIRECTION((1.,0.,0.));
#5719=IFCREPRESENTATIONMAP(#5720,#7142);
#5720=IFCAXIS2PLACEMENT3D(#5721,#5722,#5723);
#5721=IFCCARTESIANPOINT((0.,0.,0.));
#5722=IFCDIRECTION((0.,0.,1.));
#5723=IFCDIRECTION((1.,0.,0.));
#5767=IFCREPRESENTATIONMAP(#5768,#7175);
#5768=IFCAXIS2PLACEMENT3D(#5769,#5770,#5771);
#5769=IFCCARTESIANPOINT((0.,0.,0.));
#5770=IFCDIRECTION((0.,0.,1.));
#5771=IFCDIRECTION((1.,0.,0.));
#5789=IFCCARTESIANPOINT((4.4408920985006262E-16,0.,0.));
#5790=IFCDIRECTION((0.,0.,1.));
#5791=IFCDIRECTION((1.,0.,0.));
#5792=IFCAXIS2PLACEMENT3D(#5789,#5790,#5791);
#5793=IFCLOCALPLACEMENT(#5702,#5792);
#5794=IFCWINDOW('0eK6g4jEv1rguJiQF5oKHD',$,'Window',$,$,#7200,#5804,$,0.89999997615814209,1.1795443296432495,$,.DOUBLE_PANEL_VERTICAL.,$);
#5796=IFCRELDEFINESBYTYPE('39e4Fy3G94nOSOFhSQP6Y3',$,$,$,(#5794),#5708);
#5797=IFCCARTESIANPOINT((0.,0.,0.));
#5798=IFCDIRECTION((1.,0.,0.));
#5799=IFCDIRECTION((0.,1.,0.));
#5800=IFCDIRECTION((0.,0.,1.));
#5801=IFCCARTESIANTRANSFORMATIONOPERATOR3D(#5798,#5799,#5797,1.,#5800);
#5802=IFCMAPPEDITEM(#5711,#5801);
#5803=IFCSHAPEREPRESENTATION(#18,'Profile','MappedRepresentation',(#5802));
#5804=IFCPRODUCTDEFINITIONSHAPE($,$,(#5803,#5811,#5818));
#5805=IFCCARTESIANPOINT((0.,0.,0.));
#5806=IFCDIRECTION((1.,0.,0.));
#5807=IFCDIRECTION((0.,1.,0.));
#5808=IFCDIRECTION((0.,0.,1.));
#5809=IFCCARTESIANTRANSFORMATIONOPERATOR3D(#5806,#5807,#5805,1.,#5808);
#5810=IFCMAPPEDITEM(#5719,#5809);
#5811=IFCSHAPEREPRESENTATION(#11,'Body','MappedRepresentation',(#5810));
#5812=IFCCARTESIANPOINT((0.,0.,0.));
#5813=IFCDIRECTION((1.,0.,0.));
#5814=IFCDIRECTION((0.,1.,0.));
#5815=IFCDIRECTION((0.,0.,1.));
#5816=IFCCARTESIANTRANSFORMATIONOPERATOR3D(#5813,#5814,#5812,1.,#5815);
#5817=IFCMAPPEDITEM(#5767,#5816);
#5818=IFCSHAPEREPRESENTATION(#24,'Body','MappedRepresentation',(#5817));
#5819=IFCOPENINGELEMENT('1Y0NPdINjDch8CJXX3B3NQ',$,'Opening',$,$,#7195,#5847,$,.OPENING.);
#5835=IFCCARTESIANPOINT((0.,0.,0.));
#5836=IFCDIRECTION((1.,0.,0.));
#5837=IFCDIRECTION((0.,0.,1.));
#5838=IFCAXIS2PLACEMENT3D(#5835,#5837,#5836);
#5839=IFCREPRESENTATIONMAP(#5838,#7185);
#5840=IFCCARTESIANPOINT((0.,0.,0.));
#5841=IFCDIRECTION((1.,0.,0.));
#5842=IFCDIRECTION((0.,1.,0.));
#5843=IFCDIRECTION((0.,0.,1.));
#5844=IFCCARTESIANTRANSFORMATIONOPERATOR3D(#5841,#5842,#5840,1.,#5843);
#5845=IFCMAPPEDITEM(#5839,#5844);
#5846=IFCSHAPEREPRESENTATION(#11,'Body','MappedRepresentation',(#5845));
#5847=IFCPRODUCTDEFINITIONSHAPE($,$,(#5846));
#5848=IFCRELVOIDSELEMENT('2cNID1LvT4kA5AOhxqY0eL',$,$,$,#258,#5819);
#5854=IFCRELFILLSELEMENT('0XYEIBlVnFTOueRmS5sy4L',$,$,$,#5819,#5794);
#5863=IFCCARTESIANPOINTLIST2D(((0.,0.),(0.30000001192092896,0.),(0.30000001192092896,0.89999997615814209),(0.,0.89999997615814209)));
#5864=IFCINDEXEDPOLYCURVE(#5863,(IFCLINEINDEX((1,2,3,4,1))),$);
#5865=IFCCARTESIANPOINTLIST2D(((0.02500000037252903,0.02500000037252903),(0.03077285923063755,0.02500000037252903),(0.03077285923063755,0.87499997578561306),(0.02500000037252903,0.87499997578561306)));
#5866=IFCINDEXEDPOLYCURVE(#5865,(IFCLINEINDEX((1,2,3,4,1))),$);
#5867=IFCARBITRARYPROFILEDEFWITHVOIDS(.AREA.,$,#5864,(#5866));
#5868=IFCCARTESIANPOINT((0.,0.090000001713633537,0.));
#5869=IFCDIRECTION((0.,-1.,0.));
#5870=IFCDIRECTION((1.,0.,0.));
#5871=IFCAXIS2PLACEMENT3D(#5868,#5869,#5870);
#5872=IFCDIRECTION((0.,0.,-1.));
#5873=IFCEXTRUDEDAREASOLID(#5867,#5871,#5872,0.0099999997764825821);
#5874=IFCCARTESIANPOINTLIST2D(((0.,0.),(0.30000001192092896,0.),(0.30000001192092896,0.89999997615814209),(0.,0.89999997615814209)));
#5875=IFCINDEXEDPOLYCURVE(#5874,(IFCLINEINDEX((1,2,3,4,1))),$);
#5876=IFCCARTESIANPOINTLIST2D(((0.05000000074505806,0.05000000074505806),(0.0057728588581085205,0.05000000074505806),(0.0057728588581085205,0.84999997541308403),(0.05000000074505806,0.84999997541308403)));
#5877=IFCINDEXEDPOLYCURVE(#5876,(IFCLINEINDEX((1,2,3,4,1))),$);
#5878=IFCARBITRARYPROFILEDEFWITHVOIDS(.AREA.,$,#5875,(#5877));
#5879=IFCCARTESIANPOINT((0.,0.05000000074505806,0.));
#5880=IFCDIRECTION((0.,-1.,0.));
#5881=IFCDIRECTION((1.,0.,0.));
#5882=IFCAXIS2PLACEMENT3D(#5879,#5880,#5881);
#5883=IFCDIRECTION((0.,0.,-1.));
#5884=IFCEXTRUDEDAREASOLID(#5878,#5882,#5883,0.040000000968575478);
#5885=IFCCARTESIANPOINTLIST2D(((0.,0.),(0.0057728588581085205,0.),(0.0057728588581085205,0.84999997541308403),(0.,0.84999997541308403)));
#5886=IFCINDEXEDPOLYCURVE(#5885,(IFCLINEINDEX((1,2,3,4,1))),$);
#5887=IFCCARTESIANPOINTLIST2D(((0.035000000149011612,0.035000000149011612),(-0.029227141290903091,0.035000000149011612),(-0.029227141290903091,0.81499997526407242),(0.035000000149011612,0.81499997526407242)));
#5888=IFCINDEXEDPOLYCURVE(#5887,(IFCLINEINDEX((1,2,3,4,1))),$);
#5889=IFCARBITRARYPROFILEDEFWITHVOIDS(.AREA.,$,#5886,(#5888));
#5890=IFCCARTESIANPOINT((0.02500000037252903,0.090000001713633537,0.02500000037252903));
#5891=IFCDIRECTION((0.,-1.,0.));
#5892=IFCDIRECTION((1.,0.,0.));
#5893=IFCAXIS2PLACEMENT3D(#5890,#5891,#5892);
#5894=IFCDIRECTION((0.,0.,-1.));
#5895=IFCEXTRUDEDAREASOLID(#5889,#5893,#5894,0.035000000149011612);
#5896=IFCINDEXEDPOLYCURVE(#5897,(IFCLINEINDEX((1,2,3,4,1))),$);
#5897=IFCCARTESIANPOINTLIST2D(((0.035000000149011612,0.035000000149011612),(-0.029227141290903091,0.035000000149011612),(-0.029227141290903091,0.81499997526407242),(0.035000000149011612,0.81499997526407242)));
#5898=IFCARBITRARYCLOSEDPROFILEDEF(.AREA.,$,#5896);
#5899=IFCCARTESIANPOINT((0.02500000037252903,0.10250000178813934,0.02500000037252903));
#5900=IFCDIRECTION((0.,-1.,0.));
#5901=IFCDIRECTION((1.,0.,0.));
#5902=IFCAXIS2PLACEMENT3D(#5899,#5900,#5901);
#5903=IFCDIRECTION((0.,0.,-1.));
#5904=IFCEXTRUDEDAREASOLID(#5898,#5902,#5903,0.01);
#5905=IFCCARTESIANPOINTLIST2D(((0.,0.),(0.87954431772232056,0.),(0.87954431772232056,0.89999997615814209),(0.,0.89999997615814209)));
#5906=IFCINDEXEDPOLYCURVE(#5905,(IFCLINEINDEX((1,2,3,4,1))),$);
#5907=IFCCARTESIANPOINTLIST2D(((0.2692271526902914,0.02500000037252903),(0.85454431734979153,0.02500000037252903),(0.85454431734979153,0.87499997578561306),(0.2692271526902914,0.87499997578561306)));
#5908=IFCINDEXEDPOLYCURVE(#5907,(IFCLINEINDEX((1,2,3,4,1))),$);
#5909=IFCARBITRARYPROFILEDEFWITHVOIDS(.AREA.,$,#5906,(#5908));
#5910=IFCCARTESIANPOINT((0.30000001192092896,0.090000001713633537,0.));
#5911=IFCDIRECTION((0.,-1.,0.));
#5912=IFCDIRECTION((1.,0.,0.));
#5913=IFCAXIS2PLACEMENT3D(#5910,#5911,#5912);
#5914=IFCDIRECTION((0.,0.,-1.));
#5915=IFCEXTRUDEDAREASOLID(#5909,#5913,#5914,0.0099999997764825821);
#5916=IFCCARTESIANPOINTLIST2D(((0.,0.),(0.87954431772232056,0.),(0.87954431772232056,0.89999997615814209),(0.,0.89999997615814209)));
#5917=IFCINDEXEDPOLYCURVE(#5916,(IFCLINEINDEX((1,2,3,4,1))),$);
#5918=IFCCARTESIANPOINTLIST2D(((0.29422715306282043,0.05000000074505806),(0.8295443169772625,0.05000000074505806),(0.8295443169772625,0.84999997541308403),(0.29422715306282043,0.84999997541308403)));
#5919=IFCINDEXEDPOLYCURVE(#5918,(IFCLINEINDEX((1,2,3,4,1))),$);
#5920=IFCARBITRARYPROFILEDEFWITHVOIDS(.AREA.,$,#5917,(#5919));
#5921=IFCCARTESIANPOINT((0.30000001192092896,0.05000000074505806,0.));
#5922=IFCDIRECTION((0.,-1.,0.));
#5923=IFCDIRECTION((1.,0.,0.));
#5924=IFCAXIS2PLACEMENT3D(#5921,#5922,#5923);
#5925=IFCDIRECTION((0.,0.,-1.));
#5926=IFCEXTRUDEDAREASOLID(#5920,#5924,#5925,0.040000000968575478);
#5927=IFCCARTESIANPOINTLIST2D(((0.,0.),(0.58531716465950012,0.),(0.58531716465950012,0.84999997541308403),(0.,0.84999997541308403)));
#5928=IFCINDEXEDPOLYCURVE(#5927,(IFCLINEINDEX((1,2,3,4,1))),$);
#5929=IFCCARTESIANPOINTLIST2D(((0.035000000149011612,0.035000000149011612),(0.55031716451048851,0.035000000149011612),(0.55031716451048851,0.81499997526407242),(0.035000000149011612,0.81499997526407242)));
#5930=IFCINDEXEDPOLYCURVE(#5929,(IFCLINEINDEX((1,2,3,4,1))),$);
#5931=IFCARBITRARYPROFILEDEFWITHVOIDS(.AREA.,$,#5928,(#5930));
#5932=IFCCARTESIANPOINT((0.56922716461122036,0.090000001713633537,0.02500000037252903));
#5933=IFCDIRECTION((0.,-1.,0.));
#5934=IFCDIRECTION((1.,0.,0.));
#5935=IFCAXIS2PLACEMENT3D(#5932,#5933,#5934);
#5936=IFCDIRECTION((0.,0.,-1.));
#5937=IFCEXTRUDEDAREASOLID(#5931,#5935,#5936,0.035000000149011612);
#5938=IFCINDEXEDPOLYCURVE(#5939,(IFCLINEINDEX((1,2,3,4,1))),$);
#5939=IFCCARTESIANPOINTLIST2D(((0.035000000149011612,0.035000000149011612),(0.55031716451048851,0.035000000149011612),(0.55031716451048851,0.81499997526407242),(0.035000000149011612,0.81499997526407242)));
#5940=IFCARBITRARYCLOSEDPROFILEDEF(.AREA.,$,#5938);
#5941=IFCCARTESIANPOINT((0.56922716461122036,0.10250000178813934,0.02500000037252903));
#5942=IFCDIRECTION((0.,-1.,0.));
#5943=IFCDIRECTION((1.,0.,0.));
#5944=IFCAXIS2PLACEMENT3D(#5941,#5942,#5943);
#5945=IFCDIRECTION((0.,0.,-1.));
#5946=IFCEXTRUDEDAREASOLID(#5940,#5944,#5945,0.01);
#5948=IFCSHAPEREPRESENTATION(#11,'Body','SweptSolid',(#5884,#7068,#6379,#6687,#7110,#7079,#6678,#6975,#6964,#6647,#6348,#6933,#6922,#6339,#5873,#6231,#6222,#6638,#6191,#6182,#6074,#6829,#6545,#6820,#6536,#6789,#6065,#6505,#6780,#5915,#7121,#6034,#6496,#5926,#6388,#6025));
#5949=IFCSHAPEASPECT((#5948),'Lining',$,.T.,#5804);
#5950=IFCSHAPEREPRESENTATION(#11,'Body','SweptSolid',(#5895,#6202,#7090,#6698,#6840,#6556,#7132,#6359,#6658,#6085,#6800,#6986,#6516,#6242,#6045,#6944,#5937,#6399));
#5951=IFCSHAPEASPECT((#5950),'Framing',$,.T.,#5804);
#5952=IFCSHAPEREPRESENTATION(#11,'Body','SweptSolid',(#6094,#6849,#6565,#6707,#6368,#6995,#6667,#6809,#6525,#6251,#6054,#5946,#6408,#6211,#6953,#7141,#5904,#7099));
#5953=IFCSHAPEASPECT((#5952),'Glazing',$,.T.,#5804);
#6015=IFCCARTESIANPOINTLIST2D(((0.,0.),(0.57259249687194824,0.),(0.57259249687194824,0.89999997615814209),(0.,0.89999997615814209)));
#6016=IFCINDEXEDPOLYCURVE(#6015,(IFCLINEINDEX((1,2,3,4,1))),$);
#6017=IFCCARTESIANPOINTLIST2D(((0.02500000037252903,0.02500000037252903),(0.59759249724447727,0.02500000037252903),(0.59759249724447727,0.87499997578561306),(0.02500000037252903,0.87499997578561306)));
#6018=IFCINDEXEDPOLYCURVE(#6017,(IFCLINEINDEX((1,2,3,4,1))),$);
#6019=IFCARBITRARYPROFILEDEFWITHVOIDS(.AREA.,$,#6016,(#6018));
#6020=IFCCARTESIANPOINT((0.,0.090000001713633537,0.));
#6021=IFCDIRECTION((0.,-1.,0.));
#6022=IFCDIRECTION((1.,0.,0.));
#6023=IFCAXIS2PLACEMENT3D(#6020,#6021,#6022);
#6024=IFCDIRECTION((0.,0.,-1.));
#6025=IFCEXTRUDEDAREASOLID(#6019,#6023,#6024,0.0099999997764825821);
#6026=IFCCARTESIANPOINTLIST2D(((0.57259249687194824,0.),(0.,0.),(0.,0.89999997615814209),(0.57259249687194824,0.89999997615814209),(0.57259249687194824,0.84999997541308403),(0.05000000074505806,0.84999997541308403),(0.05000000074505806,0.05000000074505806),(0.57259249687194824,0.05000000074505806)));
#6027=IFCINDEXEDPOLYCURVE(#6026,(IFCLINEINDEX((1,2,3,4,5,6,7,8,1))),$);
#6028=IFCARBITRARYCLOSEDPROFILEDEF(.AREA.,$,#6027);
#6029=IFCCARTESIANPOINT((0.,0.05000000074505806,0.));
#6030=IFCDIRECTION((0.,-1.,0.));
#6031=IFCDIRECTION((1.,0.,0.));
#6032=IFCAXIS2PLACEMENT3D(#6029,#6030,#6031);
#6033=IFCDIRECTION((0.,0.,-1.));
#6034=IFCEXTRUDEDAREASOLID(#6028,#6032,#6033,0.040000000968575478);
#6035=IFCCARTESIANPOINTLIST2D(((0.,0.),(0.57259249687194824,0.),(0.57259249687194824,0.84999997541308403),(0.,0.84999997541308403)));
#6036=IFCINDEXEDPOLYCURVE(#6035,(IFCLINEINDEX((1,2,3,4,1))),$);
#6037=IFCCARTESIANPOINTLIST2D(((0.035000000149011612,0.035000000149011612),(0.53759249672293663,0.035000000149011612),(0.53759249672293663,0.81499997526407242),(0.035000000149011612,0.81499997526407242)));
#6038=IFCINDEXEDPOLYCURVE(#6037,(IFCLINEINDEX((1,2,3,4,1))),$);
#6039=IFCARBITRARYPROFILEDEFWITHVOIDS(.AREA.,$,#6036,(#6038));
#6040=IFCCARTESIANPOINT((0.02500000037252903,0.090000001713633537,0.02500000037252903));
#6041=IFCDIRECTION((0.,-1.,0.));
#6042=IFCDIRECTION((1.,0.,0.));
#6043=IFCAXIS2PLACEMENT3D(#6040,#6041,#6042);
#6044=IFCDIRECTION((0.,0.,-1.));
#6045=IFCEXTRUDEDAREASOLID(#6039,#6043,#6044,0.035000000149011612);
#6046=IFCINDEXEDPOLYCURVE(#6047,(IFCLINEINDEX((1,2,3,4,1))),$);
#6047=IFCCARTESIANPOINTLIST2D(((0.035000000149011612,0.035000000149011612),(0.53759249672293663,0.035000000149011612),(0.53759249672293663,0.81499997526407242),(0.035000000149011612,0.81499997526407242)));
#6048=IFCARBITRARYCLOSEDPROFILEDEF(.AREA.,$,#6046);
#6049=IFCCARTESIANPOINT((0.02500000037252903,0.10250000178813934,0.02500000037252903));
#6050=IFCDIRECTION((0.,-1.,0.));
#6051=IFCDIRECTION((1.,0.,0.));
#6052=IFCAXIS2PLACEMENT3D(#6049,#6050,#6051);
#6053=IFCDIRECTION((0.,0.,-1.));
#6054=IFCEXTRUDEDAREASOLID(#6048,#6052,#6053,0.01);
#6055=IFCCARTESIANPOINTLIST2D(((0.,0.),(0.60695183277130127,0.),(0.60695183277130127,0.89999997615814209),(0.,0.89999997615814209)));
#6056=IFCINDEXEDPOLYCURVE(#6055,(IFCLINEINDEX((1,2,3,4,1))),$);
#6057=IFCCARTESIANPOINTLIST2D(((-0.02500000037252903,0.02500000037252903),(0.58195183239877224,0.02500000037252903),(0.58195183239877224,0.87499997578561306),(-0.02500000037252903,0.87499997578561306)));
#6058=IFCINDEXEDPOLYCURVE(#6057,(IFCLINEINDEX((1,2,3,4,1))),$);
#6059=IFCARBITRARYPROFILEDEFWITHVOIDS(.AREA.,$,#6056,(#6058));
#6060=IFCCARTESIANPOINT((0.57259249687194824,0.090000001713633537,0.));
#6061=IFCDIRECTION((0.,-1.,0.));
#6062=IFCDIRECTION((1.,0.,0.));
#6063=IFCAXIS2PLACEMENT3D(#6060,#6061,#6062);
#6064=IFCDIRECTION((0.,0.,-1.));
#6065=IFCEXTRUDEDAREASOLID(#6059,#6063,#6064,0.0099999997764825821);
#6066=IFCCARTESIANPOINTLIST2D(((0.,0.89999997615814209),(0.60695183277130127,0.89999997615814209),(0.60695183277130127,0.),(0.,0.),(0.,0.05000000074505806),(0.55695183202624321,0.05000000074505806),(0.55695183202624321,0.84999997541308403),(0.,0.84999997541308403)));
#6067=IFCINDEXEDPOLYCURVE(#6066,(IFCLINEINDEX((1,2,3,4,5,6,7,8,1))),$);
#6068=IFCARBITRARYCLOSEDPROFILEDEF(.AREA.,$,#6067);
#6069=IFCCARTESIANPOINT((0.57259249687194824,0.05000000074505806,0.));
#6070=IFCDIRECTION((0.,-1.,0.));
#6071=IFCDIRECTION((1.,0.,0.));
#6072=IFCAXIS2PLACEMENT3D(#6069,#6070,#6071);
#6073=IFCDIRECTION((0.,0.,-1.));
#6074=IFCEXTRUDEDAREASOLID(#6068,#6072,#6073,0.040000000968575478);
#6075=IFCCARTESIANPOINTLIST2D(((0.,0.),(0.60695183277130127,0.),(0.60695183277130127,0.84999997541308403),(0.,0.84999997541308403)));
#6076=IFCINDEXEDPOLYCURVE(#6075,(IFCLINEINDEX((1,2,3,4,1))),$);
#6077=IFCCARTESIANPOINTLIST2D(((0.035000000149011612,0.035000000149011612),(0.57195183262228966,0.035000000149011612),(0.57195183262228966,0.81499997526407242),(0.035000000149011612,0.81499997526407242)));
#6078=IFCINDEXEDPOLYCURVE(#6077,(IFCLINEINDEX((1,2,3,4,1))),$);
#6079=IFCARBITRARYPROFILEDEFWITHVOIDS(.AREA.,$,#6076,(#6078));
#6080=IFCCARTESIANPOINT((0.54759249649941921,0.090000001713633537,0.02500000037252903));
#6081=IFCDIRECTION((0.,-1.,0.));
#6082=IFCDIRECTION((1.,0.,0.));
#6083=IFCAXIS2PLACEMENT3D(#6080,#6081,#6082);
#6084=IFCDIRECTION((0.,0.,-1.));
#6085=IFCEXTRUDEDAREASOLID(#6079,#6083,#6084,0.035000000149011612);
#6086=IFCINDEXEDPOLYCURVE(#6087,(IFCLINEINDEX((1,2,3,4,1))),$);
#6087=IFCCARTESIANPOINTLIST2D(((0.035000000149011612,0.035000000149011612),(0.57195183262228966,0.035000000149011612),(0.57195183262228966,0.81499997526407242),(0.035000000149011612,0.81499997526407242)));
#6088=IFCARBITRARYCLOSEDPROFILEDEF(.AREA.,$,#6086);
#6089=IFCCARTESIANPOINT((0.54759249649941921,0.10250000178813934,0.02500000037252903));
#6090=IFCDIRECTION((0.,-1.,0.));
#6091=IFCDIRECTION((1.,0.,0.));
#6092=IFCAXIS2PLACEMENT3D(#6089,#6090,#6091);
#6093=IFCDIRECTION((0.,0.,-1.));
#6094=IFCEXTRUDEDAREASOLID(#6088,#6092,#6093,0.01);
#6172=IFCCARTESIANPOINTLIST2D(((0.,0.),(0.57259249687194824,0.),(0.57259249687194824,0.89999997615814209),(0.,0.89999997615814209)));
#6173=IFCINDEXEDPOLYCURVE(#6172,(IFCLINEINDEX((1,2,3,4,1))),$);
#6174=IFCCARTESIANPOINTLIST2D(((0.02500000037252903,0.02500000037252903),(0.59759249724447727,0.02500000037252903),(0.59759249724447727,0.87499997578561306),(0.02500000037252903,0.87499997578561306)));
#6175=IFCINDEXEDPOLYCURVE(#6174,(IFCLINEINDEX((1,2,3,4,1))),$);
#6176=IFCARBITRARYPROFILEDEFWITHVOIDS(.AREA.,$,#6173,(#6175));
#6177=IFCCARTESIANPOINT((0.,0.090000001713633537,0.));
#6178=IFCDIRECTION((0.,-1.,0.));
#6179=IFCDIRECTION((1.,0.,0.));
#6180=IFCAXIS2PLACEMENT3D(#6177,#6178,#6179);
#6181=IFCDIRECTION((0.,0.,-1.));
#6182=IFCEXTRUDEDAREASOLID(#6176,#6180,#6181,0.0099999997764825821);
#6183=IFCCARTESIANPOINTLIST2D(((0.57259249687194824,0.),(0.,0.),(0.,0.89999997615814209),(0.57259249687194824,0.89999997615814209),(0.57259249687194824,0.84999997541308403),(0.05000000074505806,0.84999997541308403),(0.05000000074505806,0.05000000074505806),(0.57259249687194824,0.05000000074505806)));
#6184=IFCINDEXEDPOLYCURVE(#6183,(IFCLINEINDEX((1,2,3,4,5,6,7,8,1))),$);
#6185=IFCARBITRARYCLOSEDPROFILEDEF(.AREA.,$,#6184);
#6186=IFCCARTESIANPOINT((0.,0.05000000074505806,0.));
#6187=IFCDIRECTION((0.,-1.,0.));
#6188=IFCDIRECTION((1.,0.,0.));
#6189=IFCAXIS2PLACEMENT3D(#6186,#6187,#6188);
#6190=IFCDIRECTION((0.,0.,-1.));
#6191=IFCEXTRUDEDAREASOLID(#6185,#6189,#6190,0.040000000968575478);
#6192=IFCCARTESIANPOINTLIST2D(((0.,0.),(0.57259249687194824,0.),(0.57259249687194824,0.84999997541308403),(0.,0.84999997541308403)));
#6193=IFCINDEXEDPOLYCURVE(#6192,(IFCLINEINDEX((1,2,3,4,1))),$);
#6194=IFCCARTESIANPOINTLIST2D(((0.035000000149011612,0.035000000149011612),(0.53759249672293663,0.035000000149011612),(0.53759249672293663,0.81499997526407242),(0.035000000149011612,0.81499997526407242)));
#6195=IFCINDEXEDPOLYCURVE(#6194,(IFCLINEINDEX((1,2,3,4,1))),$);
#6196=IFCARBITRARYPROFILEDEFWITHVOIDS(.AREA.,$,#6193,(#6195));
#6197=IFCCARTESIANPOINT((0.02500000037252903,0.090000001713633537,0.02500000037252903));
#6198=IFCDIRECTION((0.,-1.,0.));
#6199=IFCDIRECTION((1.,0.,0.));
#6200=IFCAXIS2PLACEMENT3D(#6197,#6198,#6199);
#6201=IFCDIRECTION((0.,0.,-1.));
#6202=IFCEXTRUDEDAREASOLID(#6196,#6200,#6201,0.035000000149011612);
#6203=IFCINDEXEDPOLYCURVE(#6204,(IFCLINEINDEX((1,2,3,4,1))),$);
#6204=IFCCARTESIANPOINTLIST2D(((0.035000000149011612,0.035000000149011612),(0.53759249672293663,0.035000000149011612),(0.53759249672293663,0.81499997526407242),(0.035000000149011612,0.81499997526407242)));
#6205=IFCARBITRARYCLOSEDPROFILEDEF(.AREA.,$,#6203);
#6206=IFCCARTESIANPOINT((0.02500000037252903,0.10250000178813934,0.02500000037252903));
#6207=IFCDIRECTION((0.,-1.,0.));
#6208=IFCDIRECTION((1.,0.,0.));
#6209=IFCAXIS2PLACEMENT3D(#6206,#6207,#6208);
#6210=IFCDIRECTION((0.,0.,-1.));
#6211=IFCEXTRUDEDAREASOLID(#6205,#6209,#6210,0.01);
#6212=IFCCARTESIANPOINTLIST2D(((0.,0.),(0.60695183277130127,0.),(0.60695183277130127,0.89999997615814209),(0.,0.89999997615814209)));
#6213=IFCINDEXEDPOLYCURVE(#6212,(IFCLINEINDEX((1,2,3,4,1))),$);
#6214=IFCCARTESIANPOINTLIST2D(((-0.02500000037252903,0.02500000037252903),(0.58195183239877224,0.02500000037252903),(0.58195183239877224,0.87499997578561306),(-0.02500000037252903,0.87499997578561306)));
#6215=IFCINDEXEDPOLYCURVE(#6214,(IFCLINEINDEX((1,2,3,4,1))),$);
#6216=IFCARBITRARYPROFILEDEFWITHVOIDS(.AREA.,$,#6213,(#6215));
#6217=IFCCARTESIANPOINT((0.57259249687194824,0.090000001713633537,0.));
#6218=IFCDIRECTION((0.,-1.,0.));
#6219=IFCDIRECTION((1.,0.,0.));
#6220=IFCAXIS2PLACEMENT3D(#6217,#6218,#6219);
#6221=IFCDIRECTION((0.,0.,-1.));
#6222=IFCEXTRUDEDAREASOLID(#6216,#6220,#6221,0.0099999997764825821);
#6223=IFCCARTESIANPOINTLIST2D(((0.,0.89999997615814209),(0.60695183277130127,0.89999997615814209),(0.60695183277130127,0.),(0.,0.),(0.,0.05000000074505806),(0.55695183202624321,0.05000000074505806),(0.55695183202624321,0.84999997541308403),(0.,0.84999997541308403)));
#6224=IFCINDEXEDPOLYCURVE(#6223,(IFCLINEINDEX((1,2,3,4,5,6,7,8,1))),$);
#6225=IFCARBITRARYCLOSEDPROFILEDEF(.AREA.,$,#6224);
#6226=IFCCARTESIANPOINT((0.57259249687194824,0.05000000074505806,0.));
#6227=IFCDIRECTION((0.,-1.,0.));
#6228=IFCDIRECTION((1.,0.,0.));
#6229=IFCAXIS2PLACEMENT3D(#6226,#6227,#6228);
#6230=IFCDIRECTION((0.,0.,-1.));
#6231=IFCEXTRUDEDAREASOLID(#6225,#6229,#6230,0.040000000968575478);
#6232=IFCCARTESIANPOINTLIST2D(((0.,0.),(0.60695183277130127,0.),(0.60695183277130127,0.84999997541308403),(0.,0.84999997541308403)));
#6233=IFCINDEXEDPOLYCURVE(#6232,(IFCLINEINDEX((1,2,3,4,1))),$);
#6234=IFCCARTESIANPOINTLIST2D(((0.035000000149011612,0.035000000149011612),(0.57195183262228966,0.035000000149011612),(0.57195183262228966,0.81499997526407242),(0.035000000149011612,0.81499997526407242)));
#6235=IFCINDEXEDPOLYCURVE(#6234,(IFCLINEINDEX((1,2,3,4,1))),$);
#6236=IFCARBITRARYPROFILEDEFWITHVOIDS(.AREA.,$,#6233,(#6235));
#6237=IFCCARTESIANPOINT((0.54759249649941921,0.090000001713633537,0.02500000037252903));
#6238=IFCDIRECTION((0.,-1.,0.));
#6239=IFCDIRECTION((1.,0.,0.));
#6240=IFCAXIS2PLACEMENT3D(#6237,#6238,#6239);
#6241=IFCDIRECTION((0.,0.,-1.));
#6242=IFCEXTRUDEDAREASOLID(#6236,#6240,#6241,0.035000000149011612);
#6243=IFCINDEXEDPOLYCURVE(#6244,(IFCLINEINDEX((1,2,3,4,1))),$);
#6244=IFCCARTESIANPOINTLIST2D(((0.035000000149011612,0.035000000149011612),(0.57195183262228966,0.035000000149011612),(0.57195183262228966,0.81499997526407242),(0.035000000149011612,0.81499997526407242)));
#6245=IFCARBITRARYCLOSEDPROFILEDEF(.AREA.,$,#6243);
#6246=IFCCARTESIANPOINT((0.54759249649941921,0.10250000178813934,0.02500000037252903));
#6247=IFCDIRECTION((0.,-1.,0.));
#6248=IFCDIRECTION((1.,0.,0.));
#6249=IFCAXIS2PLACEMENT3D(#6246,#6247,#6248);
#6250=IFCDIRECTION((0.,0.,-1.));
#6251=IFCEXTRUDEDAREASOLID(#6245,#6249,#6250,0.01);
#6329=IFCCARTESIANPOINTLIST2D(((0.,0.),(0.57259249687194824,0.),(0.57259249687194824,0.89999997615814209),(0.,0.89999997615814209)));
#6330=IFCINDEXEDPOLYCURVE(#6329,(IFCLINEINDEX((1,2,3,4,1))),$);
#6331=IFCCARTESIANPOINTLIST2D(((0.02500000037252903,0.02500000037252903),(0.59759249724447727,0.02500000037252903),(0.59759249724447727,0.87499997578561306),(0.02500000037252903,0.87499997578561306)));
#6332=IFCINDEXEDPOLYCURVE(#6331,(IFCLINEINDEX((1,2,3,4,1))),$);
#6333=IFCARBITRARYPROFILEDEFWITHVOIDS(.AREA.,$,#6330,(#6332));
#6334=IFCCARTESIANPOINT((0.,0.090000001713633537,0.));
#6335=IFCDIRECTION((0.,-1.,0.));
#6336=IFCDIRECTION((1.,0.,0.));
#6337=IFCAXIS2PLACEMENT3D(#6334,#6335,#6336);
#6338=IFCDIRECTION((0.,0.,-1.));
#6339=IFCEXTRUDEDAREASOLID(#6333,#6337,#6338,0.0099999997764825821);
#6340=IFCCARTESIANPOINTLIST2D(((0.57259249687194824,0.),(0.,0.),(0.,0.89999997615814209),(0.57259249687194824,0.89999997615814209),(0.57259249687194824,0.84999997541308403),(0.05000000074505806,0.84999997541308403),(0.05000000074505806,0.05000000074505806),(0.57259249687194824,0.05000000074505806)));
#6341=IFCINDEXEDPOLYCURVE(#6340,(IFCLINEINDEX((1,2,3,4,5,6,7,8,1))),$);
#6342=IFCARBITRARYCLOSEDPROFILEDEF(.AREA.,$,#6341);
#6343=IFCCARTESIANPOINT((0.,0.05000000074505806,0.));
#6344=IFCDIRECTION((0.,-1.,0.));
#6345=IFCDIRECTION((1.,0.,0.));
#6346=IFCAXIS2PLACEMENT3D(#6343,#6344,#6345);
#6347=IFCDIRECTION((0.,0.,-1.));
#6348=IFCEXTRUDEDAREASOLID(#6342,#6346,#6347,0.040000000968575478);
#6349=IFCCARTESIANPOINTLIST2D(((0.,0.),(0.57259249687194824,0.),(0.57259249687194824,0.84999997541308403),(0.,0.84999997541308403)));
#6350=IFCINDEXEDPOLYCURVE(#6349,(IFCLINEINDEX((1,2,3,4,1))),$);
#6351=IFCCARTESIANPOINTLIST2D(((0.035000000149011612,0.035000000149011612),(0.53759249672293663,0.035000000149011612),(0.53759249672293663,0.81499997526407242),(0.035000000149011612,0.81499997526407242)));
#6352=IFCINDEXEDPOLYCURVE(#6351,(IFCLINEINDEX((1,2,3,4,1))),$);
#6353=IFCARBITRARYPROFILEDEFWITHVOIDS(.AREA.,$,#6350,(#6352));
#6354=IFCCARTESIANPOINT((0.02500000037252903,0.090000001713633537,0.02500000037252903));
#6355=IFCDIRECTION((0.,-1.,0.));
#6356=IFCDIRECTION((1.,0.,0.));
#6357=IFCAXIS2PLACEMENT3D(#6354,#6355,#6356);
#6358=IFCDIRECTION((0.,0.,-1.));
#6359=IFCEXTRUDEDAREASOLID(#6353,#6357,#6358,0.035000000149011612);
#6360=IFCINDEXEDPOLYCURVE(#6361,(IFCLINEINDEX((1,2,3,4,1))),$);
#6361=IFCCARTESIANPOINTLIST2D(((0.035000000149011612,0.035000000149011612),(0.53759249672293663,0.035000000149011612),(0.53759249672293663,0.81499997526407242),(0.035000000149011612,0.81499997526407242)));
#6362=IFCARBITRARYCLOSEDPROFILEDEF(.AREA.,$,#6360);
#6363=IFCCARTESIANPOINT((0.02500000037252903,0.10250000178813934,0.02500000037252903));
#6364=IFCDIRECTION((0.,-1.,0.));
#6365=IFCDIRECTION((1.,0.,0.));
#6366=IFCAXIS2PLACEMENT3D(#6363,#6364,#6365);
#6367=IFCDIRECTION((0.,0.,-1.));
#6368=IFCEXTRUDEDAREASOLID(#6362,#6366,#6367,0.01);
#6369=IFCCARTESIANPOINTLIST2D(((0.,0.),(0.60695183277130127,0.),(0.60695183277130127,0.89999997615814209),(0.,0.89999997615814209)));
#6370=IFCINDEXEDPOLYCURVE(#6369,(IFCLINEINDEX((1,2,3,4,1))),$);
#6371=IFCCARTESIANPOINTLIST2D(((-0.02500000037252903,0.02500000037252903),(0.58195183239877224,0.02500000037252903),(0.58195183239877224,0.87499997578561306),(-0.02500000037252903,0.87499997578561306)));
#6372=IFCINDEXEDPOLYCURVE(#6371,(IFCLINEINDEX((1,2,3,4,1))),$);
#6373=IFCARBITRARYPROFILEDEFWITHVOIDS(.AREA.,$,#6370,(#6372));
#6374=IFCCARTESIANPOINT((0.57259249687194824,0.090000001713633537,0.));
#6375=IFCDIRECTION((0.,-1.,0.));
#6376=IFCDIRECTION((1.,0.,0.));
#6377=IFCAXIS2PLACEMENT3D(#6374,#6375,#6376);
#6378=IFCDIRECTION((0.,0.,-1.));
#6379=IFCEXTRUDEDAREASOLID(#6373,#6377,#6378,0.0099999997764825821);
#6380=IFCCARTESIANPOINTLIST2D(((0.,0.89999997615814209),(0.60695183277130127,0.89999997615814209),(0.60695183277130127,0.),(0.,0.),(0.,0.05000000074505806),(0.55695183202624321,0.05000000074505806),(0.55695183202624321,0.84999997541308403),(0.,0.84999997541308403)));
#6381=IFCINDEXEDPOLYCURVE(#6380,(IFCLINEINDEX((1,2,3,4,5,6,7,8,1))),$);
#6382=IFCARBITRARYCLOSEDPROFILEDEF(.AREA.,$,#6381);
#6383=IFCCARTESIANPOINT((0.57259249687194824,0.05000000074505806,0.));
#6384=IFCDIRECTION((0.,-1.,0.));
#6385=IFCDIRECTION((1.,0.,0.));
#6386=IFCAXIS2PLACEMENT3D(#6383,#6384,#6385);
#6387=IFCDIRECTION((0.,0.,-1.));
#6388=IFCEXTRUDEDAREASOLID(#6382,#6386,#6387,0.040000000968575478);
#6389=IFCCARTESIANPOINTLIST2D(((0.,0.),(0.60695183277130127,0.),(0.60695183277130127,0.84999997541308403),(0.,0.84999997541308403)));
#6390=IFCINDEXEDPOLYCURVE(#6389,(IFCLINEINDEX((1,2,3,4,1))),$);
#6391=IFCCARTESIANPOINTLIST2D(((0.035000000149011612,0.035000000149011612),(0.57195183262228966,0.035000000149011612),(0.57195183262228966,0.81499997526407242),(0.035000000149011612,0.81499997526407242)));
#6392=IFCINDEXEDPOLYCURVE(#6391,(IFCLINEINDEX((1,2,3,4,1))),$);
#6393=IFCARBITRARYPROFILEDEFWITHVOIDS(.AREA.,$,#6390,(#6392));
#6394=IFCCARTESIANPOINT((0.54759249649941921,0.090000001713633537,0.02500000037252903));
#6395=IFCDIRECTION((0.,-1.,0.));
#6396=IFCDIRECTION((1.,0.,0.));
#6397=IFCAXIS2PLACEMENT3D(#6394,#6395,#6396);
#6398=IFCDIRECTION((0.,0.,-1.));
#6399=IFCEXTRUDEDAREASOLID(#6393,#6397,#6398,0.035000000149011612);
#6400=IFCINDEXEDPOLYCURVE(#6401,(IFCLINEINDEX((1,2,3,4,1))),$);
#6401=IFCCARTESIANPOINTLIST2D(((0.035000000149011612,0.035000000149011612),(0.57195183262228966,0.035000000149011612),(0.57195183262228966,0.81499997526407242),(0.035000000149011612,0.81499997526407242)));
#6402=IFCARBITRARYCLOSEDPROFILEDEF(.AREA.,$,#6400);
#6403=IFCCARTESIANPOINT((0.54759249649941921,0.10250000178813934,0.02500000037252903));
#6404=IFCDIRECTION((0.,-1.,0.));
#6405=IFCDIRECTION((1.,0.,0.));
#6406=IFCAXIS2PLACEMENT3D(#6403,#6404,#6405);
#6407=IFCDIRECTION((0.,0.,-1.));
#6408=IFCEXTRUDEDAREASOLID(#6402,#6406,#6407,0.01);
#6486=IFCCARTESIANPOINTLIST2D(((0.,0.),(0.57259249687194824,0.),(0.57259249687194824,0.89999997615814209),(0.,0.89999997615814209)));
#6487=IFCINDEXEDPOLYCURVE(#6486,(IFCLINEINDEX((1,2,3,4,1))),$);
#6488=IFCCARTESIANPOINTLIST2D(((0.02500000037252903,0.02500000037252903),(0.59759249724447727,0.02500000037252903),(0.59759249724447727,0.87499997578561306),(0.02500000037252903,0.87499997578561306)));
#6489=IFCINDEXEDPOLYCURVE(#6488,(IFCLINEINDEX((1,2,3,4,1))),$);
#6490=IFCARBITRARYPROFILEDEFWITHVOIDS(.AREA.,$,#6487,(#6489));
#6491=IFCCARTESIANPOINT((0.,0.090000001713633537,0.));
#6492=IFCDIRECTION((0.,-1.,0.));
#6493=IFCDIRECTION((1.,0.,0.));
#6494=IFCAXIS2PLACEMENT3D(#6491,#6492,#6493);
#6495=IFCDIRECTION((0.,0.,-1.));
#6496=IFCEXTRUDEDAREASOLID(#6490,#6494,#6495,0.0099999997764825821);
#6497=IFCCARTESIANPOINTLIST2D(((0.57259249687194824,0.),(0.,0.),(0.,0.89999997615814209),(0.57259249687194824,0.89999997615814209),(0.57259249687194824,0.84999997541308403),(0.05000000074505806,0.84999997541308403),(0.05000000074505806,0.05000000074505806),(0.57259249687194824,0.05000000074505806)));
#6498=IFCINDEXEDPOLYCURVE(#6497,(IFCLINEINDEX((1,2,3,4,5,6,7,8,1))),$);
#6499=IFCARBITRARYCLOSEDPROFILEDEF(.AREA.,$,#6498);
#6500=IFCCARTESIANPOINT((0.,0.05000000074505806,0.));
#6501=IFCDIRECTION((0.,-1.,0.));
#6502=IFCDIRECTION((1.,0.,0.));
#6503=IFCAXIS2PLACEMENT3D(#6500,#6501,#6502);
#6504=IFCDIRECTION((0.,0.,-1.));
#6505=IFCEXTRUDEDAREASOLID(#6499,#6503,#6504,0.040000000968575478);
#6506=IFCCARTESIANPOINTLIST2D(((0.,0.),(0.57259249687194824,0.),(0.57259249687194824,0.84999997541308403),(0.,0.84999997541308403)));
#6507=IFCINDEXEDPOLYCURVE(#6506,(IFCLINEINDEX((1,2,3,4,1))),$);
#6508=IFCCARTESIANPOINTLIST2D(((0.035000000149011612,0.035000000149011612),(0.53759249672293663,0.035000000149011612),(0.53759249672293663,0.81499997526407242),(0.035000000149011612,0.81499997526407242)));
#6509=IFCINDEXEDPOLYCURVE(#6508,(IFCLINEINDEX((1,2,3,4,1))),$);
#6510=IFCARBITRARYPROFILEDEFWITHVOIDS(.AREA.,$,#6507,(#6509));
#6511=IFCCARTESIANPOINT((0.02500000037252903,0.090000001713633537,0.02500000037252903));
#6512=IFCDIRECTION((0.,-1.,0.));
#6513=IFCDIRECTION((1.,0.,0.));
#6514=IFCAXIS2PLACEMENT3D(#6511,#6512,#6513);
#6515=IFCDIRECTION((0.,0.,-1.));
#6516=IFCEXTRUDEDAREASOLID(#6510,#6514,#6515,0.035000000149011612);
#6517=IFCINDEXEDPOLYCURVE(#6518,(IFCLINEINDEX((1,2,3,4,1))),$);
#6518=IFCCARTESIANPOINTLIST2D(((0.035000000149011612,0.035000000149011612),(0.53759249672293663,0.035000000149011612),(0.53759249672293663,0.81499997526407242),(0.035000000149011612,0.81499997526407242)));
#6519=IFCARBITRARYCLOSEDPROFILEDEF(.AREA.,$,#6517);
#6520=IFCCARTESIANPOINT((0.02500000037252903,0.10250000178813934,0.02500000037252903));
#6521=IFCDIRECTION((0.,-1.,0.));
#6522=IFCDIRECTION((1.,0.,0.));
#6523=IFCAXIS2PLACEMENT3D(#6520,#6521,#6522);
#6524=IFCDIRECTION((0.,0.,-1.));
#6525=IFCEXTRUDEDAREASOLID(#6519,#6523,#6524,0.01);
#6526=IFCCARTESIANPOINTLIST2D(((0.,0.),(0.60695183277130127,0.),(0.60695183277130127,0.89999997615814209),(0.,0.89999997615814209)));
#6527=IFCINDEXEDPOLYCURVE(#6526,(IFCLINEINDEX((1,2,3,4,1))),$);
#6528=IFCCARTESIANPOINTLIST2D(((-0.02500000037252903,0.02500000037252903),(0.58195183239877224,0.02500000037252903),(0.58195183239877224,0.87499997578561306),(-0.02500000037252903,0.87499997578561306)));
#6529=IFCINDEXEDPOLYCURVE(#6528,(IFCLINEINDEX((1,2,3,4,1))),$);
#6530=IFCARBITRARYPROFILEDEFWITHVOIDS(.AREA.,$,#6527,(#6529));
#6531=IFCCARTESIANPOINT((0.57259249687194824,0.090000001713633537,0.));
#6532=IFCDIRECTION((0.,-1.,0.));
#6533=IFCDIRECTION((1.,0.,0.));
#6534=IFCAXIS2PLACEMENT3D(#6531,#6532,#6533);
#6535=IFCDIRECTION((0.,0.,-1.));
#6536=IFCEXTRUDEDAREASOLID(#6530,#6534,#6535,0.0099999997764825821);
#6537=IFCCARTESIANPOINTLIST2D(((0.,0.89999997615814209),(0.60695183277130127,0.89999997615814209),(0.60695183277130127,0.),(0.,0.),(0.,0.05000000074505806),(0.55695183202624321,0.05000000074505806),(0.55695183202624321,0.84999997541308403),(0.,0.84999997541308403)));
#6538=IFCINDEXEDPOLYCURVE(#6537,(IFCLINEINDEX((1,2,3,4,5,6,7,8,1))),$);
#6539=IFCARBITRARYCLOSEDPROFILEDEF(.AREA.,$,#6538);
#6540=IFCCARTESIANPOINT((0.57259249687194824,0.05000000074505806,0.));
#6541=IFCDIRECTION((0.,-1.,0.));
#6542=IFCDIRECTION((1.,0.,0.));
#6543=IFCAXIS2PLACEMENT3D(#6540,#6541,#6542);
#6544=IFCDIRECTION((0.,0.,-1.));
#6545=IFCEXTRUDEDAREASOLID(#6539,#6543,#6544,0.040000000968575478);
#6546=IFCCARTESIANPOINTLIST2D(((0.,0.),(0.60695183277130127,0.),(0.60695183277130127,0.84999997541308403),(0.,0.84999997541308403)));
#6547=IFCINDEXEDPOLYCURVE(#6546,(IFCLINEINDEX((1,2,3,4,1))),$);
#6548=IFCCARTESIANPOINTLIST2D(((0.035000000149011612,0.035000000149011612),(0.57195183262228966,0.035000000149011612),(0.57195183262228966,0.81499997526407242),(0.035000000149011612,0.81499997526407242)));
#6549=IFCINDEXEDPOLYCURVE(#6548,(IFCLINEINDEX((1,2,3,4,1))),$);
#6550=IFCARBITRARYPROFILEDEFWITHVOIDS(.AREA.,$,#6547,(#6549));
#6551=IFCCARTESIANPOINT((0.54759249649941921,0.090000001713633537,0.02500000037252903));
#6552=IFCDIRECTION((0.,-1.,0.));
#6553=IFCDIRECTION((1.,0.,0.));
#6554=IFCAXIS2PLACEMENT3D(#6551,#6552,#6553);
#6555=IFCDIRECTION((0.,0.,-1.));
#6556=IFCEXTRUDEDAREASOLID(#6550,#6554,#6555,0.035000000149011612);
#6557=IFCINDEXEDPOLYCURVE(#6558,(IFCLINEINDEX((1,2,3,4,1))),$);
#6558=IFCCARTESIANPOINTLIST2D(((0.035000000149011612,0.035000000149011612),(0.57195183262228966,0.035000000149011612),(0.57195183262228966,0.81499997526407242),(0.035000000149011612,0.81499997526407242)));
#6559=IFCARBITRARYCLOSEDPROFILEDEF(.AREA.,$,#6557);
#6560=IFCCARTESIANPOINT((0.54759249649941921,0.10250000178813934,0.02500000037252903));
#6561=IFCDIRECTION((0.,-1.,0.));
#6562=IFCDIRECTION((1.,0.,0.));
#6563=IFCAXIS2PLACEMENT3D(#6560,#6561,#6562);
#6564=IFCDIRECTION((0.,0.,-1.));
#6565=IFCEXTRUDEDAREASOLID(#6559,#6563,#6564,0.01);
#6628=IFCCARTESIANPOINTLIST2D(((0.,0.),(0.57259249687194824,0.),(0.57259249687194824,0.89999997615814209),(0.,0.89999997615814209)));
#6629=IFCINDEXEDPOLYCURVE(#6628,(IFCLINEINDEX((1,2,3,4,1))),$);
#6630=IFCCARTESIANPOINTLIST2D(((0.02500000037252903,0.02500000037252903),(0.59759249724447727,0.02500000037252903),(0.59759249724447727,0.87499997578561306),(0.02500000037252903,0.87499997578561306)));
#6631=IFCINDEXEDPOLYCURVE(#6630,(IFCLINEINDEX((1,2,3,4,1))),$);
#6632=IFCARBITRARYPROFILEDEFWITHVOIDS(.AREA.,$,#6629,(#6631));
#6633=IFCCARTESIANPOINT((0.,0.090000001713633537,0.));
#6634=IFCDIRECTION((0.,-1.,0.));
#6635=IFCDIRECTION((1.,0.,0.));
#6636=IFCAXIS2PLACEMENT3D(#6633,#6634,#6635);
#6637=IFCDIRECTION((0.,0.,-1.));
#6638=IFCEXTRUDEDAREASOLID(#6632,#6636,#6637,0.0099999997764825821);
#6639=IFCCARTESIANPOINTLIST2D(((0.57259249687194824,0.),(0.,0.),(0.,0.89999997615814209),(0.57259249687194824,0.89999997615814209),(0.57259249687194824,0.84999997541308403),(0.05000000074505806,0.84999997541308403),(0.05000000074505806,0.05000000074505806),(0.57259249687194824,0.05000000074505806)));
#6640=IFCINDEXEDPOLYCURVE(#6639,(IFCLINEINDEX((1,2,3,4,5,6,7,8,1))),$);
#6641=IFCARBITRARYCLOSEDPROFILEDEF(.AREA.,$,#6640);
#6642=IFCCARTESIANPOINT((0.,0.05000000074505806,0.));
#6643=IFCDIRECTION((0.,-1.,0.));
#6644=IFCDIRECTION((1.,0.,0.));
#6645=IFCAXIS2PLACEMENT3D(#6642,#6643,#6644);
#6646=IFCDIRECTION((0.,0.,-1.));
#6647=IFCEXTRUDEDAREASOLID(#6641,#6645,#6646,0.040000000968575478);
#6648=IFCCARTESIANPOINTLIST2D(((0.,0.),(0.57259249687194824,0.),(0.57259249687194824,0.84999997541308403),(0.,0.84999997541308403)));
#6649=IFCINDEXEDPOLYCURVE(#6648,(IFCLINEINDEX((1,2,3,4,1))),$);
#6650=IFCCARTESIANPOINTLIST2D(((0.035000000149011612,0.035000000149011612),(0.53759249672293663,0.035000000149011612),(0.53759249672293663,0.81499997526407242),(0.035000000149011612,0.81499997526407242)));
#6651=IFCINDEXEDPOLYCURVE(#6650,(IFCLINEINDEX((1,2,3,4,1))),$);
#6652=IFCARBITRARYPROFILEDEFWITHVOIDS(.AREA.,$,#6649,(#6651));
#6653=IFCCARTESIANPOINT((0.02500000037252903,0.090000001713633537,0.02500000037252903));
#6654=IFCDIRECTION((0.,-1.,0.));
#6655=IFCDIRECTION((1.,0.,0.));
#6656=IFCAXIS2PLACEMENT3D(#6653,#6654,#6655);
#6657=IFCDIRECTION((0.,0.,-1.));
#6658=IFCEXTRUDEDAREASOLID(#6652,#6656,#6657,0.035000000149011612);
#6659=IFCINDEXEDPOLYCURVE(#6660,(IFCLINEINDEX((1,2,3,4,1))),$);
#6660=IFCCARTESIANPOINTLIST2D(((0.035000000149011612,0.035000000149011612),(0.53759249672293663,0.035000000149011612),(0.53759249672293663,0.81499997526407242),(0.035000000149011612,0.81499997526407242)));
#6661=IFCARBITRARYCLOSEDPROFILEDEF(.AREA.,$,#6659);
#6662=IFCCARTESIANPOINT((0.02500000037252903,0.10250000178813934,0.02500000037252903));
#6663=IFCDIRECTION((0.,-1.,0.));
#6664=IFCDIRECTION((1.,0.,0.));
#6665=IFCAXIS2PLACEMENT3D(#6662,#6663,#6664);
#6666=IFCDIRECTION((0.,0.,-1.));
#6667=IFCEXTRUDEDAREASOLID(#6661,#6665,#6666,0.01);
#6668=IFCCARTESIANPOINTLIST2D(((0.,0.),(0.60695183277130127,0.),(0.60695183277130127,0.89999997615814209),(0.,0.89999997615814209)));
#6669=IFCINDEXEDPOLYCURVE(#6668,(IFCLINEINDEX((1,2,3,4,1))),$);
#6670=IFCCARTESIANPOINTLIST2D(((-0.02500000037252903,0.02500000037252903),(0.58195183239877224,0.02500000037252903),(0.58195183239877224,0.87499997578561306),(-0.02500000037252903,0.87499997578561306)));
#6671=IFCINDEXEDPOLYCURVE(#6670,(IFCLINEINDEX((1,2,3,4,1))),$);
#6672=IFCARBITRARYPROFILEDEFWITHVOIDS(.AREA.,$,#6669,(#6671));
#6673=IFCCARTESIANPOINT((0.57259249687194824,0.090000001713633537,0.));
#6674=IFCDIRECTION((0.,-1.,0.));
#6675=IFCDIRECTION((1.,0.,0.));
#6676=IFCAXIS2PLACEMENT3D(#6673,#6674,#6675);
#6677=IFCDIRECTION((0.,0.,-1.));
#6678=IFCEXTRUDEDAREASOLID(#6672,#6676,#6677,0.0099999997764825821);
#6679=IFCCARTESIANPOINTLIST2D(((0.,0.89999997615814209),(0.60695183277130127,0.89999997615814209),(0.60695183277130127,0.),(0.,0.),(0.,0.05000000074505806),(0.55695183202624321,0.05000000074505806),(0.55695183202624321,0.84999997541308403),(0.,0.84999997541308403)));
#6680=IFCINDEXEDPOLYCURVE(#6679,(IFCLINEINDEX((1,2,3,4,5,6,7,8,1))),$);
#6681=IFCARBITRARYCLOSEDPROFILEDEF(.AREA.,$,#6680);
#6682=IFCCARTESIANPOINT((0.57259249687194824,0.05000000074505806,0.));
#6683=IFCDIRECTION((0.,-1.,0.));
#6684=IFCDIRECTION((1.,0.,0.));
#6685=IFCAXIS2PLACEMENT3D(#6682,#6683,#6684);
#6686=IFCDIRECTION((0.,0.,-1.));
#6687=IFCEXTRUDEDAREASOLID(#6681,#6685,#6686,0.040000000968575478);
#6688=IFCCARTESIANPOINTLIST2D(((0.,0.),(0.60695183277130127,0.),(0.60695183277130127,0.84999997541308403),(0.,0.84999997541308403)));
#6689=IFCINDEXEDPOLYCURVE(#6688,(IFCLINEINDEX((1,2,3,4,1))),$);
#6690=IFCCARTESIANPOINTLIST2D(((0.035000000149011612,0.035000000149011612),(0.57195183262228966,0.035000000149011612),(0.57195183262228966,0.81499997526407242),(0.035000000149011612,0.81499997526407242)));
#6691=IFCINDEXEDPOLYCURVE(#6690,(IFCLINEINDEX((1,2,3,4,1))),$);
#6692=IFCARBITRARYPROFILEDEFWITHVOIDS(.AREA.,$,#6689,(#6691));
#6693=IFCCARTESIANPOINT((0.54759249649941921,0.090000001713633537,0.02500000037252903));
#6694=IFCDIRECTION((0.,-1.,0.));
#6695=IFCDIRECTION((1.,0.,0.));
#6696=IFCAXIS2PLACEMENT3D(#6693,#6694,#6695);
#6697=IFCDIRECTION((0.,0.,-1.));
#6698=IFCEXTRUDEDAREASOLID(#6692,#6696,#6697,0.035000000149011612);
#6699=IFCINDEXEDPOLYCURVE(#6700,(IFCLINEINDEX((1,2,3,4,1))),$);
#6700=IFCCARTESIANPOINTLIST2D(((0.035000000149011612,0.035000000149011612),(0.57195183262228966,0.035000000149011612),(0.57195183262228966,0.81499997526407242),(0.035000000149011612,0.81499997526407242)));
#6701=IFCARBITRARYCLOSEDPROFILEDEF(.AREA.,$,#6699);
#6702=IFCCARTESIANPOINT((0.54759249649941921,0.10250000178813934,0.02500000037252903));
#6703=IFCDIRECTION((0.,-1.,0.));
#6704=IFCDIRECTION((1.,0.,0.));
#6705=IFCAXIS2PLACEMENT3D(#6702,#6703,#6704);
#6706=IFCDIRECTION((0.,0.,-1.));
#6707=IFCEXTRUDEDAREASOLID(#6701,#6705,#6706,0.01);
#6770=IFCCARTESIANPOINTLIST2D(((0.,0.),(0.57259249687194824,0.),(0.57259249687194824,0.89999997615814209),(0.,0.89999997615814209)));
#6771=IFCINDEXEDPOLYCURVE(#6770,(IFCLINEINDEX((1,2,3,4,1))),$);
#6772=IFCCARTESIANPOINTLIST2D(((0.02500000037252903,0.02500000037252903),(0.59759249724447727,0.02500000037252903),(0.59759249724447727,0.87499997578561306),(0.02500000037252903,0.87499997578561306)));
#6773=IFCINDEXEDPOLYCURVE(#6772,(IFCLINEINDEX((1,2,3,4,1))),$);
#6774=IFCARBITRARYPROFILEDEFWITHVOIDS(.AREA.,$,#6771,(#6773));
#6775=IFCCARTESIANPOINT((0.,0.090000001713633537,0.));
#6776=IFCDIRECTION((0.,-1.,0.));
#6777=IFCDIRECTION((1.,0.,0.));
#6778=IFCAXIS2PLACEMENT3D(#6775,#6776,#6777);
#6779=IFCDIRECTION((0.,0.,-1.));
#6780=IFCEXTRUDEDAREASOLID(#6774,#6778,#6779,0.0099999997764825821);
#6781=IFCCARTESIANPOINTLIST2D(((0.57259249687194824,0.),(0.,0.),(0.,0.89999997615814209),(0.57259249687194824,0.89999997615814209),(0.57259249687194824,0.84999997541308403),(0.05000000074505806,0.84999997541308403),(0.05000000074505806,0.05000000074505806),(0.57259249687194824,0.05000000074505806)));
#6782=IFCINDEXEDPOLYCURVE(#6781,(IFCLINEINDEX((1,2,3,4,5,6,7,8,1))),$);
#6783=IFCARBITRARYCLOSEDPROFILEDEF(.AREA.,$,#6782);
#6784=IFCCARTESIANPOINT((0.,0.05000000074505806,0.));
#6785=IFCDIRECTION((0.,-1.,0.));
#6786=IFCDIRECTION((1.,0.,0.));
#6787=IFCAXIS2PLACEMENT3D(#6784,#6785,#6786);
#6788=IFCDIRECTION((0.,0.,-1.));
#6789=IFCEXTRUDEDAREASOLID(#6783,#6787,#6788,0.040000000968575478);
#6790=IFCCARTESIANPOINTLIST2D(((0.,0.),(0.57259249687194824,0.),(0.57259249687194824,0.84999997541308403),(0.,0.84999997541308403)));
#6791=IFCINDEXEDPOLYCURVE(#6790,(IFCLINEINDEX((1,2,3,4,1))),$);
#6792=IFCCARTESIANPOINTLIST2D(((0.035000000149011612,0.035000000149011612),(0.53759249672293663,0.035000000149011612),(0.53759249672293663,0.81499997526407242),(0.035000000149011612,0.81499997526407242)));
#6793=IFCINDEXEDPOLYCURVE(#6792,(IFCLINEINDEX((1,2,3,4,1))),$);
#6794=IFCARBITRARYPROFILEDEFWITHVOIDS(.AREA.,$,#6791,(#6793));
#6795=IFCCARTESIANPOINT((0.02500000037252903,0.090000001713633537,0.02500000037252903));
#6796=IFCDIRECTION((0.,-1.,0.));
#6797=IFCDIRECTION((1.,0.,0.));
#6798=IFCAXIS2PLACEMENT3D(#6795,#6796,#6797);
#6799=IFCDIRECTION((0.,0.,-1.));
#6800=IFCEXTRUDEDAREASOLID(#6794,#6798,#6799,0.035000000149011612);
#6801=IFCINDEXEDPOLYCURVE(#6802,(IFCLINEINDEX((1,2,3,4,1))),$);
#6802=IFCCARTESIANPOINTLIST2D(((0.035000000149011612,0.035000000149011612),(0.53759249672293663,0.035000000149011612),(0.53759249672293663,0.81499997526407242),(0.035000000149011612,0.81499997526407242)));
#6803=IFCARBITRARYCLOSEDPROFILEDEF(.AREA.,$,#6801);
#6804=IFCCARTESIANPOINT((0.02500000037252903,0.10250000178813934,0.02500000037252903));
#6805=IFCDIRECTION((0.,-1.,0.));
#6806=IFCDIRECTION((1.,0.,0.));
#6807=IFCAXIS2PLACEMENT3D(#6804,#6805,#6806);
#6808=IFCDIRECTION((0.,0.,-1.));
#6809=IFCEXTRUDEDAREASOLID(#6803,#6807,#6808,0.01);
#6810=IFCCARTESIANPOINTLIST2D(((0.,0.),(0.60695183277130127,0.),(0.60695183277130127,0.89999997615814209),(0.,0.89999997615814209)));
#6811=IFCINDEXEDPOLYCURVE(#6810,(IFCLINEINDEX((1,2,3,4,1))),$);
#6812=IFCCARTESIANPOINTLIST2D(((-0.02500000037252903,0.02500000037252903),(0.58195183239877224,0.02500000037252903),(0.58195183239877224,0.87499997578561306),(-0.02500000037252903,0.87499997578561306)));
#6813=IFCINDEXEDPOLYCURVE(#6812,(IFCLINEINDEX((1,2,3,4,1))),$);
#6814=IFCARBITRARYPROFILEDEFWITHVOIDS(.AREA.,$,#6811,(#6813));
#6815=IFCCARTESIANPOINT((0.57259249687194824,0.090000001713633537,0.));
#6816=IFCDIRECTION((0.,-1.,0.));
#6817=IFCDIRECTION((1.,0.,0.));
#6818=IFCAXIS2PLACEMENT3D(#6815,#6816,#6817);
#6819=IFCDIRECTION((0.,0.,-1.));
#6820=IFCEXTRUDEDAREASOLID(#6814,#6818,#6819,0.0099999997764825821);
#6821=IFCCARTESIANPOINTLIST2D(((0.,0.89999997615814209),(0.60695183277130127,0.89999997615814209),(0.60695183277130127,0.),(0.,0.),(0.,0.05000000074505806),(0.55695183202624321,0.05000000074505806),(0.55695183202624321,0.84999997541308403),(0.,0.84999997541308403)));
#6822=IFCINDEXEDPOLYCURVE(#6821,(IFCLINEINDEX((1,2,3,4,5,6,7,8,1))),$);
#6823=IFCARBITRARYCLOSEDPROFILEDEF(.AREA.,$,#6822);
#6824=IFCCARTESIANPOINT((0.57259249687194824,0.05000000074505806,0.));
#6825=IFCDIRECTION((0.,-1.,0.));
#6826=IFCDIRECTION((1.,0.,0.));
#6827=IFCAXIS2PLACEMENT3D(#6824,#6825,#6826);
#6828=IFCDIRECTION((0.,0.,-1.));
#6829=IFCEXTRUDEDAREASOLID(#6823,#6827,#6828,0.040000000968575478);
#6830=IFCCARTESIANPOINTLIST2D(((0.,0.),(0.60695183277130127,0.),(0.60695183277130127,0.84999997541308403),(0.,0.84999997541308403)));
#6831=IFCINDEXEDPOLYCURVE(#6830,(IFCLINEINDEX((1,2,3,4,1))),$);
#6832=IFCCARTESIANPOINTLIST2D(((0.035000000149011612,0.035000000149011612),(0.57195183262228966,0.035000000149011612),(0.57195183262228966,0.81499997526407242),(0.035000000149011612,0.81499997526407242)));
#6833=IFCINDEXEDPOLYCURVE(#6832,(IFCLINEINDEX((1,2,3,4,1))),$);
#6834=IFCARBITRARYPROFILEDEFWITHVOIDS(.AREA.,$,#6831,(#6833));
#6835=IFCCARTESIANPOINT((0.54759249649941921,0.090000001713633537,0.02500000037252903));
#6836=IFCDIRECTION((0.,-1.,0.));
#6837=IFCDIRECTION((1.,0.,0.));
#6838=IFCAXIS2PLACEMENT3D(#6835,#6836,#6837);
#6839=IFCDIRECTION((0.,0.,-1.));
#6840=IFCEXTRUDEDAREASOLID(#6834,#6838,#6839,0.035000000149011612);
#6841=IFCINDEXEDPOLYCURVE(#6842,(IFCLINEINDEX((1,2,3,4,1))),$);
#6842=IFCCARTESIANPOINTLIST2D(((0.035000000149011612,0.035000000149011612),(0.57195183262228966,0.035000000149011612),(0.57195183262228966,0.81499997526407242),(0.035000000149011612,0.81499997526407242)));
#6843=IFCARBITRARYCLOSEDPROFILEDEF(.AREA.,$,#6841);
#6844=IFCCARTESIANPOINT((0.54759249649941921,0.10250000178813934,0.02500000037252903));
#6845=IFCDIRECTION((0.,-1.,0.));
#6846=IFCDIRECTION((1.,0.,0.));
#6847=IFCAXIS2PLACEMENT3D(#6844,#6845,#6846);
#6848=IFCDIRECTION((0.,0.,-1.));
#6849=IFCEXTRUDEDAREASOLID(#6843,#6847,#6848,0.01);
#6912=IFCCARTESIANPOINTLIST2D(((0.,0.),(0.57259249687194824,0.),(0.57259249687194824,0.89999997615814209),(0.,0.89999997615814209)));
#6913=IFCINDEXEDPOLYCURVE(#6912,(IFCLINEINDEX((1,2,3,4,1))),$);
#6914=IFCCARTESIANPOINTLIST2D(((0.02500000037252903,0.02500000037252903),(0.55011656321585178,0.02500000037252903),(0.55011656321585178,0.87499997578561306),(0.02500000037252903,0.87499997578561306)));
#6915=IFCINDEXEDPOLYCURVE(#6914,(IFCLINEINDEX((1,2,3,4,1))),$);
#6916=IFCARBITRARYPROFILEDEFWITHVOIDS(.AREA.,$,#6913,(#6915));
#6917=IFCCARTESIANPOINT((0.,0.090000001713633537,0.));
#6918=IFCDIRECTION((0.,-1.,0.));
#6919=IFCDIRECTION((1.,0.,0.));
#6920=IFCAXIS2PLACEMENT3D(#6917,#6918,#6919);
#6921=IFCDIRECTION((0.,0.,-1.));
#6922=IFCEXTRUDEDAREASOLID(#6916,#6920,#6921,0.0099999997764825821);
#6923=IFCCARTESIANPOINTLIST2D(((0.,0.),(0.57259249687194824,0.),(0.57259249687194824,0.89999997615814209),(0.,0.89999997615814209)));
#6924=IFCINDEXEDPOLYCURVE(#6923,(IFCLINEINDEX((1,2,3,4,1))),$);
#6925=IFCCARTESIANPOINTLIST2D(((0.05000000074505806,0.05000000074505806),(0.52511656284332275,0.05000000074505806),(0.52511656284332275,0.84999997541308403),(0.05000000074505806,0.84999997541308403)));
#6926=IFCINDEXEDPOLYCURVE(#6925,(IFCLINEINDEX((1,2,3,4,1))),$);
#6927=IFCARBITRARYPROFILEDEFWITHVOIDS(.AREA.,$,#6924,(#6926));
#6928=IFCCARTESIANPOINT((0.,0.05000000074505806,0.));
#6929=IFCDIRECTION((0.,-1.,0.));
#6930=IFCDIRECTION((1.,0.,0.));
#6931=IFCAXIS2PLACEMENT3D(#6928,#6929,#6930);
#6932=IFCDIRECTION((0.,0.,-1.));
#6933=IFCEXTRUDEDAREASOLID(#6927,#6931,#6932,0.040000000968575478);
#6934=IFCCARTESIANPOINTLIST2D(((0.,0.),(0.52511656284332275,0.),(0.52511656284332275,0.84999997541308403),(0.,0.84999997541308403)));
#6935=IFCINDEXEDPOLYCURVE(#6934,(IFCLINEINDEX((1,2,3,4,1))),$);
#6936=IFCCARTESIANPOINTLIST2D(((0.035000000149011612,0.035000000149011612),(0.49011656269431114,0.035000000149011612),(0.49011656269431114,0.81499997526407242),(0.035000000149011612,0.81499997526407242)));
#6937=IFCINDEXEDPOLYCURVE(#6936,(IFCLINEINDEX((1,2,3,4,1))),$);
#6938=IFCARBITRARYPROFILEDEFWITHVOIDS(.AREA.,$,#6935,(#6937));
#6939=IFCCARTESIANPOINT((0.02500000037252903,0.090000001713633537,0.02500000037252903));
#6940=IFCDIRECTION((0.,-1.,0.));
#6941=IFCDIRECTION((1.,0.,0.));
#6942=IFCAXIS2PLACEMENT3D(#6939,#6940,#6941);
#6943=IFCDIRECTION((0.,0.,-1.));
#6944=IFCEXTRUDEDAREASOLID(#6938,#6942,#6943,0.035000000149011612);
#6945=IFCINDEXEDPOLYCURVE(#6946,(IFCLINEINDEX((1,2,3,4,1))),$);
#6946=IFCCARTESIANPOINTLIST2D(((0.035000000149011612,0.035000000149011612),(0.49011656269431114,0.035000000149011612),(0.49011656269431114,0.81499997526407242),(0.035000000149011612,0.81499997526407242)));
#6947=IFCARBITRARYCLOSEDPROFILEDEF(.AREA.,$,#6945);
#6948=IFCCARTESIANPOINT((0.02500000037252903,0.10250000178813934,0.02500000037252903));
#6949=IFCDIRECTION((0.,-1.,0.));
#6950=IFCDIRECTION((1.,0.,0.));
#6951=IFCAXIS2PLACEMENT3D(#6948,#6949,#6950);
#6952=IFCDIRECTION((0.,0.,-1.));
#6953=IFCEXTRUDEDAREASOLID(#6947,#6951,#6952,0.01);
#6954=IFCCARTESIANPOINTLIST2D(((0.,0.),(0.60695183277130127,0.),(0.60695183277130127,0.89999997615814209),(0.,0.89999997615814209)));
#6955=IFCINDEXEDPOLYCURVE(#6954,(IFCLINEINDEX((1,2,3,4,1))),$);
#6956=IFCCARTESIANPOINTLIST2D(((0.022475933656096458,0.02500000037252903),(0.58195183239877224,0.02500000037252903),(0.58195183239877224,0.87499997578561306),(0.022475933656096458,0.87499997578561306)));
#6957=IFCINDEXEDPOLYCURVE(#6956,(IFCLINEINDEX((1,2,3,4,1))),$);
#6958=IFCARBITRARYPROFILEDEFWITHVOIDS(.AREA.,$,#6955,(#6957));
#6959=IFCCARTESIANPOINT((0.57259249687194824,0.090000001713633537,0.));
#6960=IFCDIRECTION((0.,-1.,0.));
#6961=IFCDIRECTION((1.,0.,0.));
#6962=IFCAXIS2PLACEMENT3D(#6959,#6960,#6961);
#6963=IFCDIRECTION((0.,0.,-1.));
#6964=IFCEXTRUDEDAREASOLID(#6958,#6962,#6963,0.0099999997764825821);
#6965=IFCCARTESIANPOINTLIST2D(((0.,0.),(0.60695183277130127,0.),(0.60695183277130127,0.89999997615814209),(0.,0.89999997615814209)));
#6966=IFCINDEXEDPOLYCURVE(#6965,(IFCLINEINDEX((1,2,3,4,1))),$);
#6967=IFCCARTESIANPOINTLIST2D(((0.047475934028625488,0.05000000074505806),(0.55695183202624321,0.05000000074505806),(0.55695183202624321,0.84999997541308403),(0.047475934028625488,0.84999997541308403)));
#6968=IFCINDEXEDPOLYCURVE(#6967,(IFCLINEINDEX((1,2,3,4,1))),$);
#6969=IFCARBITRARYPROFILEDEFWITHVOIDS(.AREA.,$,#6966,(#6968));
#6970=IFCCARTESIANPOINT((0.57259249687194824,0.05000000074505806,0.));
#6971=IFCDIRECTION((0.,-1.,0.));
#6972=IFCDIRECTION((1.,0.,0.));
#6973=IFCAXIS2PLACEMENT3D(#6970,#6971,#6972);
#6974=IFCDIRECTION((0.,0.,-1.));
#6975=IFCEXTRUDEDAREASOLID(#6969,#6973,#6974,0.040000000968575478);
#6976=IFCCARTESIANPOINTLIST2D(((0.,0.),(0.55947589874267578,0.),(0.55947589874267578,0.84999997541308403),(0.,0.84999997541308403)));
#6977=IFCINDEXEDPOLYCURVE(#6976,(IFCLINEINDEX((1,2,3,4,1))),$);
#6978=IFCCARTESIANPOINTLIST2D(((0.035000000149011612,0.035000000149011612),(0.52447589859366417,0.035000000149011612),(0.52447589859366417,0.81499997526407242),(0.035000000149011612,0.81499997526407242)));
#6979=IFCINDEXEDPOLYCURVE(#6978,(IFCLINEINDEX((1,2,3,4,1))),$);
#6980=IFCARBITRARYPROFILEDEFWITHVOIDS(.AREA.,$,#6977,(#6979));
#6981=IFCCARTESIANPOINT((0.5950684305280447,0.090000001713633537,0.02500000037252903));
#6982=IFCDIRECTION((0.,-1.,0.));
#6983=IFCDIRECTION((1.,0.,0.));
#6984=IFCAXIS2PLACEMENT3D(#6981,#6982,#6983);
#6985=IFCDIRECTION((0.,0.,-1.));
#6986=IFCEXTRUDEDAREASOLID(#6980,#6984,#6985,0.035000000149011612);
#6987=IFCINDEXEDPOLYCURVE(#6988,(IFCLINEINDEX((1,2,3,4,1))),$);
#6988=IFCCARTESIANPOINTLIST2D(((0.035000000149011612,0.035000000149011612),(0.52447589859366417,0.035000000149011612),(0.52447589859366417,0.81499997526407242),(0.035000000149011612,0.81499997526407242)));
#6989=IFCARBITRARYCLOSEDPROFILEDEF(.AREA.,$,#6987);
#6990=IFCCARTESIANPOINT((0.5950684305280447,0.10250000178813934,0.02500000037252903));
#6991=IFCDIRECTION((0.,-1.,0.));
#6992=IFCDIRECTION((1.,0.,0.));
#6993=IFCAXIS2PLACEMENT3D(#6990,#6991,#6992);
#6994=IFCDIRECTION((0.,0.,-1.));
#6995=IFCEXTRUDEDAREASOLID(#6989,#6993,#6994,0.01);
#7055=IFCCARTESIANPOINTLIST3D(((0.,0.,0.),(1.1795443296432495,0.,0.),(1.1795443296432495,0.,0.89999997615814209),(0.,0.,0.89999997615814209)));
#7056=IFCINDEXEDPOLYCURVE(#7055,(IFCLINEINDEX((1,2,3,4,1))),$);
#7057=IFCSHAPEREPRESENTATION(#18,'Profile','Curve3D',(#7056));
#7058=IFCCARTESIANPOINTLIST2D(((0.,0.),(0.57259249687194824,0.),(0.57259249687194824,0.89999997615814209),(0.,0.89999997615814209)));
#7059=IFCINDEXEDPOLYCURVE(#7058,(IFCLINEINDEX((1,2,3,4,1))),$);
#7060=IFCCARTESIANPOINTLIST2D(((0.02500000037252903,0.02500000037252903),(0.57346572913229465,0.02500000037252903),(0.57346572913229465,0.87499997578561306),(0.02500000037252903,0.87499997578561306)));
#7061=IFCINDEXEDPOLYCURVE(#7060,(IFCLINEINDEX((1,2,3,4,1))),$);
#7062=IFCARBITRARYPROFILEDEFWITHVOIDS(.AREA.,$,#7059,(#7061));
#7063=IFCCARTESIANPOINT((0.,0.090000001713633537,0.));
#7064=IFCDIRECTION((0.,-1.,0.));
#7065=IFCDIRECTION((1.,0.,0.));
#7066=IFCAXIS2PLACEMENT3D(#7063,#7064,#7065);
#7067=IFCDIRECTION((0.,0.,-1.));
#7068=IFCEXTRUDEDAREASOLID(#7062,#7066,#7067,0.0099999997764825821);
#7069=IFCCARTESIANPOINTLIST2D(((0.,0.),(0.57259249687194824,0.),(0.57259249687194824,0.89999997615814209),(0.,0.89999997615814209)));
#7070=IFCINDEXEDPOLYCURVE(#7069,(IFCLINEINDEX((1,2,3,4,1))),$);
#7071=IFCCARTESIANPOINTLIST2D(((0.05000000074505806,0.05000000074505806),(0.54846572875976562,0.05000000074505806),(0.54846572875976562,0.84999997541308403),(0.05000000074505806,0.84999997541308403)));
#7072=IFCINDEXEDPOLYCURVE(#7071,(IFCLINEINDEX((1,2,3,4,1))),$);
#7073=IFCARBITRARYPROFILEDEFWITHVOIDS(.AREA.,$,#7070,(#7072));
#7074=IFCCARTESIANPOINT((0.,0.05000000074505806,0.));
#7075=IFCDIRECTION((0.,-1.,0.));
#7076=IFCDIRECTION((1.,0.,0.));
#7077=IFCAXIS2PLACEMENT3D(#7074,#7075,#7076);
#7078=IFCDIRECTION((0.,0.,-1.));
#7079=IFCEXTRUDEDAREASOLID(#7073,#7077,#7078,0.040000000968575478);
#7080=IFCCARTESIANPOINTLIST2D(((0.,0.),(0.54846572875976562,0.),(0.54846572875976562,0.84999997541308403),(0.,0.84999997541308403)));
#7081=IFCINDEXEDPOLYCURVE(#7080,(IFCLINEINDEX((1,2,3,4,1))),$);
#7082=IFCCARTESIANPOINTLIST2D(((0.035000000149011612,0.035000000149011612),(0.51346572861075401,0.035000000149011612),(0.51346572861075401,0.81499997526407242),(0.035000000149011612,0.81499997526407242)));
#7083=IFCINDEXEDPOLYCURVE(#7082,(IFCLINEINDEX((1,2,3,4,1))),$);
#7084=IFCARBITRARYPROFILEDEFWITHVOIDS(.AREA.,$,#7081,(#7083));
#7085=IFCCARTESIANPOINT((0.02500000037252903,0.090000001713633537,0.02500000037252903));
#7086=IFCDIRECTION((0.,-1.,0.));
#7087=IFCDIRECTION((1.,0.,0.));
#7088=IFCAXIS2PLACEMENT3D(#7085,#7086,#7087);
#7089=IFCDIRECTION((0.,0.,-1.));
#7090=IFCEXTRUDEDAREASOLID(#7084,#7088,#7089,0.035000000149011612);
#7091=IFCINDEXEDPOLYCURVE(#7092,(IFCLINEINDEX((1,2,3,4,1))),$);
#7092=IFCCARTESIANPOINTLIST2D(((0.035000000149011612,0.035000000149011612),(0.51346572861075401,0.035000000149011612),(0.51346572861075401,0.81499997526407242),(0.035000000149011612,0.81499997526407242)));
#7093=IFCARBITRARYCLOSEDPROFILEDEF(.AREA.,$,#7091);
#7094=IFCCARTESIANPOINT((0.02500000037252903,0.10250000178813934,0.02500000037252903));
#7095=IFCDIRECTION((0.,-1.,0.));
#7096=IFCDIRECTION((1.,0.,0.));
#7097=IFCAXIS2PLACEMENT3D(#7094,#7095,#7096);
#7098=IFCDIRECTION((0.,0.,-1.));
#7099=IFCEXTRUDEDAREASOLID(#7093,#7097,#7098,0.01);
#7100=IFCCARTESIANPOINTLIST2D(((0.,0.),(0.60695183277130127,0.),(0.60695183277130127,0.89999997615814209),(0.,0.89999997615814209)));
#7101=IFCINDEXEDPOLYCURVE(#7100,(IFCLINEINDEX((1,2,3,4,1))),$);
#7102=IFCCARTESIANPOINTLIST2D(((-0.00087323226034641266,0.02500000037252903),(0.58195183239877224,0.02500000037252903),(0.58195183239877224,0.87499997578561306),(-0.00087323226034641266,0.87499997578561306)));
#7103=IFCINDEXEDPOLYCURVE(#7102,(IFCLINEINDEX((1,2,3,4,1))),$);
#7104=IFCARBITRARYPROFILEDEFWITHVOIDS(.AREA.,$,#7101,(#7103));
#7105=IFCCARTESIANPOINT((0.57259249687194824,0.090000001713633537,0.));
#7106=IFCDIRECTION((0.,-1.,0.));
#7107=IFCDIRECTION((1.,0.,0.));
#7108=IFCAXIS2PLACEMENT3D(#7105,#7106,#7107);
#7109=IFCDIRECTION((0.,0.,-1.));
#7110=IFCEXTRUDEDAREASOLID(#7104,#7108,#7109,0.0099999997764825821);
#7111=IFCCARTESIANPOINTLIST2D(((0.,0.),(0.60695183277130127,0.),(0.60695183277130127,0.89999997615814209),(0.,0.89999997615814209)));
#7112=IFCINDEXEDPOLYCURVE(#7111,(IFCLINEINDEX((1,2,3,4,1))),$);
#7113=IFCCARTESIANPOINTLIST2D(((0.024126768112182617,0.05000000074505806),(0.55695183202624321,0.05000000074505806),(0.55695183202624321,0.84999997541308403),(0.024126768112182617,0.84999997541308403)));
#7114=IFCINDEXEDPOLYCURVE(#7113,(IFCLINEINDEX((1,2,3,4,1))),$);
#7115=IFCARBITRARYPROFILEDEFWITHVOIDS(.AREA.,$,#7112,(#7114));
#7116=IFCCARTESIANPOINT((0.57259249687194824,0.05000000074505806,0.));
#7117=IFCDIRECTION((0.,-1.,0.));
#7118=IFCDIRECTION((1.,0.,0.));
#7119=IFCAXIS2PLACEMENT3D(#7116,#7117,#7118);
#7120=IFCDIRECTION((0.,0.,-1.));
#7121=IFCEXTRUDEDAREASOLID(#7115,#7119,#7120,0.040000000968575478);
#7122=IFCCARTESIANPOINTLIST2D(((0.,0.),(0.58282506465911865,0.),(0.58282506465911865,0.84999997541308403),(0.,0.84999997541308403)));
#7123=IFCINDEXEDPOLYCURVE(#7122,(IFCLINEINDEX((1,2,3,4,1))),$);
#7124=IFCCARTESIANPOINTLIST2D(((0.035000000149011612,0.035000000149011612),(0.54782506451010704,0.035000000149011612),(0.54782506451010704,0.81499997526407242),(0.035000000149011612,0.81499997526407242)));
#7125=IFCINDEXEDPOLYCURVE(#7124,(IFCLINEINDEX((1,2,3,4,1))),$);
#7126=IFCARBITRARYPROFILEDEFWITHVOIDS(.AREA.,$,#7123,(#7125));
#7127=IFCCARTESIANPOINT((0.57171926461160183,0.090000001713633537,0.02500000037252903));
#7128=IFCDIRECTION((0.,-1.,0.));
#7129=IFCDIRECTION((1.,0.,0.));
#7130=IFCAXIS2PLACEMENT3D(#7127,#7128,#7129);
#7131=IFCDIRECTION((0.,0.,-1.));
#7132=IFCEXTRUDEDAREASOLID(#7126,#7130,#7131,0.035000000149011612);
#7133=IFCINDEXEDPOLYCURVE(#7134,(IFCLINEINDEX((1,2,3,4,1))),$);
#7134=IFCCARTESIANPOINTLIST2D(((0.035000000149011612,0.035000000149011612),(0.54782506451010704,0.035000000149011612),(0.54782506451010704,0.81499997526407242),(0.035000000149011612,0.81499997526407242)));
#7135=IFCARBITRARYCLOSEDPROFILEDEF(.AREA.,$,#7133);
#7136=IFCCARTESIANPOINT((0.57171926461160183,0.10250000178813934,0.02500000037252903));
#7137=IFCDIRECTION((0.,-1.,0.));
#7138=IFCDIRECTION((1.,0.,0.));
#7139=IFCAXIS2PLACEMENT3D(#7136,#7137,#7138);
#7140=IFCDIRECTION((0.,0.,-1.));
#7141=IFCEXTRUDEDAREASOLID(#7135,#7139,#7140,0.01);
#7142=IFCSHAPEREPRESENTATION(#11,'Body','SweptSolid',(#7068,#7079,#7090,#7099,#7110,#7121,#7132,#7141));
#7143=IFCCARTESIANPOINTLIST2D(((0.05000000074505806,0.05000000074505806),(0.54846572875976562,0.05000000074505806)));
#7144=IFCINDEXEDPOLYCURVE(#7143,$,$);
#7145=IFCCARTESIANPOINTLIST2D(((0.,0.10000000149011612),(0.02500000037252903,0.10000000149011612),(0.02500000037252903,0.090000001713633537),(0.05000000074505806,0.090000001713633537),(0.05000000074505806,0.05000000074505806),(0.,0.05000000074505806)));
#7146=IFCINDEXEDPOLYCURVE(#7145,(IFCLINEINDEX((1,2,3,4,5,6,1))),$);
#7147=IFCCARTESIANPOINTLIST2D(((0.57259249687194824,0.10000000149011612),(0.57346572913229465,0.10000000149011612),(0.57346572913229465,0.090000001713633537),(0.54846572875976562,0.090000001713633537),(0.54846572875976562,0.05000000074505806),(0.57259249687194824,0.05000000074505806)));
#7148=IFCINDEXEDPOLYCURVE(#7147,$,$);
#7149=IFCCARTESIANPOINTLIST2D(((0.02500000037252903,0.090000001713633537),(0.060000000521540642,0.090000001713633537),(0.060000000521540642,0.12500000186264515),(0.02500000037252903,0.12500000186264515)));
#7150=IFCINDEXEDPOLYCURVE(#7149,(IFCLINEINDEX((1,2,3,4,1))),$);
#7151=IFCINDEXEDPOLYCURVE(#7152,(IFCLINEINDEX((1,2,3,4,1))),$);
#7152=IFCCARTESIANPOINTLIST2D(((0.57346572913229465,0.090000001713633537),(0.53846572898328304,0.090000001713633537),(0.53846572898328304,0.12500000186264515),(0.57346572913229465,0.12500000186264515)));
#7153=IFCCARTESIANPOINTLIST2D(((0.060000000521540642,0.090000001713633537),(0.53846572898328304,0.090000001713633537)));
#7154=IFCINDEXEDPOLYCURVE(#7153,$,$);
#7155=IFCINDEXEDPOLYCURVE(#7156,$,$);
#7156=IFCCARTESIANPOINTLIST2D(((0.060000000521540642,0.12500000186264515),(0.53846572898328304,0.12500000186264515)));
#7157=IFCINDEXEDPOLYCURVE(#7158,$,$);
#7158=IFCCARTESIANPOINTLIST2D(((0.060000000521540642,0.10750000178813934),(0.53846572898328304,0.10750000178813934)));
#7159=IFCCARTESIANPOINTLIST2D(((0.59671926498413086,0.05000000074505806),(1.1295443288981915,0.05000000074505806)));
#7160=IFCINDEXEDPOLYCURVE(#7159,$,$);
#7161=IFCCARTESIANPOINTLIST2D(((0.57259249687194824,0.10000000149011612),(0.57171926461160183,0.10000000149011612),(0.57171926461160183,0.090000001713633537),(0.59671926498413086,0.090000001713633537),(0.59671926498413086,0.05000000074505806),(0.57259249687194824,0.05000000074505806)));
#7162=IFCINDEXEDPOLYCURVE(#7161,$,$);
#7163=IFCCARTESIANPOINTLIST2D(((1.1795443296432495,0.10000000149011612),(1.1545443292707205,0.10000000149011612),(1.1545443292707205,0.090000001713633537),(1.1295443288981915,0.090000001713633537),(1.1295443288981915,0.05000000074505806),(1.1795443296432495,0.05000000074505806)));
#7164=IFCINDEXEDPOLYCURVE(#7163,(IFCLINEINDEX((1,2,3,4,5,6,1))),$);
#7165=IFCCARTESIANPOINTLIST2D(((0.57171926461160183,0.090000001713633537),(0.60671926476061344,0.090000001713633537),(0.60671926476061344,0.12500000186264515),(0.57171926461160183,0.12500000186264515)));
#7166=IFCINDEXEDPOLYCURVE(#7165,(IFCLINEINDEX((1,2,3,4,1))),$);
#7167=IFCINDEXEDPOLYCURVE(#7168,(IFCLINEINDEX((1,2,3,4,1))),$);
#7168=IFCCARTESIANPOINTLIST2D(((1.1545443292707205,0.090000001713633537),(1.1195443291217089,0.090000001713633537),(1.1195443291217089,0.12500000186264515),(1.1545443292707205,0.12500000186264515)));
#7169=IFCCARTESIANPOINTLIST2D(((0.60671926476061344,0.090000001713633537),(1.1195443291217089,0.090000001713633537)));
#7170=IFCINDEXEDPOLYCURVE(#7169,$,$);
#7171=IFCINDEXEDPOLYCURVE(#7172,$,$);
#7172=IFCCARTESIANPOINTLIST2D(((0.60671926476061344,0.12500000186264515),(1.1195443291217089,0.12500000186264515)));
#7173=IFCINDEXEDPOLYCURVE(#7174,$,$);
#7174=IFCCARTESIANPOINTLIST2D(((0.60671926476061344,0.10750000178813934),(1.1195443291217089,0.10750000178813934)));
#7175=IFCSHAPEREPRESENTATION(#24,'Body','Curve2D',(#7144,#7146,#7148,#7150,#7151,#7154,#7155,#7157,#7160,#7162,#7164,#7166,#7167,#7170,#7171,#7173));
#7176=IFCCARTESIANPOINTLIST2D(((0.,0.),(1.1795443296432495,0.),(1.1795443296432495,0.89999997615814209),(0.,0.89999997615814209)));
#7177=IFCINDEXEDPOLYCURVE(#7176,(IFCLINEINDEX((1,2,3,4,1))),$);
#7178=IFCARBITRARYCLOSEDPROFILEDEF(.AREA.,$,#7177);
#7179=IFCCARTESIANPOINT((0.,-0.60000002384185791,0.));
#7180=IFCDIRECTION((0.,-1.,0.));
#7181=IFCDIRECTION((1.,0.,0.));
#7182=IFCAXIS2PLACEMENT3D(#7179,#7180,#7181);
#7183=IFCDIRECTION((0.,0.,-1.));
#7184=IFCEXTRUDEDAREASOLID(#7178,#7182,#7183,1.2);
#7185=IFCSHAPEREPRESENTATION(#11,'Body','SweptSolid',(#7184));
#7191=IFCCARTESIANPOINT((1.0448766642479264,1.2218952178955078E-06,1.));
#7192=IFCDIRECTION((0.,0.,1.));
#7193=IFCDIRECTION((0.99999999999988631,-4.7683715820307079E-07,0.));
#7194=IFCAXIS2PLACEMENT3D(#7191,#7192,#7193);
#7195=IFCLOCALPLACEMENT(#540,#7194);
#7196=IFCCARTESIANPOINT((0.,0.,0.));
#7197=IFCDIRECTION((0.,0.,1.));
#7198=IFCDIRECTION((1.,0.,0.));
#7199=IFCAXIS2PLACEMENT3D(#7196,#7197,#7198);
#7200=IFCLOCALPLACEMENT(#7195,#7199);
#7201=IFCWINDOWTYPE('3WM$r2Uhb0ruD7Y7zUTbWR',$,'GUEST - 2 - GF',$,$,(#7202),(#7204,#7212,#7260),$,$,.WINDOW.,.SINGLE_PANEL.,$,$);
#7202=IFCPROPERTYSET('2pYlhV3xfDa8hucgtO0j8z',$,'BBIM_Window',$,(#7203));
#7203=IFCPROPERTYSINGLEVALUE('Data',$,IFCTEXT('{"window_type": "SINGLE_PANEL", "overall_height": 0.8999999761581421, "overall_width": 0.778971791267395, "lining_properties": {"lining_depth": 0.05000000074505806, "lining_thickness": 0.05000000074505806, "lining_offset": 0.05000000074505806, "lining_to_panel_offset_x": 0.02500000037252903, "lining_to_panel_offset_y": 0.02500000037252903}, "panel_properties": {"frame_depth": [0.03500000014901161, 0.03500000014901161, 0.03500000014901161], "frame_thickness": [0.03500000014901161, 0.03500000014901161, 0.03500000014901161]}}'),$);
#7204=IFCREPRESENTATIONMAP(#7205,#7209);
#7205=IFCAXIS2PLACEMENT3D(#7206,#7207,#7208);
#7206=IFCCARTESIANPOINT((0.,0.,0.));
#7207=IFCDIRECTION((0.,0.,1.));
#7208=IFCDIRECTION((1.,0.,0.));
#7209=IFCSHAPEREPRESENTATION(#18,'Profile','Curve3D',(#7210));
#7210=IFCINDEXEDPOLYCURVE(#7211,(IFCLINEINDEX((1,2,3,4,1))),$);
#7211=IFCCARTESIANPOINTLIST3D(((0.,0.,0.),(0.77897179126739502,0.,0.),(0.77897179126739502,0.,0.89999997615814209),(0.,0.,0.89999997615814209)));
#7212=IFCREPRESENTATIONMAP(#7213,#7217);
#7213=IFCAXIS2PLACEMENT3D(#7214,#7215,#7216);
#7214=IFCCARTESIANPOINT((0.,0.,0.));
#7215=IFCDIRECTION((0.,0.,1.));
#7216=IFCDIRECTION((1.,0.,0.));
#7217=IFCSHAPEREPRESENTATION(#11,'Body','SweptSolid',(#7218,#7229,#7240,#7251));
#7218=IFCEXTRUDEDAREASOLID(#7219,#7224,#7228,0.0099999997764825821);
#7219=IFCARBITRARYPROFILEDEFWITHVOIDS(.AREA.,$,#7220,(#7222));
#7220=IFCINDEXEDPOLYCURVE(#7221,(IFCLINEINDEX((1,2,3,4,1))),$);
#7221=IFCCARTESIANPOINTLIST2D(((0.,0.),(0.77897179126739502,0.),(0.77897179126739502,0.89999997615814209),(0.,0.89999997615814209)));
#7222=IFCINDEXEDPOLYCURVE(#7223,(IFCLINEINDEX((1,2,3,4,1))),$);
#7223=IFCCARTESIANPOINTLIST2D(((0.02500000037252903,0.02500000037252903),(0.75397179089486599,0.02500000037252903),(0.75397179089486599,0.87499997578561306),(0.02500000037252903,0.87499997578561306)));
#7224=IFCAXIS2PLACEMENT3D(#7225,#7226,#7227);
#7225=IFCCARTESIANPOINT((0.,0.090000001713633537,0.));
#7226=IFCDIRECTION((0.,-1.,0.));
#7227=IFCDIRECTION((1.,0.,0.));
#7228=IFCDIRECTION((0.,0.,-1.));
#7229=IFCEXTRUDEDAREASOLID(#7230,#7235,#7239,0.040000000968575478);
#7230=IFCARBITRARYPROFILEDEFWITHVOIDS(.AREA.,$,#7231,(#7233));
#7231=IFCINDEXEDPOLYCURVE(#7232,(IFCLINEINDEX((1,2,3,4,1))),$);
#7232=IFCCARTESIANPOINTLIST2D(((0.,0.),(0.77897179126739502,0.),(0.77897179126739502,0.89999997615814209),(0.,0.89999997615814209)));
#7233=IFCINDEXEDPOLYCURVE(#7234,(IFCLINEINDEX((1,2,3,4,1))),$);
#7234=IFCCARTESIANPOINTLIST2D(((0.05000000074505806,0.05000000074505806),(0.72897179052233696,0.05000000074505806),(0.72897179052233696,0.84999997541308403),(0.05000000074505806,0.84999997541308403)));
#7235=IFCAXIS2PLACEMENT3D(#7236,#7237,#7238);
#7236=IFCCARTESIANPOINT((0.,0.05000000074505806,0.));
#7237=IFCDIRECTION((0.,-1.,0.));
#7238=IFCDIRECTION((1.,0.,0.));
#7239=IFCDIRECTION((0.,0.,-1.));
#7240=IFCEXTRUDEDAREASOLID(#7241,#7246,#7250,0.035000000149011612);
#7241=IFCARBITRARYPROFILEDEFWITHVOIDS(.AREA.,$,#7242,(#7244));
#7242=IFCINDEXEDPOLYCURVE(#7243,(IFCLINEINDEX((1,2,3,4,1))),$);
#7243=IFCCARTESIANPOINTLIST2D(((0.,0.),(0.72897179052233696,0.),(0.72897179052233696,0.84999997541308403),(0.,0.84999997541308403)));
#7244=IFCINDEXEDPOLYCURVE(#7245,(IFCLINEINDEX((1,2,3,4,1))),$);
#7245=IFCCARTESIANPOINTLIST2D(((0.035000000149011612,0.035000000149011612),(0.69397179037332535,0.035000000149011612),(0.69397179037332535,0.81499997526407242),(0.035000000149011612,0.81499997526407242)));
#7246=IFCAXIS2PLACEMENT3D(#7247,#7248,#7249);
#7247=IFCCARTESIANPOINT((0.02500000037252903,0.090000001713633537,0.02500000037252903));
#7248=IFCDIRECTION((0.,-1.,0.));
#7249=IFCDIRECTION((1.,0.,0.));
#7250=IFCDIRECTION((0.,0.,-1.));
#7251=IFCEXTRUDEDAREASOLID(#7252,#7255,#7259,0.01);
#7252=IFCARBITRARYCLOSEDPROFILEDEF(.AREA.,$,#7253);
#7253=IFCINDEXEDPOLYCURVE(#7254,(IFCLINEINDEX((1,2,3,4,1))),$);
#7254=IFCCARTESIANPOINTLIST2D(((0.035000000149011612,0.035000000149011612),(0.69397179037332535,0.035000000149011612),(0.69397179037332535,0.81499997526407242),(0.035000000149011612,0.81499997526407242)));
#7255=IFCAXIS2PLACEMENT3D(#7256,#7257,#7258);
#7256=IFCCARTESIANPOINT((0.02500000037252903,0.10250000178813934,0.02500000037252903));
#7257=IFCDIRECTION((0.,-1.,0.));
#7258=IFCDIRECTION((1.,0.,0.));
#7259=IFCDIRECTION((0.,0.,-1.));
#7260=IFCREPRESENTATIONMAP(#7261,#7265);
#7261=IFCAXIS2PLACEMENT3D(#7262,#7263,#7264);
#7262=IFCCARTESIANPOINT((0.,0.,0.));
#7263=IFCDIRECTION((0.,0.,1.));
#7264=IFCDIRECTION((1.,0.,0.));
#7265=IFCSHAPEREPRESENTATION(#24,'Body','Curve2D',(#7266,#7268,#7270,#7272,#7274,#7276,#7278,#7280));
#7266=IFCINDEXEDPOLYCURVE(#7267,$,$);
#7267=IFCCARTESIANPOINTLIST2D(((0.05000000074505806,0.05000000074505806),(0.72897179052233696,0.05000000074505806)));
#7268=IFCINDEXEDPOLYCURVE(#7269,(IFCLINEINDEX((1,2,3,4,5,6,1))),$);
#7269=IFCCARTESIANPOINTLIST2D(((0.,0.10000000149011612),(0.02500000037252903,0.10000000149011612),(0.02500000037252903,0.090000001713633537),(0.05000000074505806,0.090000001713633537),(0.05000000074505806,0.05000000074505806),(0.,0.05000000074505806)));
#7270=IFCINDEXEDPOLYCURVE(#7271,(IFCLINEINDEX((1,2,3,4,5,6,1))),$);
#7271=IFCCARTESIANPOINTLIST2D(((0.77897179126739502,0.10000000149011612),(0.75397179089486599,0.10000000149011612),(0.75397179089486599,0.090000001713633537),(0.72897179052233696,0.090000001713633537),(0.72897179052233696,0.05000000074505806),(0.77897179126739502,0.05000000074505806)));
#7272=IFCINDEXEDPOLYCURVE(#7273,(IFCLINEINDEX((1,2,3,4,1))),$);
#7273=IFCCARTESIANPOINTLIST2D(((0.02500000037252903,0.090000001713633537),(0.060000000521540642,0.090000001713633537),(0.060000000521540642,0.12500000186264515),(0.02500000037252903,0.12500000186264515)));
#7274=IFCINDEXEDPOLYCURVE(#7275,(IFCLINEINDEX((1,2,3,4,1))),$);
#7275=IFCCARTESIANPOINTLIST2D(((0.75397179089486599,0.090000001713633537),(0.71897179074585438,0.090000001713633537),(0.71897179074585438,0.12500000186264515),(0.75397179089486599,0.12500000186264515)));
#7276=IFCINDEXEDPOLYCURVE(#7277,$,$);
#7277=IFCCARTESIANPOINTLIST2D(((0.060000000521540642,0.090000001713633537),(0.71897179074585438,0.090000001713633537)));
#7278=IFCINDEXEDPOLYCURVE(#7279,$,$);
#7279=IFCCARTESIANPOINTLIST2D(((0.060000000521540642,0.12500000186264515),(0.71897179074585438,0.12500000186264515)));
#7280=IFCINDEXEDPOLYCURVE(#7281,$,$);
#7281=IFCCARTESIANPOINTLIST2D(((0.060000000521540642,0.10750000178813934),(0.71897179074585438,0.10750000178813934)));
#7282=IFCWINDOW('3hPeB7PWD1bOdmOpCbTpvj',$,'Window',$,$,#7762,#7292,$,0.89999997615814209,0.77897179126739502,$,$,$);
#7284=IFCRELDEFINESBYTYPE('3SIQA04$54fvhpeLyCbshN',$,$,$,(#7282),#7201);
#7285=IFCCARTESIANPOINT((0.,0.,0.));
#7286=IFCDIRECTION((1.,0.,0.));
#7287=IFCDIRECTION((0.,1.,0.));
#7288=IFCDIRECTION((0.,0.,1.));
#7289=IFCCARTESIANTRANSFORMATIONOPERATOR3D(#7286,#7287,#7285,1.,#7288);
#7290=IFCMAPPEDITEM(#7204,#7289);
#7291=IFCSHAPEREPRESENTATION(#18,'Profile','MappedRepresentation',(#7290));
#7292=IFCPRODUCTDEFINITIONSHAPE($,$,(#7291,#7299,#7306));
#7293=IFCCARTESIANPOINT((0.,0.,0.));
#7294=IFCDIRECTION((1.,0.,0.));
#7295=IFCDIRECTION((0.,1.,0.));
#7296=IFCDIRECTION((0.,0.,1.));
#7297=IFCCARTESIANTRANSFORMATIONOPERATOR3D(#7294,#7295,#7293,1.,#7296);
#7298=IFCMAPPEDITEM(#7212,#7297);
#7299=IFCSHAPEREPRESENTATION(#11,'Body','MappedRepresentation',(#7298));
#7300=IFCCARTESIANPOINT((0.,0.,0.));
#7301=IFCDIRECTION((1.,0.,0.));
#7302=IFCDIRECTION((0.,1.,0.));
#7303=IFCDIRECTION((0.,0.,1.));
#7304=IFCCARTESIANTRANSFORMATIONOPERATOR3D(#7301,#7302,#7300,1.,#7303);
#7305=IFCMAPPEDITEM(#7260,#7304);
#7306=IFCSHAPEREPRESENTATION(#24,'Body','MappedRepresentation',(#7305));
#7307=IFCOPENINGELEMENT('2oGC9WT_P7qx8IC_H4lCnQ',$,'Opening',$,$,#7387,#7335,$,.OPENING.);
#7313=IFCCARTESIANPOINTLIST2D(((0.,0.),(0.77897179126739502,0.),(0.77897179126739502,0.89999997615814209),(0.,0.89999997615814209)));
#7314=IFCINDEXEDPOLYCURVE(#7313,(IFCLINEINDEX((1,2,3,4,1))),$);
#7315=IFCARBITRARYCLOSEDPROFILEDEF(.AREA.,$,#7314);
#7316=IFCCARTESIANPOINT((0.,-0.60000002384185791,0.));
#7317=IFCDIRECTION((0.,-1.,0.));
#7318=IFCDIRECTION((1.,0.,0.));
#7319=IFCAXIS2PLACEMENT3D(#7316,#7317,#7318);
#7320=IFCDIRECTION((0.,0.,-1.));
#7321=IFCEXTRUDEDAREASOLID(#7315,#7319,#7320,1.2);
#7322=IFCSHAPEREPRESENTATION(#11,'Body','SweptSolid',(#7321));
#7323=IFCCARTESIANPOINT((0.,0.,0.));
#7324=IFCDIRECTION((1.,0.,0.));
#7325=IFCDIRECTION((0.,0.,1.));
#7326=IFCAXIS2PLACEMENT3D(#7323,#7325,#7324);
#7327=IFCREPRESENTATIONMAP(#7326,#7322);
#7328=IFCCARTESIANPOINT((0.,0.,0.));
#7329=IFCDIRECTION((1.,0.,0.));
#7330=IFCDIRECTION((0.,1.,0.));
#7331=IFCDIRECTION((0.,0.,1.));
#7332=IFCCARTESIANTRANSFORMATIONOPERATOR3D(#7329,#7330,#7328,1.,#7331);
#7333=IFCMAPPEDITEM(#7327,#7332);
#7334=IFCSHAPEREPRESENTATION(#11,'Body','MappedRepresentation',(#7333));
#7335=IFCPRODUCTDEFINITIONSHAPE($,$,(#7334));
#7336=IFCRELVOIDSELEMENT('2ACj3pIPT31BkwlW3R0qyY',$,$,$,#233,#7307);
#7342=IFCRELFILLSELEMENT('2LXANt$_LAXxOOM2wft_Vd',$,$,$,#7307,#7282);
#7383=IFCCARTESIANPOINT((3.0468247609046166,1.2004826674960611E-06,1.));
#7384=IFCDIRECTION((0.,0.,1.));
#7385=IFCDIRECTION((0.99999999999999289,1.1920928244535129E-07,0.));
#7386=IFCAXIS2PLACEMENT3D(#7383,#7384,#7385);
#7387=IFCLOCALPLACEMENT(#508,#7386);
#7393=IFCWINDOWTYPE('2IrmlUIw574hTQB$cvdvt0',$,'MAID - GF',$,$,(#7394),(#7396,#7404,#7452),$,$,.WINDOW.,.SINGLE_PANEL.,$,$);
#7394=IFCPROPERTYSET('04ewy1LVXDSRVDtAnpa2oP',$,'BBIM_Window',$,(#7395));
#7395=IFCPROPERTYSINGLEVALUE('Data',$,IFCTEXT('{"window_type": "SINGLE_PANEL", "overall_height": 0.8999999761581421, "overall_width": 0.778971791267395, "lining_properties": {"lining_depth": 0.05000000074505806, "lining_thickness": 0.05000000074505806, "lining_offset": 0.05000000074505806, "lining_to_panel_offset_x": 0.02500000037252903, "lining_to_panel_offset_y": 0.02500000037252903}, "panel_properties": {"frame_depth": [0.03500000014901161, 0.03500000014901161, 0.03500000014901161], "frame_thickness": [0.03500000014901161, 0.03500000014901161, 0.03500000014901161]}}'),$);
#7396=IFCREPRESENTATIONMAP(#7397,#7542);
#7397=IFCAXIS2PLACEMENT3D(#7398,#7399,#7400);
#7398=IFCCARTESIANPOINT((0.,0.,0.));
#7399=IFCDIRECTION((0.,0.,1.));
#7400=IFCDIRECTION((1.,0.,0.));
#7404=IFCREPRESENTATIONMAP(#7405,#7585);
#7405=IFCAXIS2PLACEMENT3D(#7406,#7407,#7408);
#7406=IFCCARTESIANPOINT((0.,0.,0.));
#7407=IFCDIRECTION((0.,0.,1.));
#7408=IFCDIRECTION((1.,0.,0.));
#7452=IFCREPRESENTATIONMAP(#7453,#7608);
#7453=IFCAXIS2PLACEMENT3D(#7454,#7455,#7456);
#7454=IFCCARTESIANPOINT((0.,0.,0.));
#7455=IFCDIRECTION((0.,0.,1.));
#7456=IFCDIRECTION((1.,0.,0.));
#7474=IFCWINDOW('0vTQ$M9Wb7bh0ujnsQoDTu',$,'Window',$,$,#7767,#7484,$,0.89999997615814209,0.77897179126739502,$,.SINGLE_PANEL.,$);
#7476=IFCRELDEFINESBYTYPE('2Mbb2q2mj5GwpySHvRjkWb',$,$,$,(#7474),#7393);
#7477=IFCCARTESIANPOINT((0.,0.,0.));
#7478=IFCDIRECTION((1.,0.,0.));
#7479=IFCDIRECTION((0.,1.,0.));
#7480=IFCDIRECTION((0.,0.,1.));
#7481=IFCCARTESIANTRANSFORMATIONOPERATOR3D(#7478,#7479,#7477,1.,#7480);
#7482=IFCMAPPEDITEM(#7396,#7481);
#7483=IFCSHAPEREPRESENTATION(#18,'Profile','MappedRepresentation',(#7482));
#7484=IFCPRODUCTDEFINITIONSHAPE($,$,(#7483,#7491,#7498));
#7485=IFCCARTESIANPOINT((0.,0.,0.));
#7486=IFCDIRECTION((1.,0.,0.));
#7487=IFCDIRECTION((0.,1.,0.));
#7488=IFCDIRECTION((0.,0.,1.));
#7489=IFCCARTESIANTRANSFORMATIONOPERATOR3D(#7486,#7487,#7485,1.,#7488);
#7490=IFCMAPPEDITEM(#7404,#7489);
#7491=IFCSHAPEREPRESENTATION(#11,'Body','MappedRepresentation',(#7490));
#7492=IFCCARTESIANPOINT((0.,0.,0.));
#7493=IFCDIRECTION((1.,0.,0.));
#7494=IFCDIRECTION((0.,1.,0.));
#7495=IFCDIRECTION((0.,0.,1.));
#7496=IFCCARTESIANTRANSFORMATIONOPERATOR3D(#7493,#7494,#7492,1.,#7495);
#7497=IFCMAPPEDITEM(#7452,#7496);
#7498=IFCSHAPEREPRESENTATION(#24,'Body','MappedRepresentation',(#7497));
#7499=IFCOPENINGELEMENT('1T7kc6H09AoglwYnFwiAeh',$,'Opening',$,$,#7643,#7527,$,.OPENING.);
#7515=IFCCARTESIANPOINT((0.,0.,0.));
#7516=IFCDIRECTION((1.,0.,0.));
#7517=IFCDIRECTION((0.,0.,1.));
#7518=IFCAXIS2PLACEMENT3D(#7515,#7517,#7516);
#7519=IFCREPRESENTATIONMAP(#7518,#7618);
#7520=IFCCARTESIANPOINT((0.,0.,0.));
#7521=IFCDIRECTION((1.,0.,0.));
#7522=IFCDIRECTION((0.,1.,0.));
#7523=IFCDIRECTION((0.,0.,1.));
#7524=IFCCARTESIANTRANSFORMATIONOPERATOR3D(#7521,#7522,#7520,1.,#7523);
#7525=IFCMAPPEDITEM(#7519,#7524);
#7526=IFCSHAPEREPRESENTATION(#11,'Body','MappedRepresentation',(#7525));
#7527=IFCPRODUCTDEFINITIONSHAPE($,$,(#7526));
#7528=IFCRELVOIDSELEMENT('35ahTwdf1EGwmtNBAVZ2TM',$,$,$,#208,#7499);
#7534=IFCRELFILLSELEMENT('1lgRzRB8r8rf1WiY$zOKnh',$,$,$,#7499,#7474);
#7540=IFCCARTESIANPOINTLIST3D(((0.,0.,0.),(0.77897179126739502,0.,0.),(0.77897179126739502,0.,0.89999997615814209),(0.,0.,0.89999997615814209)));
#7541=IFCINDEXEDPOLYCURVE(#7540,(IFCLINEINDEX((1,2,3,4,1))),$);
#7542=IFCSHAPEREPRESENTATION(#18,'Profile','Curve3D',(#7541));
#7543=IFCCARTESIANPOINTLIST2D(((0.,0.),(0.77897179126739502,0.),(0.77897179126739502,0.89999997615814209),(0.,0.89999997615814209)));
#7544=IFCINDEXEDPOLYCURVE(#7543,(IFCLINEINDEX((1,2,3,4,1))),$);
#7545=IFCCARTESIANPOINTLIST2D(((0.02500000037252903,0.02500000037252903),(0.75397179089486599,0.02500000037252903),(0.75397179089486599,0.87499997578561306),(0.02500000037252903,0.87499997578561306)));
#7546=IFCINDEXEDPOLYCURVE(#7545,(IFCLINEINDEX((1,2,3,4,1))),$);
#7547=IFCARBITRARYPROFILEDEFWITHVOIDS(.AREA.,$,#7544,(#7546));
#7548=IFCCARTESIANPOINT((0.,0.090000001713633537,0.));
#7549=IFCDIRECTION((0.,-1.,0.));
#7550=IFCDIRECTION((1.,0.,0.));
#7551=IFCAXIS2PLACEMENT3D(#7548,#7549,#7550);
#7552=IFCDIRECTION((0.,0.,-1.));
#7553=IFCEXTRUDEDAREASOLID(#7547,#7551,#7552,0.0099999997764825821);
#7554=IFCCARTESIANPOINTLIST2D(((0.,0.),(0.77897179126739502,0.),(0.77897179126739502,0.89999997615814209),(0.,0.89999997615814209)));
#7555=IFCINDEXEDPOLYCURVE(#7554,(IFCLINEINDEX((1,2,3,4,1))),$);
#7556=IFCCARTESIANPOINTLIST2D(((0.05000000074505806,0.05000000074505806),(0.72897179052233696,0.05000000074505806),(0.72897179052233696,0.84999997541308403),(0.05000000074505806,0.84999997541308403)));
#7557=IFCINDEXEDPOLYCURVE(#7556,(IFCLINEINDEX((1,2,3,4,1))),$);
#7558=IFCARBITRARYPROFILEDEFWITHVOIDS(.AREA.,$,#7555,(#7557));
#7559=IFCCARTESIANPOINT((0.,0.05000000074505806,0.));
#7560=IFCDIRECTION((0.,-1.,0.));
#7561=IFCDIRECTION((1.,0.,0.));
#7562=IFCAXIS2PLACEMENT3D(#7559,#7560,#7561);
#7563=IFCDIRECTION((0.,0.,-1.));
#7564=IFCEXTRUDEDAREASOLID(#7558,#7562,#7563,0.040000000968575478);
#7565=IFCCARTESIANPOINTLIST2D(((0.,0.),(0.72897179052233696,0.),(0.72897179052233696,0.84999997541308403),(0.,0.84999997541308403)));
#7566=IFCINDEXEDPOLYCURVE(#7565,(IFCLINEINDEX((1,2,3,4,1))),$);
#7567=IFCCARTESIANPOINTLIST2D(((0.035000000149011612,0.035000000149011612),(0.69397179037332535,0.035000000149011612),(0.69397179037332535,0.81499997526407242),(0.035000000149011612,0.81499997526407242)));
#7568=IFCINDEXEDPOLYCURVE(#7567,(IFCLINEINDEX((1,2,3,4,1))),$);
#7569=IFCARBITRARYPROFILEDEFWITHVOIDS(.AREA.,$,#7566,(#7568));
#7570=IFCCARTESIANPOINT((0.02500000037252903,0.090000001713633537,0.02500000037252903));
#7571=IFCDIRECTION((0.,-1.,0.));
#7572=IFCDIRECTION((1.,0.,0.));
#7573=IFCAXIS2PLACEMENT3D(#7570,#7571,#7572);
#7574=IFCDIRECTION((0.,0.,-1.));
#7575=IFCEXTRUDEDAREASOLID(#7569,#7573,#7574,0.035000000149011612);
#7576=IFCINDEXEDPOLYCURVE(#7577,(IFCLINEINDEX((1,2,3,4,1))),$);
#7577=IFCCARTESIANPOINTLIST2D(((0.035000000149011612,0.035000000149011612),(0.69397179037332535,0.035000000149011612),(0.69397179037332535,0.81499997526407242),(0.035000000149011612,0.81499997526407242)));
#7578=IFCARBITRARYCLOSEDPROFILEDEF(.AREA.,$,#7576);
#7579=IFCCARTESIANPOINT((0.02500000037252903,0.10250000178813934,0.02500000037252903));
#7580=IFCDIRECTION((0.,-1.,0.));
#7581=IFCDIRECTION((1.,0.,0.));
#7582=IFCAXIS2PLACEMENT3D(#7579,#7580,#7581);
#7583=IFCDIRECTION((0.,0.,-1.));
#7584=IFCEXTRUDEDAREASOLID(#7578,#7582,#7583,0.01);
#7585=IFCSHAPEREPRESENTATION(#11,'Body','SweptSolid',(#7553,#7564,#7575,#7584));
#7586=IFCSHAPEREPRESENTATION(#11,'Body','SweptSolid',(#7553,#7564));
#7587=IFCSHAPEASPECT((#7586),'Lining',$,.T.,#7484);
#7588=IFCSHAPEREPRESENTATION(#11,'Body','SweptSolid',(#7575));
#7589=IFCSHAPEASPECT((#7588),'Framing',$,.T.,#7484);
#7590=IFCSHAPEREPRESENTATION(#11,'Body','SweptSolid',(#7584));
#7591=IFCSHAPEASPECT((#7590),'Glazing',$,.T.,#7484);
#7592=IFCCARTESIANPOINTLIST2D(((0.05000000074505806,0.05000000074505806),(0.72897179052233696,0.05000000074505806)));
#7593=IFCINDEXEDPOLYCURVE(#7592,$,$);
#7594=IFCCARTESIANPOINTLIST2D(((0.,0.10000000149011612),(0.02500000037252903,0.10000000149011612),(0.02500000037252903,0.090000001713633537),(0.05000000074505806,0.090000001713633537),(0.05000000074505806,0.05000000074505806),(0.,0.05000000074505806)));
#7595=IFCINDEXEDPOLYCURVE(#7594,(IFCLINEINDEX((1,2,3,4,5,6,1))),$);
#7596=IFCCARTESIANPOINTLIST2D(((0.77897179126739502,0.10000000149011612),(0.75397179089486599,0.10000000149011612),(0.75397179089486599,0.090000001713633537),(0.72897179052233696,0.090000001713633537),(0.72897179052233696,0.05000000074505806),(0.77897179126739502,0.05000000074505806)));
#7597=IFCINDEXEDPOLYCURVE(#7596,(IFCLINEINDEX((1,2,3,4,5,6,1))),$);
#7598=IFCCARTESIANPOINTLIST2D(((0.02500000037252903,0.090000001713633537),(0.060000000521540642,0.090000001713633537),(0.060000000521540642,0.12500000186264515),(0.02500000037252903,0.12500000186264515)));
#7599=IFCINDEXEDPOLYCURVE(#7598,(IFCLINEINDEX((1,2,3,4,1))),$);
#7600=IFCINDEXEDPOLYCURVE(#7601,(IFCLINEINDEX((1,2,3,4,1))),$);
#7601=IFCCARTESIANPOINTLIST2D(((0.75397179089486599,0.090000001713633537),(0.71897179074585438,0.090000001713633537),(0.71897179074585438,0.12500000186264515),(0.75397179089486599,0.12500000186264515)));
#7602=IFCCARTESIANPOINTLIST2D(((0.060000000521540642,0.090000001713633537),(0.71897179074585438,0.090000001713633537)));
#7603=IFCINDEXEDPOLYCURVE(#7602,$,$);
#7604=IFCINDEXEDPOLYCURVE(#7605,$,$);
#7605=IFCCARTESIANPOINTLIST2D(((0.060000000521540642,0.12500000186264515),(0.71897179074585438,0.12500000186264515)));
#7606=IFCINDEXEDPOLYCURVE(#7607,$,$);
#7607=IFCCARTESIANPOINTLIST2D(((0.060000000521540642,0.10750000178813934),(0.71897179074585438,0.10750000178813934)));
#7608=IFCSHAPEREPRESENTATION(#24,'Body','Curve2D',(#7593,#7595,#7597,#7599,#7600,#7603,#7604,#7606));
#7609=IFCCARTESIANPOINTLIST2D(((0.,0.),(0.77897179126739502,0.),(0.77897179126739502,0.89999997615814209),(0.,0.89999997615814209)));
#7610=IFCINDEXEDPOLYCURVE(#7609,(IFCLINEINDEX((1,2,3,4,1))),$);
#7611=IFCARBITRARYCLOSEDPROFILEDEF(.AREA.,$,#7610);
#7612=IFCCARTESIANPOINT((0.,-0.60000002384185791,0.));
#7613=IFCDIRECTION((0.,-1.,0.));
#7614=IFCDIRECTION((1.,0.,0.));
#7615=IFCAXIS2PLACEMENT3D(#7612,#7613,#7614);
#7616=IFCDIRECTION((0.,0.,-1.));
#7617=IFCEXTRUDEDAREASOLID(#7611,#7615,#7616,1.2);
#7618=IFCSHAPEREPRESENTATION(#11,'Body','SweptSolid',(#7617));
#7639=IFCCARTESIANPOINT((0.7712584733964285,-1.7649802774855061E-07,1.));
#7640=IFCDIRECTION((0.,0.,1.));
#7641=IFCDIRECTION((0.99999999999997158,-2.3841857910149749E-07,0.));
#7642=IFCAXIS2PLACEMENT3D(#7639,#7640,#7641);
#7643=IFCLOCALPLACEMENT(#219,#7642);
#7655=IFCRELCONTAINEDINSPATIALSTRUCTURE('1qoyw0btrA_wqYO8d_wm7N',$,$,$,(#8766,#9996,#8616,#9273,#8069,#12657,#8925,#7994,#7894,#12912,#8094,#11586,#7919,#11928,#11206,#9704,#9343,#9027,#13167,#8119,#12292,#7944,#7969,#10288,#10914),#39);
#7677=IFCROOFTYPE('1jIw46tXj9Vg5zmDM7Qrbc',$,'ROOF',$,$,(#7678),(#7707,#7735),$,$,.HIP_ROOF.);
#7678=IFCPROPERTYSET('3G3$YSO0H2JPIpJanh5b15',$,'BBIM_Roof',$,(#7679));
#7679=IFCPROPERTYSINGLEVALUE('Data',$,IFCTEXT('{"roof_type": "HIP/GABLE ROOF", "generation_method": "ANGLE", "roof_thickness": 0.10000000149011612, "rafter_edge_angle": 1.5707963705062866, "angle": 0.1745329201221466, "percentage": 17.63269805908203, "path_data": {"edges": [[0, 1], [1, 2], [2, 3], [3, 0]], "verts": [[-5.0, -5.0, 0.0], [-5.0, 5.0, 0.0], [5.0, 5.0, 0.0], [5.0, -5.0, 0.0]]}}'),$);
#7703=IFCCARTESIANPOINT((0.,0.,0.));
#7704=IFCDIRECTION((1.,0.,0.));
#7705=IFCDIRECTION((0.,0.,1.));
#7706=IFCAXIS2PLACEMENT3D(#7703,#7705,#7704);
#7707=IFCREPRESENTATIONMAP(#7706,#7726);
#7708=IFCINDEXEDPOLYGONALFACE((3,1,2));
#7709=IFCINDEXEDPOLYGONALFACE((2,4,3));
#7710=IFCINDEXEDPOLYGONALFACE((1,3,5));
#7711=IFCINDEXEDPOLYGONALFACE((4,5,3));
#7712=IFCINDEXEDPOLYGONALFACE((6,7,8));
#7713=IFCINDEXEDPOLYGONALFACE((8,2,1));
#7714=IFCINDEXEDPOLYGONALFACE((8,1,6));
#7715=IFCINDEXEDPOLYGONALFACE((8,7,9));
#7716=IFCINDEXEDPOLYGONALFACE((2,8,9));
#7717=IFCINDEXEDPOLYGONALFACE((2,9,4));
#7718=IFCINDEXEDPOLYGONALFACE((10,7,6));
#7719=IFCINDEXEDPOLYGONALFACE((6,1,5));
#7720=IFCINDEXEDPOLYGONALFACE((6,5,10));
#7721=IFCINDEXEDPOLYGONALFACE((9,7,10));
#7722=IFCINDEXEDPOLYGONALFACE((4,9,10));
#7723=IFCINDEXEDPOLYGONALFACE((4,10,5));
#7724=IFCCARTESIANPOINTLIST3D(((-5.,-5.,0.),(5.,-5.,0.),(0.,0.,0.88163489103317261),(5.,5.,0.),(-5.,5.,0.),(-5.,-5.,-0.10154265910387039),(0.,0.,0.78009223937988281),(5.,-5.,-0.10154265910387039),(5.,5.,-0.10154265910387039),(-5.,5.,-0.10154265910387039)));
#7725=IFCPOLYGONALFACESET(#7724,.T.,(#7708,#7709,#7710,#7711,#7712,#7713,#7714,#7715,#7716,#7717,#7718,#7719,#7720,#7721,#7722,#7723),$);
#7726=IFCSHAPEREPRESENTATION(#11,'Body','Tessellation',(#7725));
#7728=IFCCARTESIANPOINT((-5.,-5.,-0.10154265910387039));
#7729=IFCBOUNDINGBOX(#7728,10.,10.,0.9831775426864624);
#7730=IFCSHAPEREPRESENTATION(#13,'Box','BoundingBox',(#7729));
#7731=IFCCARTESIANPOINT((0.,0.,0.));
#7732=IFCDIRECTION((1.,0.,0.));
#7733=IFCDIRECTION((0.,0.,1.));
#7734=IFCAXIS2PLACEMENT3D(#7731,#7733,#7732);
#7735=IFCREPRESENTATIONMAP(#7734,#7730);
#7758=IFCCARTESIANPOINT((2.2204460492503131E-16,0.,0.));
#7759=IFCDIRECTION((0.,0.,1.));
#7760=IFCDIRECTION((1.,0.,0.));
#7761=IFCAXIS2PLACEMENT3D(#7758,#7759,#7760);
#7762=IFCLOCALPLACEMENT(#7387,#7761);
#7763=IFCCARTESIANPOINT((-1.1102230246251565E-16,0.,0.));
#7764=IFCDIRECTION((0.,0.,1.));
#7765=IFCDIRECTION((1.,0.,0.));
#7766=IFCAXIS2PLACEMENT3D(#7763,#7764,#7765);
#7767=IFCLOCALPLACEMENT(#7643,#7766);
#7790=IFCBUILDINGSTOREY('34GsWVVSTAqR64C3gHFh6P',$,'ROOF',$,$,#13639,$,$,$,$);
#7817=IFCCARTESIANPOINT((0.,0.,3.));
#7818=IFCDIRECTION((0.,0.,1.));
#7819=IFCDIRECTION((1.,0.,0.));
#7820=IFCAXIS2PLACEMENT3D(#7817,#7818,#7819);
#7821=IFCLOCALPLACEMENT(#56,#7820);
#7894=IFCWALL('0vjsO4rcP4L8cE2SscuJdm',$,'Wall',$,$,#8575,#7900,$,$);
#7895=IFCMATERIALLAYERSETUSAGE(#88,.AXIS2.,.POSITIVE.,0.,$);
#7896=IFCRELASSOCIATESMATERIAL('2jaeyLSELDvwM6jWXK6BF9',$,$,$,(#7894),#7895);
#7900=IFCPRODUCTDEFINITIONSHAPE($,$,(#9412,#9409));
#7916=IFCPROPERTYSET('2yFeSKzqn9MRbeY1RFAXBH',$,'EPset_Parametric',$,(#7918));
#7917=IFCRELDEFINESBYPROPERTIES('3Z3aj8mxT3LfuEKiAThu1T',$,$,$,(#7894),#7916);
#7918=IFCPROPERTYSINGLEVALUE('Engine',$,IFCLABEL('Bonsai.DumbLayer2'),$);
#7919=IFCWALL('2gizLCxdn5F9Ot90DEQ5fN',$,'Wall',$,$,#8292,#7925,$,$);
#7920=IFCMATERIALLAYERSETUSAGE(#88,.AXIS2.,.POSITIVE.,0.,$);
#7921=IFCRELASSOCIATESMATERIAL('2RXwgwW7TChu3n1jtEg6aZ',$,$,$,(#7919),#7920);
#7925=IFCPRODUCTDEFINITIONSHAPE($,$,(#8337,#8334));
#7941=IFCPROPERTYSET('3rSZYtwdb0Zvg5Hnu7U9nv',$,'EPset_Parametric',$,(#7943));
#7942=IFCRELDEFINESBYPROPERTIES('3KyH$gny13bhZs7xqhh1p6',$,$,$,(#7919),#7941);
#7943=IFCPROPERTYSINGLEVALUE('Engine',$,IFCLABEL('Bonsai.DumbLayer2'),$);
#7944=IFCWALL('1LIkuEGRn6lgw7_duvyQSQ',$,'Wall',$,$,#8324,#7950,$,$);
#7945=IFCMATERIALLAYERSETUSAGE(#88,.AXIS2.,.POSITIVE.,0.,$);
#7946=IFCRELASSOCIATESMATERIAL('3G0q0eE1D2chSKXKSGRboM',$,$,$,(#7944),#7945);
#7950=IFCPRODUCTDEFINITIONSHAPE($,$,(#8765,#8762));
#7966=IFCPROPERTYSET('3zWKyFML533RaM95atRHAR',$,'EPset_Parametric',$,(#7968));
#7967=IFCRELDEFINESBYPROPERTIES('1BmTDcAUX5nepkYPBigDU9',$,$,$,(#7944),#7966);
#7968=IFCPROPERTYSINGLEVALUE('Engine',$,IFCLABEL('Bonsai.DumbLayer2'),$);
#7969=IFCWALL('3UFPe$E_fBMAj$eu3Nn8mc',$,'Wall',$,$,#7980,#7975,$,$);
#7970=IFCMATERIALLAYERSETUSAGE(#88,.AXIS2.,.POSITIVE.,0.,$);
#7971=IFCRELASSOCIATESMATERIAL('0Q0sEgWmnAsfbQVznfmEyt',$,$,$,(#7969),#7970);
#7975=IFCPRODUCTDEFINITIONSHAPE($,$,(#8396,#8393));
#7976=IFCCARTESIANPOINT((0.22660692036151886,5.509894847869873,0.));
#7977=IFCDIRECTION((0.,0.,1.));
#7978=IFCDIRECTION((-0.99999999999992428,3.8941436741876494E-07,0.));
#7979=IFCAXIS2PLACEMENT3D(#7976,#7977,#7978);
#7980=IFCLOCALPLACEMENT(#7821,#7979);
#7991=IFCPROPERTYSET('2V$bFWfUP9Kg1Ogtf0EZww',$,'EPset_Parametric',$,(#7993));
#7992=IFCRELDEFINESBYPROPERTIES('0SyCIC6vHDDPunWI4ksGqn',$,$,$,(#7969),#7991);
#7993=IFCPROPERTYSINGLEVALUE('Engine',$,IFCLABEL('Bonsai.DumbLayer2'),$);
#7994=IFCWALL('2u3h2vudLEiRv_PCr93jzo',$,'Wall',$,$,#8383,#8000,$,$);
#7995=IFCMATERIALLAYERSETUSAGE(#88,.AXIS2.,.POSITIVE.,0.,$);
#7996=IFCRELASSOCIATESMATERIAL('2LPVSEZsb85xucmEJ42Kdb',$,$,$,(#7994),#7995);
#8000=IFCPRODUCTDEFINITIONSHAPE($,$,(#9259,#9256));
#8016=IFCPROPERTYSET('3xwakpSsHF$wQRamWOyKlb',$,'EPset_Parametric',$,(#8018));
#8017=IFCRELDEFINESBYPROPERTIES('345LJar895MvVnzZeaEDn8',$,$,$,(#7994),#8016);
#8018=IFCPROPERTYSINGLEVALUE('Engine',$,IFCLABEL('Bonsai.DumbLayer2'),$);
#8069=IFCWALL('1l2j9M4f5DzB0oCmiTv2JE',$,'Wall',$,$,#9207,#8075,$,$);
#8070=IFCMATERIALLAYERSETUSAGE(#88,.AXIS2.,.POSITIVE.,0.,$);
#8071=IFCRELASSOCIATESMATERIAL('2fzD3bn6n3m8AcgLQbj6Dq',$,$,$,(#8069),#8070);
#8075=IFCPRODUCTDEFINITIONSHAPE($,$,(#9202,#9199));
#8091=IFCPROPERTYSET('1sI3lNJVn8_94gIGNK8wn6',$,'EPset_Parametric',$,(#8093));
#8092=IFCRELDEFINESBYPROPERTIES('38mxaJ_VH8K8PizpxnGUK5',$,$,$,(#8069),#8091);
#8093=IFCPROPERTYSINGLEVALUE('Engine',$,IFCLABEL('Bonsai.DumbLayer2'),$);
#8094=IFCWALL('2ngn2ht6X2lurtiSVCwF2$',$,'Wall',$,$,#8511,#8100,$,$);
#8095=IFCMATERIALLAYERSETUSAGE(#88,.AXIS2.,.POSITIVE.,0.,$);
#8096=IFCRELASSOCIATESMATERIAL('2VK2nvRDLDhPtnDK$uw1Wc',$,$,$,(#8094),#8095);
#8100=IFCPRODUCTDEFINITIONSHAPE($,$,(#8556,#8553));
#8116=IFCPROPERTYSET('1di8OcZCDA5gx5_10t_TNQ',$,'EPset_Parametric',$,(#8118));
#8117=IFCRELDEFINESBYPROPERTIES('0jzcjz_2f9EO6DQOlnhe9z',$,$,$,(#8094),#8116);
#8118=IFCPROPERTYSINGLEVALUE('Engine',$,IFCLABEL('Bonsai.DumbLayer2'),$);
#8119=IFCWALL('3mA7WxIkH37fnRrtIFNaA$',$,'Wall',$,$,#8543,#8125,$,$);
#8120=IFCMATERIALLAYERSETUSAGE(#88,.AXIS2.,.POSITIVE.,0.,$);
#8121=IFCRELASSOCIATESMATERIAL('2cZHOoaLHFauYWAShghxCb',$,$,$,(#8119),#8120);
#8125=IFCPRODUCTDEFINITIONSHAPE($,$,(#8602,#8599));
#8141=IFCPROPERTYSET('2$o$xdP1z6zObhdDhVuulQ',$,'EPset_Parametric',$,(#8143));
#8142=IFCRELDEFINESBYPROPERTIES('35HXAxasv3iPsAaksAi8oE',$,$,$,(#8119),#8141);
#8143=IFCPROPERTYSINGLEVALUE('Engine',$,IFCLABEL('Bonsai.DumbLayer2'),$);
#8274=IFCRELCONNECTSPATHELEMENTS('2HSbJJuW98necMtLw2cgZH',$,$,$,$,#7919,#7894,(),(),.ATEND.,.ATSTART.);
#8288=IFCCARTESIANPOINT((4.2266056255380287,6.50989437103319,0.));
#8289=IFCDIRECTION((0.,0.,1.));
#8290=IFCDIRECTION((-0.99999999999992428,3.8941436741876494E-07,0.));
#8291=IFCAXIS2PLACEMENT3D(#8288,#8289,#8290);
#8292=IFCLOCALPLACEMENT(#7821,#8291);
#8306=IFCRELCONNECTSPATHELEMENTS('2XzlsvfET4hA4sMrT1FKHj',$,$,$,$,#7944,#7919,(),(),.ATEND.,.ATSTART.);
#8320=IFCCARTESIANPOINT((0.22660684585563129,6.5098959286901854,0.));
#8321=IFCDIRECTION((0.,0.,1.));
#8322=IFCDIRECTION((7.5497901264043123E-08,-0.99999999999999722,0.));
#8323=IFCAXIS2PLACEMENT3D(#8320,#8321,#8322);
#8324=IFCLOCALPLACEMENT(#7821,#8323);
#8325=IFCCARTESIANPOINTLIST2D(((0.,0.),(0.099999968608358317,0.10000000000000001),(3.8999987331914627,0.10000000000000001),(3.9999987796827003,0.)));
#8326=IFCINDEXEDPOLYCURVE(#8325,(IFCLINEINDEX((1,2,3,4,1))),$);
#8327=IFCARBITRARYCLOSEDPROFILEDEF(.AREA.,$,#8326);
#8328=IFCCARTESIANPOINT((0.,0.,0.));
#8329=IFCDIRECTION((0.,0.,1.));
#8330=IFCDIRECTION((1.,0.,0.));
#8331=IFCAXIS2PLACEMENT3D(#8328,#8329,#8330);
#8332=IFCDIRECTION((0.,0.,1.));
#8333=IFCEXTRUDEDAREASOLID(#8327,#8331,#8332,3.);
#8334=IFCSHAPEREPRESENTATION(#11,'Body','SweptSolid',(#8333));
#8335=IFCCARTESIANPOINTLIST2D(((0.,0.),(3.9999987796827003,0.)));
#8336=IFCINDEXEDPOLYCURVE(#8335,$,$);
#8337=IFCSHAPEREPRESENTATION(#23,'Axis','Curve2D',(#8336));
#8338=IFCRELCONNECTSPATHELEMENTS('0lfWAKR$H7Tv$awJLrIN5W',$,$,$,$,#7969,#7944,(),(),.ATEND.,.ATSTART.);
#8365=IFCRELCONNECTSPATHELEMENTS('2jFgqeTsj2fOhXtekMA1AU',$,$,$,$,#7994,#7969,(),(),.ATEND.,.ATSTART.);
#8379=IFCCARTESIANPOINT((-3.2733931541443542,5.5098962108201883,0.));
#8380=IFCDIRECTION((0.,0.,1.));
#8381=IFCDIRECTION((7.5497901264043123E-08,-0.99999999999999722,0.));
#8382=IFCAXIS2PLACEMENT3D(#8379,#8380,#8381);
#8383=IFCLOCALPLACEMENT(#7821,#8382);
#8384=IFCCARTESIANPOINTLIST2D(((0.,0.),(-0.10000004649123767,0.10000000000000001),(3.4000000290069954,0.10000000000000001),(3.500000075498233,0.)));
#8385=IFCINDEXEDPOLYCURVE(#8384,(IFCLINEINDEX((1,2,3,4,1))),$);
#8386=IFCARBITRARYCLOSEDPROFILEDEF(.AREA.,$,#8385);
#8387=IFCCARTESIANPOINT((0.,0.,0.));
#8388=IFCDIRECTION((0.,0.,1.));
#8389=IFCDIRECTION((1.,0.,0.));
#8390=IFCAXIS2PLACEMENT3D(#8387,#8388,#8389);
#8391=IFCDIRECTION((0.,0.,1.));
#8392=IFCEXTRUDEDAREASOLID(#8386,#8390,#8391,3.);
#8393=IFCSHAPEREPRESENTATION(#11,'Body','SweptSolid',(#8392));
#8394=IFCCARTESIANPOINTLIST2D(((0.,0.),(3.500000075498233,0.)));
#8395=IFCINDEXEDPOLYCURVE(#8394,$,$);
#8396=IFCSHAPEREPRESENTATION(#23,'Axis','Curve2D',(#8395));
#8493=IFCRELCONNECTSPATHELEMENTS('1Hqa_KtEbCKA8wKzPRUOh3',$,$,$,$,#8094,#8069,(),(),.ATEND.,.ATSTART.);
#8507=IFCCARTESIANPOINT((1.831298828125022,-2.2012935713428163,0.));
#8508=IFCDIRECTION((0.,0.,1.));
#8509=IFCDIRECTION((-1.6292068494294439E-07,-0.99999999999998679,0.));
#8510=IFCAXIS2PLACEMENT3D(#8507,#8508,#8509);
#8511=IFCLOCALPLACEMENT(#7821,#8510);
#8525=IFCRELCONNECTSPATHELEMENTS('12tdqKSTj6ThUVxFTGK9V2',$,$,$,$,#8119,#8094,(),(),.ATEND.,.ATSTART.);
#8539=IFCCARTESIANPOINT((1.8312986814964067,-3.1012935638427734,0.));
#8540=IFCDIRECTION((0.,0.,1.));
#8541=IFCDIRECTION((1.,0.,0.));
#8542=IFCAXIS2PLACEMENT3D(#8539,#8540,#8541);
#8543=IFCLOCALPLACEMENT(#7821,#8542);
#8544=IFCCARTESIANPOINTLIST2D(((0.,0.),(-0.10000004013393446,0.10000000000000001),(0.79999997620789942,0.10000000000000001),(0.8999999924999692,0.)));
#8545=IFCINDEXEDPOLYCURVE(#8544,(IFCLINEINDEX((1,2,3,4,1))),$);
#8546=IFCARBITRARYCLOSEDPROFILEDEF(.AREA.,$,#8545);
#8547=IFCCARTESIANPOINT((0.,0.,0.));
#8548=IFCDIRECTION((0.,0.,1.));
#8549=IFCDIRECTION((1.,0.,0.));
#8550=IFCAXIS2PLACEMENT3D(#8547,#8548,#8549);
#8551=IFCDIRECTION((0.,0.,1.));
#8552=IFCEXTRUDEDAREASOLID(#8546,#8550,#8551,3.);
#8553=IFCSHAPEREPRESENTATION(#11,'Body','SweptSolid',(#8552));
#8554=IFCCARTESIANPOINTLIST2D(((0.,0.),(0.8999999924999692,0.)));
#8555=IFCINDEXEDPOLYCURVE(#8554,$,$);
#8556=IFCSHAPEREPRESENTATION(#23,'Axis','Curve2D',(#8555));
#8571=IFCCARTESIANPOINT((4.2266048999135108,-3.1012935638427734,0.));
#8572=IFCDIRECTION((0.,0.,1.));
#8573=IFCDIRECTION((7.5497901264043123E-08,0.99999999999999722,0.));
#8574=IFCAXIS2PLACEMENT3D(#8571,#8572,#8573);
#8575=IFCLOCALPLACEMENT(#7821,#8574);
#8589=IFCRELCONNECTSPATHELEMENTS('0grTZmXCz718O1$i0rmimI',$,$,$,$,#8119,#7894,(),(),.ATPATH.,.ATEND.);
#8590=IFCCARTESIANPOINTLIST2D(((0.,0.),(0.10000001629206984,0.10000000000000001),(2.2953062259668942,0.10000000000000001),(2.295306218417104,0.)));
#8591=IFCINDEXEDPOLYCURVE(#8590,(IFCLINEINDEX((1,2,3,4,1))),$);
#8592=IFCARBITRARYCLOSEDPROFILEDEF(.AREA.,$,#8591);
#8593=IFCCARTESIANPOINT((0.,0.,0.));
#8594=IFCDIRECTION((0.,0.,1.));
#8595=IFCDIRECTION((1.,0.,0.));
#8596=IFCAXIS2PLACEMENT3D(#8593,#8594,#8595);
#8597=IFCDIRECTION((0.,0.,1.));
#8598=IFCEXTRUDEDAREASOLID(#8592,#8596,#8597,3.);
#8599=IFCSHAPEREPRESENTATION(#11,'Body','SweptSolid',(#8598));
#8600=IFCCARTESIANPOINTLIST2D(((0.,0.),(2.3953062184171041,0.)));
#8601=IFCINDEXEDPOLYCURVE(#8600,$,$);
#8602=IFCSHAPEREPRESENTATION(#23,'Axis','Curve2D',(#8601));
#8616=IFCSLAB('09lmvSoNn9p9qHBWkSqPKp',$,'Slab',$,$,#8623,#8630,$,$);
#8617=IFCMATERIALLAYERSETUSAGE(#1121,.AXIS3.,.POSITIVE.,-0.10000000149011612,$);
#8618=IFCRELASSOCIATESMATERIAL('053HEYgw9EcOO1I8QvxGQ4',$,$,$,(#8616),#8617);
#8619=IFCCARTESIANPOINT((4.2266049385070801,-3.1012935638427734,0.));
#8620=IFCDIRECTION((0.,0.,1.));
#8621=IFCDIRECTION((1.,0.,0.));
#8622=IFCAXIS2PLACEMENT3D(#8619,#8620,#8621);
#8623=IFCLOCALPLACEMENT(#7821,#8622);
#8624=IFCCARTESIANPOINTLIST2D(((0.,0.),(1.9073486328125E-06,9.6111879348754883),(-3.9999980926513672,9.6111888885498047),(-3.9999980926513672,8.6111888885498047),(-7.4999980926513672,8.6111898422241211),(-7.4999966621398926,1.5111889839172363),(-7.4999961853027344,0.011188983917236328),(0.,0.)));
#8625=IFCINDEXEDPOLYCURVE(#8624,$,$);
#8626=IFCDIRECTION((0.,0.,1.));
#8627=IFCARBITRARYCLOSEDPROFILEDEF(.AREA.,$,#8625);
#8628=IFCEXTRUDEDAREASOLID(#8627,#8637,#8626,0.10000000000000001);
#8629=IFCSHAPEREPRESENTATION(#11,'Body','SweptSolid',(#8628));
#8630=IFCPRODUCTDEFINITIONSHAPE($,$,(#8629));
#8631=IFCPROPERTYSET('0rBuV7bQXBShSOvGigUfxi',$,'EPset_Parametric',$,(#8633));
#8632=IFCRELDEFINESBYPROPERTIES('1ZU_vqXIr3xAo_GtDZNRCv',$,$,$,(#8616),#8631);
#8633=IFCPROPERTYSINGLEVALUE('Engine',$,IFCLABEL('Bonsai.DumbLayer3'),$);
#8634=IFCCARTESIANPOINT((-0.,-0.,-0.10000000149011612));
#8635=IFCDIRECTION((0.,0.,1.));
#8636=IFCDIRECTION((1.,0.,0.));
#8637=IFCAXIS2PLACEMENT3D(#8634,#8635,#8636);
#8753=IFCCARTESIANPOINTLIST2D(((0.,0.),(0.10000004649123768,0.10000000000000001),(1.1000011273115524,0.10000000000000001),(1.0000010808203148,0.)));
#8754=IFCINDEXEDPOLYCURVE(#8753,(IFCLINEINDEX((1,2,3,4,1))),$);
#8755=IFCARBITRARYCLOSEDPROFILEDEF(.AREA.,$,#8754);
#8756=IFCCARTESIANPOINT((0.,0.,0.));
#8757=IFCDIRECTION((0.,0.,1.));
#8758=IFCDIRECTION((1.,0.,0.));
#8759=IFCAXIS2PLACEMENT3D(#8756,#8757,#8758);
#8760=IFCDIRECTION((0.,0.,1.));
#8761=IFCEXTRUDEDAREASOLID(#8755,#8759,#8760,3.);
#8762=IFCSHAPEREPRESENTATION(#11,'Body','SweptSolid',(#8761));
#8763=IFCCARTESIANPOINTLIST2D(((0.,0.),(1.0000010808203148,0.)));
#8764=IFCINDEXEDPOLYCURVE(#8763,$,$);
#8765=IFCSHAPEREPRESENTATION(#23,'Axis','Curve2D',(#8764));
#8766=IFCWALL('0uITB$x954oueb0eRqaXNU',$,'Wall',$,$,#8972,#8772,$,$);
#8767=IFCMATERIALLAYERSETUSAGE(#88,.AXIS2.,.POSITIVE.,0.,$);
#8768=IFCRELASSOCIATESMATERIAL('0rDwwRfrj4qAeClmPAgAeK',$,$,$,(#8766),#8767);
#8772=IFCPRODUCTDEFINITIONSHAPE($,$,(#9342,#9339));
#8788=IFCPROPERTYSET('18pZ0yk8z4gPDzJxrWIdRL',$,'EPset_Parametric',$,(#8790));
#8789=IFCRELDEFINESBYPROPERTIES('0vpeawN0zClPn3xcKqjiz_',$,$,$,(#8766),#8788);
#8790=IFCPROPERTYSINGLEVALUE('Engine',$,IFCLABEL('Bonsai.DumbLayer2'),$);
#8925=IFCWALL('19WjMOmoXE8P8xHFS4mNpU',$,'Wall',$,$,#8967,#8931,$,$);
#8926=IFCMATERIALLAYERSETUSAGE(#88,.AXIS2.,.POSITIVE.,0.,$);
#8927=IFCRELASSOCIATESMATERIAL('2FjcgMzurAdfSoK4m9JCBy',$,$,$,(#8925),#8926);
#8931=IFCPRODUCTDEFINITIONSHAPE($,$,(#9013,#9010));
#8947=IFCPROPERTYSET('23Jwd9xpTBN8jvA9DdJPY1',$,'EPset_Parametric',$,(#8949));
#8948=IFCRELDEFINESBYPROPERTIES('2DuthD5CvFG8W_8JyGOsX2',$,$,$,(#8925),#8947);
#8949=IFCPROPERTYSINGLEVALUE('Engine',$,IFCLABEL('Bonsai.DumbLayer2'),$);
#8963=IFCCARTESIANPOINT((-3.1733927726745605,2.5191295146942139,0.));
#8964=IFCDIRECTION((0.,0.,1.));
#8965=IFCDIRECTION((1.,0.,0.));
#8966=IFCAXIS2PLACEMENT3D(#8963,#8964,#8965);
#8967=IFCLOCALPLACEMENT(#7821,#8966);
#8968=IFCCARTESIANPOINT((0.2266070544719696,5.4098949432373047,0.));
#8969=IFCDIRECTION((0.,0.,1.));
#8970=IFCDIRECTION((-2.8212997449371656E-07,-0.99999999999996025,0.));
#8971=IFCAXIS2PLACEMENT3D(#8968,#8969,#8970);
#8972=IFCLOCALPLACEMENT(#7821,#8971);
#9000=IFCRELCONNECTSPATHELEMENTS('0anCDFsqTFyvYkmHNI4o33',$,$,$,$,#8925,#8766,(),(),.ATPATH.,.ATEND.);
#9001=IFCCARTESIANPOINTLIST2D(((0.,0.),(0.,0.10000000000000001),(3.3999990397879509,0.10000000000000001),(3.3999990115749537,0.)));
#9002=IFCINDEXEDPOLYCURVE(#9001,(IFCLINEINDEX((1,2,3,4,1))),$);
#9003=IFCARBITRARYCLOSEDPROFILEDEF(.AREA.,$,#9002);
#9004=IFCCARTESIANPOINT((0.,0.,0.));
#9005=IFCDIRECTION((0.,0.,1.));
#9006=IFCDIRECTION((1.,0.,0.));
#9007=IFCAXIS2PLACEMENT3D(#9004,#9005,#9006);
#9008=IFCDIRECTION((0.,0.,1.));
#9009=IFCEXTRUDEDAREASOLID(#9003,#9007,#9008,3.);
#9010=IFCSHAPEREPRESENTATION(#11,'Body','SweptSolid',(#9009));
#9011=IFCCARTESIANPOINTLIST2D(((0.,0.),(3.3999990115749537,0.)));
#9012=IFCINDEXEDPOLYCURVE(#9011,$,$);
#9013=IFCSHAPEREPRESENTATION(#23,'Axis','Curve2D',(#9012));
#9027=IFCWALL('3j5utUFMfAhOIRALFqXphr',$,'Wall',$,$,#9069,#9033,$,$);
#9028=IFCMATERIALLAYERSETUSAGE(#88,.AXIS2.,.POSITIVE.,0.,$);
#9029=IFCRELASSOCIATESMATERIAL('1LCwfk6_zDP8eHVIzxA_WB',$,$,$,(#9027),#9028);
#9033=IFCPRODUCTDEFINITIONSHAPE($,$,(#9083,#9080));
#9049=IFCPROPERTYSET('233R05KAzBngP1Cqv1a2sF',$,'EPset_Parametric',$,(#9051));
#9050=IFCRELDEFINESBYPROPERTIES('0fUclxc1TDvwWzUrbPDcVS',$,$,$,(#9027),#9049);
#9051=IFCPROPERTYSINGLEVALUE('Engine',$,IFCLABEL('Bonsai.DumbLayer2'),$);
#9065=IFCCARTESIANPOINT((0.32660692930221558,4.9075608253479004,0.));
#9066=IFCDIRECTION((0.,0.,1.));
#9067=IFCDIRECTION((0.99999999999997158,2.3841857910155572E-07,0.));
#9068=IFCAXIS2PLACEMENT3D(#9065,#9066,#9067);
#9069=IFCLOCALPLACEMENT(#7821,#9068);
#9070=IFCRELCONNECTSPATHELEMENTS('2M6pzjYHb4n8eVKvOWYWyf',$,$,$,$,#9027,#7894,(),(),.ATPATH.,.ATEND.);
#9071=IFCCARTESIANPOINTLIST2D(((0.,0.),(0.,0.10000000000000001),(3.7999986066548175,0.10000000000000001),(3.7999985752631695,0.)));
#9072=IFCINDEXEDPOLYCURVE(#9071,(IFCLINEINDEX((1,2,3,4,1))),$);
#9073=IFCARBITRARYCLOSEDPROFILEDEF(.AREA.,$,#9072);
#9074=IFCCARTESIANPOINT((0.,0.,0.));
#9075=IFCDIRECTION((0.,0.,1.));
#9076=IFCDIRECTION((1.,0.,0.));
#9077=IFCAXIS2PLACEMENT3D(#9074,#9075,#9076);
#9078=IFCDIRECTION((0.,0.,1.));
#9079=IFCEXTRUDEDAREASOLID(#9073,#9077,#9078,3.);
#9080=IFCSHAPEREPRESENTATION(#11,'Body','SweptSolid',(#9079));
#9081=IFCCARTESIANPOINTLIST2D(((0.,0.),(3.8999985752631745,0.)));
#9082=IFCINDEXEDPOLYCURVE(#9081,$,$);
#9083=IFCSHAPEREPRESENTATION(#23,'Axis','Curve2D',(#9082));
#9189=IFCRELCONNECTSPATHELEMENTS('27XordBY19d8dsJzZOK88G',$,$,$,$,#8069,#8766,(),(),.ATEND.,.ATSTART.);
#9190=IFCCARTESIANPOINTLIST2D(((0.,0.),(0.10000005205486892,0.10000000000000001),(1.7046939611315619,0.10000000000000001),(1.6046939209976276,0.)));
#9191=IFCINDEXEDPOLYCURVE(#9190,(IFCLINEINDEX((1,2,3,4,1))),$);
#9192=IFCARBITRARYCLOSEDPROFILEDEF(.AREA.,$,#9191);
#9193=IFCCARTESIANPOINT((0.,0.,0.));
#9194=IFCDIRECTION((0.,0.,1.));
#9195=IFCDIRECTION((1.,0.,0.));
#9196=IFCAXIS2PLACEMENT3D(#9193,#9194,#9195);
#9197=IFCDIRECTION((0.,0.,1.));
#9198=IFCEXTRUDEDAREASOLID(#9192,#9196,#9197,3.);
#9199=IFCSHAPEREPRESENTATION(#11,'Body','SweptSolid',(#9198));
#9200=IFCCARTESIANPOINTLIST2D(((0.,0.),(1.6046939209976276,0.)));
#9201=IFCINDEXEDPOLYCURVE(#9200,$,$);
#9202=IFCSHAPEREPRESENTATION(#23,'Axis','Curve2D',(#9201));
#9203=IFCCARTESIANPOINT((0.22660490712744014,-2.2012939539316609,0.));
#9204=IFCDIRECTION((0.,0.,1.));
#9205=IFCDIRECTION((0.99999999999997158,2.3841857910155572E-07,0.));
#9206=IFCAXIS2PLACEMENT3D(#9203,#9204,#9205);
#9207=IFCLOCALPLACEMENT(#7821,#9206);
#9247=IFCCARTESIANPOINTLIST2D(((0.,0.),(0.1000000464912377,0.10000000000000001),(7.100000790745745,0.10000000000000001),(7.100000790745745,0.)));
#9248=IFCINDEXEDPOLYCURVE(#9247,(IFCLINEINDEX((1,2,3,4,1))),$);
#9249=IFCARBITRARYCLOSEDPROFILEDEF(.AREA.,$,#9248);
#9250=IFCCARTESIANPOINT((0.,0.,0.));
#9251=IFCDIRECTION((0.,0.,1.));
#9252=IFCDIRECTION((1.,0.,0.));
#9253=IFCAXIS2PLACEMENT3D(#9250,#9251,#9252);
#9254=IFCDIRECTION((0.,0.,1.));
#9255=IFCEXTRUDEDAREASOLID(#9249,#9253,#9254,3.);
#9256=IFCSHAPEREPRESENTATION(#11,'Body','SweptSolid',(#9255));
#9257=IFCCARTESIANPOINTLIST2D(((0.,0.),(7.100000790745745,0.)));
#9258=IFCINDEXEDPOLYCURVE(#9257,$,$);
#9259=IFCSHAPEREPRESENTATION(#23,'Axis','Curve2D',(#9258));
#9273=IFCWALL('1cb8ztlQD6EgMRmUoCz98x',$,'Wall',$,$,#9315,#9279,$,$);
#9274=IFCMATERIALLAYERSETUSAGE(#88,.AXIS2.,.POSITIVE.,0.,$);
#9275=IFCRELASSOCIATESMATERIAL('0Kra6_0qHBS9QlNEIfXrup',$,$,$,(#9273),#9274);
#9279=IFCPRODUCTDEFINITIONSHAPE($,$,(#9329,#9326));
#9295=IFCPROPERTYSET('1HvWMXWs96jOfP_RtpApBv',$,'EPset_Parametric',$,(#9297));
#9296=IFCRELDEFINESBYPROPERTIES('3sOF7xKMD1$AwWUCMeuLOV',$,$,$,(#9273),#9295);
#9297=IFCPROPERTYSINGLEVALUE('Engine',$,IFCLABEL('Bonsai.DumbLayer2'),$);
#9311=IFCCARTESIANPOINT((-3.1733918190002441,-1.5901045799255371,0.));
#9312=IFCDIRECTION((0.,0.,1.));
#9313=IFCDIRECTION((1.,0.,0.));
#9314=IFCAXIS2PLACEMENT3D(#9311,#9312,#9313);
#9315=IFCLOCALPLACEMENT(#7821,#9314);
#9316=IFCRELCONNECTSPATHELEMENTS('2ThBIHHDLE18Fthj7M6v_a',$,$,$,$,#9273,#8766,(),(),.ATPATH.,.ATEND.);
#9317=IFCCARTESIANPOINTLIST2D(((0.,0.),(0.,0.10000000000000001),(3.3999969267755246,0.10000000000000001),(3.3999968985625268,0.)));
#9318=IFCINDEXEDPOLYCURVE(#9317,(IFCLINEINDEX((1,2,3,4,1))),$);
#9319=IFCARBITRARYCLOSEDPROFILEDEF(.AREA.,$,#9318);
#9320=IFCCARTESIANPOINT((0.,0.,0.));
#9321=IFCDIRECTION((0.,0.,1.));
#9322=IFCDIRECTION((1.,0.,0.));
#9323=IFCAXIS2PLACEMENT3D(#9320,#9321,#9322);
#9324=IFCDIRECTION((0.,0.,1.));
#9325=IFCEXTRUDEDAREASOLID(#9319,#9323,#9324,3.);
#9326=IFCSHAPEREPRESENTATION(#11,'Body','SweptSolid',(#9325));
#9327=IFCCARTESIANPOINTLIST2D(((0.,0.),(3.3999968985625268,0.)));
#9328=IFCINDEXEDPOLYCURVE(#9327,$,$);
#9329=IFCSHAPEREPRESENTATION(#23,'Axis','Curve2D',(#9328));
#9330=IFCCARTESIANPOINTLIST2D(((0.,0.),(0.,0.10000000000000001),(7.5111888451143987,0.10000000000000001),(7.6111888971692672,0.)));
#9331=IFCINDEXEDPOLYCURVE(#9330,(IFCLINEINDEX((1,2,3,4,1))),$);
#9332=IFCARBITRARYCLOSEDPROFILEDEF(.AREA.,$,#9331);
#9333=IFCCARTESIANPOINT((0.,0.,0.));
#9334=IFCDIRECTION((0.,0.,1.));
#9335=IFCDIRECTION((1.,0.,0.));
#9336=IFCAXIS2PLACEMENT3D(#9333,#9334,#9335);
#9337=IFCDIRECTION((0.,0.,1.));
#9338=IFCEXTRUDEDAREASOLID(#9332,#9336,#9337,3.);
#9339=IFCSHAPEREPRESENTATION(#11,'Body','SweptSolid',(#9338));
#9340=IFCCARTESIANPOINTLIST2D(((0.,0.),(7.6111888971692672,0.)));
#9341=IFCINDEXEDPOLYCURVE(#9340,$,$);
#9342=IFCSHAPEREPRESENTATION(#23,'Axis','Curve2D',(#9341));
#9343=IFCWALL('1yRq_zN8HD9A2UA0vF3ktj',$,'Wall',$,$,#9385,#9349,$,$);
#9344=IFCMATERIALLAYERSETUSAGE(#88,.AXIS2.,.POSITIVE.,0.,$);
#9345=IFCRELASSOCIATESMATERIAL('2eEA3t5zvAPQpHRfHVsSSc',$,$,$,(#9343),#9344);
#9349=IFCPRODUCTDEFINITIONSHAPE($,$,(#9399,#9396));
#9365=IFCPROPERTYSET('3zmbwxF$58Ie4cgylfpc99',$,'EPset_Parametric',$,(#9367));
#9366=IFCRELDEFINESBYPROPERTIES('12Q6FqhCH339HupR2cvujO',$,$,$,(#9343),#9365);
#9367=IFCPROPERTYSINGLEVALUE('Engine',$,IFCLABEL('Bonsai.DumbLayer2'),$);
#9381=IFCCARTESIANPOINT((0.32660564780235291,0.38301682472229004,0.));
#9382=IFCDIRECTION((0.,0.,1.));
#9383=IFCDIRECTION((1.,0.,0.));
#9384=IFCAXIS2PLACEMENT3D(#9381,#9382,#9383);
#9385=IFCLOCALPLACEMENT(#7821,#9384);
#9386=IFCRELCONNECTSPATHELEMENTS('3uNrpzbWnCwQSn5znJhk4B',$,$,$,$,#9343,#7894,(),(),.ATPATH.,.ATEND.);
#9387=IFCCARTESIANPOINTLIST2D(((0.,0.),(0.,0.10000000000000001),(3.7999995227190695,0.10000000000000001),(3.7999995151692794,0.)));
#9388=IFCINDEXEDPOLYCURVE(#9387,(IFCLINEINDEX((1,2,3,4,1))),$);
#9389=IFCARBITRARYCLOSEDPROFILEDEF(.AREA.,$,#9388);
#9390=IFCCARTESIANPOINT((0.,0.,0.));
#9391=IFCDIRECTION((0.,0.,1.));
#9392=IFCDIRECTION((1.,0.,0.));
#9393=IFCAXIS2PLACEMENT3D(#9390,#9391,#9392);
#9394=IFCDIRECTION((0.,0.,1.));
#9395=IFCEXTRUDEDAREASOLID(#9389,#9393,#9394,3.);
#9396=IFCSHAPEREPRESENTATION(#11,'Body','SweptSolid',(#9395));
#9397=IFCCARTESIANPOINTLIST2D(((0.,0.),(3.8999995151692795,0.)));
#9398=IFCINDEXEDPOLYCURVE(#9397,$,$);
#9399=IFCSHAPEREPRESENTATION(#23,'Axis','Curve2D',(#9398));
#9400=IFCCARTESIANPOINTLIST2D(((0.,0.),(0.,0.10000000000000001),(9.5111879662676309,0.10000000000000001),(9.6111879348759892,0.)));
#9401=IFCINDEXEDPOLYCURVE(#9400,(IFCLINEINDEX((1,2,3,4,1))),$);
#9402=IFCARBITRARYCLOSEDPROFILEDEF(.AREA.,$,#9401);
#9403=IFCCARTESIANPOINT((0.,0.,0.));
#9404=IFCDIRECTION((0.,0.,1.));
#9405=IFCDIRECTION((1.,0.,0.));
#9406=IFCAXIS2PLACEMENT3D(#9403,#9404,#9405);
#9407=IFCDIRECTION((0.,0.,1.));
#9408=IFCEXTRUDEDAREASOLID(#9402,#9406,#9407,3.);
#9409=IFCSHAPEREPRESENTATION(#11,'Body','SweptSolid',(#9408));
#9410=IFCCARTESIANPOINTLIST2D(((0.,0.),(9.6111879348759892,0.)));
#9411=IFCINDEXEDPOLYCURVE(#9410,$,$);
#9412=IFCSHAPEREPRESENTATION(#23,'Axis','Curve2D',(#9411));
#9413=IFCDOORTYPE('3H46VjsAj89BZpLldiVoDo',$,'BEDROOM 2 - 2F - 1',$,$,(#9414),(#9416,#9424,#9502),$,$,.DOOR.,.SINGLE_SWING_LEFT.,$,$);
#9414=IFCPROPERTYSET('0u2HtxuePBpuv0iZ$3JN5I',$,'BBIM_Door',$,(#9415));
#9415=IFCPROPERTYSINGLEVALUE('Data',$,IFCTEXT('{"door_type": "SINGLE_SWING_LEFT", "overall_height": 2.408238410949707, "overall_width": 0.8717502355575562, "lining_properties": {"lining_depth": 0.05000000074505806, "lining_thickness": 0.05000000074505806, "lining_offset": 0.0, "lining_to_panel_offset_x": 0.02500000037252903, "lining_to_panel_offset_y": 0.02500000037252903, "transom_thickness": 0.0, "casing_thickness": 0.07500000298023224, "casing_depth": 0.004999999888241291, "threshold_thickness": 0.02500000037252903, "threshold_depth": 0.10000000149011612, "threshold_offset": 0.0}, "panel_properties": {"panel_depth": 0.03500000014901161, "panel_width_ratio": 1.0}}'),$);
#9416=IFCREPRESENTATIONMAP(#9417,#9771);
#9417=IFCAXIS2PLACEMENT3D(#9418,#9419,#9420);
#9418=IFCCARTESIANPOINT((0.,0.,0.));
#9419=IFCDIRECTION((0.,0.,1.));
#9420=IFCDIRECTION((1.,0.,0.));
#9424=IFCREPRESENTATIONMAP(#9425,#9844);
#9425=IFCAXIS2PLACEMENT3D(#9426,#9427,#9428);
#9426=IFCCARTESIANPOINT((0.,0.,0.));
#9427=IFCDIRECTION((0.,0.,1.));
#9428=IFCDIRECTION((1.,0.,0.));
#9502=IFCREPRESENTATIONMAP(#9503,#9862);
#9503=IFCAXIS2PLACEMENT3D(#9504,#9505,#9506);
#9504=IFCCARTESIANPOINT((0.,0.,0.));
#9505=IFCDIRECTION((0.,0.,1.));
#9506=IFCDIRECTION((1.,0.,0.));
#9704=IFCDOOR('0PNCHu4vz61eQZtJc3aQQb',$,'Door',$,$,#9887,#9713,$,2.408238410949707,0.87175023555755615,$,.SINGLE_SWING_LEFT.,$);
#9705=IFCRELDEFINESBYTYPE('1DFbp0S2bAsvzI1clhZqIc',$,$,$,(#9704),#9413);
#9706=IFCCARTESIANPOINT((0.,0.,0.));
#9707=IFCDIRECTION((1.,0.,0.));
#9708=IFCDIRECTION((0.,1.,0.));
#9709=IFCDIRECTION((0.,0.,1.));
#9710=IFCCARTESIANTRANSFORMATIONOPERATOR3D(#9707,#9708,#9706,1.,#9709);
#9711=IFCMAPPEDITEM(#9416,#9710);
#9712=IFCSHAPEREPRESENTATION(#18,'Profile','MappedRepresentation',(#9711));
#9713=IFCPRODUCTDEFINITIONSHAPE($,$,(#9712,#9720,#9727));
#9714=IFCCARTESIANPOINT((0.,0.,0.));
#9715=IFCDIRECTION((1.,0.,0.));
#9716=IFCDIRECTION((0.,1.,0.));
#9717=IFCDIRECTION((0.,0.,1.));
#9718=IFCCARTESIANTRANSFORMATIONOPERATOR3D(#9715,#9716,#9714,1.,#9717);
#9719=IFCMAPPEDITEM(#9424,#9718);
#9720=IFCSHAPEREPRESENTATION(#11,'Body','MappedRepresentation',(#9719));
#9721=IFCCARTESIANPOINT((0.,0.,0.));
#9722=IFCDIRECTION((1.,0.,0.));
#9723=IFCDIRECTION((0.,1.,0.));
#9724=IFCDIRECTION((0.,0.,1.));
#9725=IFCCARTESIANTRANSFORMATIONOPERATOR3D(#9722,#9723,#9721,1.,#9724);
#9726=IFCMAPPEDITEM(#9502,#9725);
#9727=IFCSHAPEREPRESENTATION(#24,'Body','MappedRepresentation',(#9726));
#9728=IFCOPENINGELEMENT('1eHyQuJYD3HRvkJuoy4A$r',$,'Opening',$,$,#9882,#9756,$,.OPENING.);
#9744=IFCCARTESIANPOINT((0.,0.,0.));
#9745=IFCDIRECTION((1.,0.,0.));
#9746=IFCDIRECTION((0.,0.,1.));
#9747=IFCAXIS2PLACEMENT3D(#9744,#9746,#9745);
#9748=IFCREPRESENTATIONMAP(#9747,#9872);
#9749=IFCCARTESIANPOINT((0.,0.,0.));
#9750=IFCDIRECTION((1.,0.,0.));
#9751=IFCDIRECTION((0.,1.,0.));
#9752=IFCDIRECTION((0.,0.,1.));
#9753=IFCCARTESIANTRANSFORMATIONOPERATOR3D(#9750,#9751,#9749,1.,#9752);
#9754=IFCMAPPEDITEM(#9748,#9753);
#9755=IFCSHAPEREPRESENTATION(#11,'Body','MappedRepresentation',(#9754));
#9756=IFCPRODUCTDEFINITIONSHAPE($,$,(#9755));
#9757=IFCRELVOIDSELEMENT('18g667JCH4aB93LVdT0X$N',$,$,$,#8069,#9728);
#9763=IFCRELFILLSELEMENT('0InbX5fzL79BVY$4WjI_2h',$,$,$,#9728,#9704);
#9769=IFCCARTESIANPOINTLIST3D(((0.,0.,0.),(0.87175023555755615,0.,0.),(0.87175023555755615,0.,2.408238410949707),(0.,0.,2.408238410949707)));
#9770=IFCINDEXEDPOLYCURVE(#9769,(IFCLINEINDEX((1,2,3,4,1))),$);
#9771=IFCSHAPEREPRESENTATION(#18,'Profile','Curve3D',(#9770));
#9772=IFCCARTESIANPOINTLIST2D(((0.,0.),(0.,2.408238410949707),(0.87175023555755615,2.408238410949707),(0.87175023555755615,0.),(0.84675023518502712,0.),(0.84675023518502712,2.383238410577178),(0.02500000037252903,2.383238410577178),(0.02500000037252903,0.)));
#9773=IFCINDEXEDPOLYCURVE(#9772,(IFCLINEINDEX((1,2,3,4,5,6,7,8,1))),$);
#9774=IFCARBITRARYCLOSEDPROFILEDEF(.AREA.,$,#9773);
#9775=IFCCARTESIANPOINT((0.,0.02500000037252903,0.));
#9776=IFCDIRECTION((0.,-1.,0.));
#9777=IFCDIRECTION((1.,0.,0.));
#9778=IFCAXIS2PLACEMENT3D(#9775,#9776,#9777);
#9779=IFCDIRECTION((0.,0.,-1.));
#9780=IFCEXTRUDEDAREASOLID(#9774,#9778,#9779,0.02500000037252903);
#9781=IFCCARTESIANPOINTLIST2D(((0.,0.),(0.,2.408238410949707),(0.87175023555755615,2.408238410949707),(0.87175023555755615,0.),(0.82175023481249809,0.),(0.82175023481249809,2.358238410204649),(0.05000000074505806,2.358238410204649),(0.05000000074505806,0.)));
#9782=IFCINDEXEDPOLYCURVE(#9781,(IFCLINEINDEX((1,2,3,4,5,6,7,8,1))),$);
#9783=IFCARBITRARYCLOSEDPROFILEDEF(.AREA.,$,#9782);
#9784=IFCCARTESIANPOINT((0.,0.,0.));
#9785=IFCDIRECTION((0.,-1.,0.));
#9786=IFCDIRECTION((1.,0.,0.));
#9787=IFCAXIS2PLACEMENT3D(#9784,#9785,#9786);
#9788=IFCDIRECTION((0.,0.,-1.));
#9789=IFCEXTRUDEDAREASOLID(#9783,#9787,#9788,0.02500000037252903);
#9790=IFCCARTESIANPOINTLIST2D(((0.,0.),(0.77175023406744003,0.),(0.77175023406744003,0.10000000149011612),(0.,0.10000000149011612)));
#9791=IFCINDEXEDPOLYCURVE(#9790,(IFCLINEINDEX((1,2,3,4,1))),$);
#9792=IFCARBITRARYCLOSEDPROFILEDEF(.AREA.,$,#9791);
#9793=IFCCARTESIANPOINT((0.05000000074505806,0.,0.));
#9794=IFCDIRECTION((0.,0.,1.));
#9795=IFCDIRECTION((1.,0.,0.));
#9796=IFCAXIS2PLACEMENT3D(#9793,#9794,#9795);
#9797=IFCDIRECTION((0.,0.,1.));
#9798=IFCEXTRUDEDAREASOLID(#9792,#9796,#9797,0.02500000037252903);
#9799=IFCCARTESIANPOINTLIST2D(((0.,0.),(0.,2.4332384131848812),(0.92175024002790451,2.4332384131848812),(0.92175024002790451,0.),(0.84675023704767227,0.),(0.84675023704767227,2.358238410204649),(0.075000002980232239,2.358238410204649),(0.075000002980232239,0.)));
#9800=IFCINDEXEDPOLYCURVE(#9799,(IFCLINEINDEX((1,2,3,4,5,6,7,8,1))),$);
#9801=IFCARBITRARYCLOSEDPROFILEDEF(.AREA.,$,#9800);
#9802=IFCCARTESIANPOINT((-0.025000002235174179,-0.004999999888241291,0.));
#9803=IFCDIRECTION((0.,-1.,0.));
#9804=IFCDIRECTION((1.,0.,0.));
#9805=IFCAXIS2PLACEMENT3D(#9802,#9803,#9804);
#9806=IFCDIRECTION((0.,0.,-1.));
#9807=IFCEXTRUDEDAREASOLID(#9801,#9805,#9806,0.004999999888241291);
#9808=IFCCARTESIANPOINTLIST2D(((0.,0.),(0.,2.4332384131848812),(0.92175024002790451,2.4332384131848812),(0.92175024002790451,0.),(0.8717502374202013,0.),(0.8717502374202013,2.383238410577178),(0.050000002607703209,2.383238410577178),(0.050000002607703209,0.)));
#9809=IFCINDEXEDPOLYCURVE(#9808,(IFCLINEINDEX((1,2,3,4,5,6,7,8,1))),$);
#9810=IFCARBITRARYCLOSEDPROFILEDEF(.AREA.,$,#9809);
#9811=IFCCARTESIANPOINT((-0.025000002235174179,0.05000000074505806,0.));
#9812=IFCDIRECTION((0.,-1.,0.));
#9813=IFCDIRECTION((1.,0.,0.));
#9814=IFCAXIS2PLACEMENT3D(#9811,#9812,#9813);
#9815=IFCDIRECTION((0.,0.,-1.));
#9816=IFCEXTRUDEDAREASOLID(#9810,#9814,#9815,0.004999999888241291);
#9817=IFCCARTESIANPOINTLIST2D(((0.,0.),(0.82175023481249809,0.),(0.82175023481249809,0.035000000149011612),(0.,0.035000000149011612)));
#9818=IFCINDEXEDPOLYCURVE(#9817,(IFCLINEINDEX((1,2,3,4,1))),$);
#9819=IFCARBITRARYCLOSEDPROFILEDEF(.AREA.,$,#9818);
#9820=IFCCARTESIANPOINT((0.02500000037252903,0.02500000037252903,0.02500000037252903));
#9821=IFCDIRECTION((0.,0.,1.));
#9822=IFCDIRECTION((1.,0.,0.));
#9823=IFCAXIS2PLACEMENT3D(#9820,#9821,#9822);
#9824=IFCDIRECTION((0.,0.,1.));
#9825=IFCEXTRUDEDAREASOLID(#9819,#9823,#9824,2.358238410204649);
#9826=IFCCARTESIANPOINTLIST2D(((0.,0.),(0.,-0.040000000000000001),(-0.11999999999999988,-0.040000000000000001),(-0.11999999999999988,-0.02),(-0.020000000000000018,-0.02),(-0.020000000000000018,0.)));
#9827=IFCINDEXEDPOLYCURVE(#9826,(IFCLINEINDEX((1,2,3,4,5,6,1))),$);
#9828=IFCARBITRARYCLOSEDPROFILEDEF(.AREA.,$,#9827);
#9829=IFCCARTESIANPOINT((0.79675023518502708,0.02500000037252903,1.015000000372529));
#9830=IFCDIRECTION((0.,0.,1.));
#9831=IFCDIRECTION((1.,0.,0.));
#9832=IFCAXIS2PLACEMENT3D(#9829,#9830,#9831);
#9833=IFCDIRECTION((0.,0.,1.));
#9834=IFCEXTRUDEDAREASOLID(#9828,#9832,#9833,0.02);
#9835=IFCEXTRUDEDAREASOLID(#9836,#9839,#9843,0.02);
#9836=IFCARBITRARYCLOSEDPROFILEDEF(.AREA.,$,#9837);
#9837=IFCINDEXEDPOLYCURVE(#9838,(IFCLINEINDEX((1,2,3,4,5,6,1))),$);
#9838=IFCCARTESIANPOINTLIST2D(((0.,0.),(0.,0.040000000000000008),(-0.11999999999999988,0.040000000000000008),(-0.11999999999999988,0.020000000000000004),(-0.020000000000000018,0.020000000000000004),(-0.020000000000000018,0.)));
#9839=IFCAXIS2PLACEMENT3D(#9840,#9841,#9842);
#9840=IFCCARTESIANPOINT((0.79675023518502708,0.060000000521540642,1.015000000372529));
#9841=IFCDIRECTION((0.,0.,1.));
#9842=IFCDIRECTION((1.,0.,0.));
#9843=IFCDIRECTION((0.,0.,1.));
#9844=IFCSHAPEREPRESENTATION(#11,'Body','SweptSolid',(#9780,#9789,#9825,#9834,#9835,#9798,#9807,#9816));
#9845=IFCSHAPEREPRESENTATION(#11,'Body','SweptSolid',(#9780,#9789,#9798,#9807,#9816));
#9846=IFCSHAPEASPECT((#9845),'Lining',$,.T.,#9713);
#9847=IFCSHAPEREPRESENTATION(#11,'Body','SweptSolid',(#9825,#9834,#9835));
#9848=IFCSHAPEASPECT((#9847),'Framing',$,.T.,#9713);
#9849=IFCCARTESIANPOINTLIST2D(((0.,0.),(0.,0.05000000074505806),(0.02500000037252903,0.05000000074505806),(0.02500000037252903,0.02500000037252903),(0.05000000074505806,0.02500000037252903),(0.05000000074505806,0.)));
#9850=IFCINDEXEDPOLYCURVE(#9849,(IFCLINEINDEX((1,2,3,4,5,6,1))),$);
#9851=IFCINDEXEDPOLYCURVE(#9852,(IFCLINEINDEX((1,2,3,4,5,6,1))),$);
#9852=IFCCARTESIANPOINTLIST2D(((0.87175023555755615,0.),(0.87175023555755615,0.05000000074505806),(0.84675023518502712,0.05000000074505806),(0.84675023518502712,0.02500000037252903),(0.82175023481249809,0.02500000037252903),(0.82175023481249809,0.)));
#9853=IFCDIRECTION((1.,0.));
#9854=IFCCARTESIANPOINT((0.060000000521540642,0.05000000074505806));
#9855=IFCAXIS2PLACEMENT2D(#9854,#9853);
#9856=IFCELLIPSE(#9855,0.78675023466348648,0.82175023481249809);
#9857=IFCCARTESIANPOINT((0.84675023518502712,0.05000000074505806));
#9858=IFCCARTESIANPOINT((0.060000000521540642,0.87175023555755615));
#9859=IFCTRIMMEDCURVE(#9856,(#9857),(#9858),.T.,.CARTESIAN.);
#9860=IFCCARTESIANPOINTLIST2D(((0.02500000037252903,0.05000000074505806),(0.060000000521540642,0.05000000074505806),(0.060000000521540642,0.87175023555755615),(0.02500000037252903,0.87175023555755615)));
#9861=IFCINDEXEDPOLYCURVE(#9860,(IFCLINEINDEX((1,2,3,4,1))),$);
#9862=IFCSHAPEREPRESENTATION(#24,'Body','Curve2D',(#9850,#9851,#9859,#9861));
#9863=IFCCARTESIANPOINTLIST2D(((0.,0.),(0.87175023555755615,0.),(0.87175023555755615,2.408238410949707),(0.,2.408238410949707)));
#9864=IFCINDEXEDPOLYCURVE(#9863,(IFCLINEINDEX((1,2,3,4,1))),$);
#9865=IFCARBITRARYCLOSEDPROFILEDEF(.AREA.,$,#9864);
#9866=IFCCARTESIANPOINT((0.,-0.60000002384185791,0.));
#9867=IFCDIRECTION((0.,-1.,0.));
#9868=IFCDIRECTION((1.,0.,0.));
#9869=IFCAXIS2PLACEMENT3D(#9866,#9867,#9868);
#9870=IFCDIRECTION((0.,0.,-1.));
#9871=IFCEXTRUDEDAREASOLID(#9865,#9869,#9870,1.2);
#9872=IFCSHAPEREPRESENTATION(#11,'Body','SweptSolid',(#9871));
#9878=IFCCARTESIANPOINT((0.27170458951373827,0.015000048743913919,0.));
#9879=IFCDIRECTION((0.,0.,1.));
#9880=IFCDIRECTION((0.99999999999998479,-1.7484555314694642E-07,0.));
#9881=IFCAXIS2PLACEMENT3D(#9878,#9879,#9880);
#9882=IFCLOCALPLACEMENT(#9207,#9881);
#9883=IFCCARTESIANPOINT((0.,0.,0.));
#9884=IFCDIRECTION((0.,0.,1.));
#9885=IFCDIRECTION((1.0000000000000002,-2.6469779601696886E-23,0.));
#9886=IFCAXIS2PLACEMENT3D(#9883,#9884,#9885);
#9887=IFCLOCALPLACEMENT(#9882,#9886);
#9888=IFCDOORTYPE('0XnaTwVVH37frLeDwT$FxL',$,'BEDROOM 2 - 2F - 2',$,$,(#9889),(#9891,#9899,#9977),$,$,.DOOR.,.SINGLE_SWING_LEFT.,$,$);
#9889=IFCPROPERTYSET('10rYs_M_v1av_m9IlHJsm4',$,'BBIM_Door',$,(#9890));
#9890=IFCPROPERTYSINGLEVALUE('Data',$,IFCTEXT('{"door_type": "SINGLE_SWING_RIGHT", "overall_height": 2.408238410949707, "overall_width": 0.870337724685669, "lining_properties": {"lining_depth": 0.05000000074505806, "lining_thickness": 0.05000000074505806, "lining_offset": 0.0, "lining_to_panel_offset_x": 0.02500000037252903, "lining_to_panel_offset_y": 0.02500000037252903, "transom_thickness": 0.0, "casing_thickness": 0.07500000298023224, "casing_depth": 0.004999999888241291, "threshold_thickness": 0.02500000037252903, "threshold_depth": 0.10000000149011612, "threshold_offset": 0.0}, "panel_properties": {"panel_depth": 0.03500000014901161, "panel_width_ratio": 1.0}}'),$);
#9891=IFCREPRESENTATIONMAP(#9892,#10063);
#9892=IFCAXIS2PLACEMENT3D(#9893,#9894,#9895);
#9893=IFCCARTESIANPOINT((0.,0.,0.));
#9894=IFCDIRECTION((0.,0.,1.));
#9895=IFCDIRECTION((1.,0.,0.));
#9899=IFCREPRESENTATIONMAP(#9900,#10136);
#9900=IFCAXIS2PLACEMENT3D(#9901,#9902,#9903);
#9901=IFCCARTESIANPOINT((0.,0.,0.));
#9902=IFCDIRECTION((0.,0.,1.));
#9903=IFCDIRECTION((1.,0.,0.));
#9977=IFCREPRESENTATIONMAP(#9978,#10154);
#9978=IFCAXIS2PLACEMENT3D(#9979,#9980,#9981);
#9979=IFCCARTESIANPOINT((0.,0.,0.));
#9980=IFCDIRECTION((0.,0.,1.));
#9981=IFCDIRECTION((1.,0.,0.));
#9996=IFCDOOR('2bemig5Lf2rBSp6gP089Ke',$,'Door',$,$,#10179,#10005,$,2.408238410949707,0.87033772468566895,$,.SINGLE_SWING_RIGHT.,$);
#9997=IFCRELDEFINESBYTYPE('2LHmeKgXX1qPhusHZdesbh',$,$,$,(#9996),#9888);
#9998=IFCCARTESIANPOINT((0.,0.,0.));
#9999=IFCDIRECTION((1.,0.,0.));
#10000=IFCDIRECTION((0.,1.,0.));
#10001=IFCDIRECTION((0.,0.,1.));
#10002=IFCCARTESIANTRANSFORMATIONOPERATOR3D(#9999,#10000,#9998,1.,#10001);
#10003=IFCMAPPEDITEM(#9891,#10002);
#10004=IFCSHAPEREPRESENTATION(#18,'Profile','MappedRepresentation',(#10003));
#10005=IFCPRODUCTDEFINITIONSHAPE($,$,(#10004,#10012,#10019));
#10006=IFCCARTESIANPOINT((0.,0.,0.));
#10007=IFCDIRECTION((1.,0.,0.));
#10008=IFCDIRECTION((0.,1.,0.));
#10009=IFCDIRECTION((0.,0.,1.));
#10010=IFCCARTESIANTRANSFORMATIONOPERATOR3D(#10007,#10008,#10006,1.,#10009);
#10011=IFCMAPPEDITEM(#9899,#10010);
#10012=IFCSHAPEREPRESENTATION(#11,'Body','MappedRepresentation',(#10011));
#10013=IFCCARTESIANPOINT((0.,0.,0.));
#10014=IFCDIRECTION((1.,0.,0.));
#10015=IFCDIRECTION((0.,1.,0.));
#10016=IFCDIRECTION((0.,0.,1.));
#10017=IFCCARTESIANTRANSFORMATIONOPERATOR3D(#10014,#10015,#10013,1.,#10016);
#10018=IFCMAPPEDITEM(#9977,#10017);
#10019=IFCSHAPEREPRESENTATION(#24,'Body','MappedRepresentation',(#10018));
#10020=IFCOPENINGELEMENT('2F45rW3_X2ZeUlOdpSzzzO',$,'Opening',$,$,#10174,#10048,$,.OPENING.);
#10036=IFCCARTESIANPOINT((0.,0.,0.));
#10037=IFCDIRECTION((1.,0.,0.));
#10038=IFCDIRECTION((0.,0.,1.));
#10039=IFCAXIS2PLACEMENT3D(#10036,#10038,#10037);
#10040=IFCREPRESENTATIONMAP(#10039,#10164);
#10041=IFCCARTESIANPOINT((0.,0.,0.));
#10042=IFCDIRECTION((1.,0.,0.));
#10043=IFCDIRECTION((0.,1.,0.));
#10044=IFCDIRECTION((0.,0.,1.));
#10045=IFCCARTESIANTRANSFORMATIONOPERATOR3D(#10042,#10043,#10041,1.,#10044);
#10046=IFCMAPPEDITEM(#10040,#10045);
#10047=IFCSHAPEREPRESENTATION(#11,'Body','MappedRepresentation',(#10046));
#10048=IFCPRODUCTDEFINITIONSHAPE($,$,(#10047));
#10049=IFCRELVOIDSELEMENT('28iYbRgJLAb9EF10zIH5ZD',$,$,$,#9343,#10020);
#10055=IFCRELFILLSELEMENT('1HdbXXs4r9kxi6a8tQxlq9',$,$,$,#10020,#9996);
#10061=IFCCARTESIANPOINTLIST3D(((0.,0.,0.),(0.87033772468566895,0.,0.),(0.87033772468566895,0.,2.408238410949707),(0.,0.,2.408238410949707)));
#10062=IFCINDEXEDPOLYCURVE(#10061,(IFCLINEINDEX((1,2,3,4,1))),$);
#10063=IFCSHAPEREPRESENTATION(#18,'Profile','Curve3D',(#10062));
#10064=IFCCARTESIANPOINTLIST2D(((0.,0.),(0.,2.408238410949707),(0.87033772468566895,2.408238410949707),(0.87033772468566895,0.),(0.84533772431313992,0.),(0.84533772431313992,2.383238410577178),(0.02500000037252903,2.383238410577178),(0.02500000037252903,0.)));
#10065=IFCINDEXEDPOLYCURVE(#10064,(IFCLINEINDEX((1,2,3,4,5,6,7,8,1))),$);
#10066=IFCARBITRARYCLOSEDPROFILEDEF(.AREA.,$,#10065);
#10067=IFCCARTESIANPOINT((0.,0.02500000037252903,0.));
#10068=IFCDIRECTION((0.,-1.,0.));
#10069=IFCDIRECTION((1.,0.,0.));
#10070=IFCAXIS2PLACEMENT3D(#10067,#10068,#10069);
#10071=IFCDIRECTION((0.,0.,-1.));
#10072=IFCEXTRUDEDAREASOLID(#10066,#10070,#10071,0.02500000037252903);
#10073=IFCCARTESIANPOINTLIST2D(((0.,0.),(0.,2.408238410949707),(0.87033772468566895,2.408238410949707),(0.87033772468566895,0.),(0.82033772394061089,0.),(0.82033772394061089,2.358238410204649),(0.05000000074505806,2.358238410204649),(0.05000000074505806,0.)));
#10074=IFCINDEXEDPOLYCURVE(#10073,(IFCLINEINDEX((1,2,3,4,5,6,7,8,1))),$);
#10075=IFCARBITRARYCLOSEDPROFILEDEF(.AREA.,$,#10074);
#10076=IFCCARTESIANPOINT((0.,0.,0.));
#10077=IFCDIRECTION((0.,-1.,0.));
#10078=IFCDIRECTION((1.,0.,0.));
#10079=IFCAXIS2PLACEMENT3D(#10076,#10077,#10078);
#10080=IFCDIRECTION((0.,0.,-1.));
#10081=IFCEXTRUDEDAREASOLID(#10075,#10079,#10080,0.02500000037252903);
#10082=IFCCARTESIANPOINTLIST2D(((0.,0.),(0.77033772319555283,0.),(0.77033772319555283,0.10000000149011612),(0.,0.10000000149011612)));
#10083=IFCINDEXEDPOLYCURVE(#10082,(IFCLINEINDEX((1,2,3,4,1))),$);
#10084=IFCARBITRARYCLOSEDPROFILEDEF(.AREA.,$,#10083);
#10085=IFCCARTESIANPOINT((0.05000000074505806,0.,0.));
#10086=IFCDIRECTION((0.,0.,1.));
#10087=IFCDIRECTION((1.,0.,0.));
#10088=IFCAXIS2PLACEMENT3D(#10085,#10086,#10087);
#10089=IFCDIRECTION((0.,0.,1.));
#10090=IFCEXTRUDEDAREASOLID(#10084,#10088,#10089,0.02500000037252903);
#10091=IFCCARTESIANPOINTLIST2D(((0.,0.),(0.,2.4332384131848812),(0.9203377291560173,2.4332384131848812),(0.9203377291560173,0.),(0.84533772617578506,0.),(0.84533772617578506,2.358238410204649),(0.075000002980232239,2.358238410204649),(0.075000002980232239,0.)));
#10092=IFCINDEXEDPOLYCURVE(#10091,(IFCLINEINDEX((1,2,3,4,5,6,7,8,1))),$);
#10093=IFCARBITRARYCLOSEDPROFILEDEF(.AREA.,$,#10092);
#10094=IFCCARTESIANPOINT((-0.025000002235174179,-0.004999999888241291,0.));
#10095=IFCDIRECTION((0.,-1.,0.));
#10096=IFCDIRECTION((1.,0.,0.));
#10097=IFCAXIS2PLACEMENT3D(#10094,#10095,#10096);
#10098=IFCDIRECTION((0.,0.,-1.));
#10099=IFCEXTRUDEDAREASOLID(#10093,#10097,#10098,0.004999999888241291);
#10100=IFCCARTESIANPOINTLIST2D(((0.,0.),(0.,2.4332384131848812),(0.9203377291560173,2.4332384131848812),(0.9203377291560173,0.),(0.87033772654831409,0.),(0.87033772654831409,2.383238410577178),(0.050000002607703209,2.383238410577178),(0.050000002607703209,0.)));
#10101=IFCINDEXEDPOLYCURVE(#10100,(IFCLINEINDEX((1,2,3,4,5,6,7,8,1))),$);
#10102=IFCARBITRARYCLOSEDPROFILEDEF(.AREA.,$,#10101);
#10103=IFCCARTESIANPOINT((-0.025000002235174179,0.05000000074505806,0.));
#10104=IFCDIRECTION((0.,-1.,0.));
#10105=IFCDIRECTION((1.,0.,0.));
#10106=IFCAXIS2PLACEMENT3D(#10103,#10104,#10105);
#10107=IFCDIRECTION((0.,0.,-1.));
#10108=IFCEXTRUDEDAREASOLID(#10102,#10106,#10107,0.004999999888241291);
#10109=IFCCARTESIANPOINTLIST2D(((0.,0.),(0.82033772394061089,0.),(0.82033772394061089,0.035000000149011612),(0.,0.035000000149011612)));
#10110=IFCINDEXEDPOLYCURVE(#10109,(IFCLINEINDEX((1,2,3,4,1))),$);
#10111=IFCARBITRARYCLOSEDPROFILEDEF(.AREA.,$,#10110);
#10112=IFCCARTESIANPOINT((0.02500000037252903,0.02500000037252903,0.02500000037252903));
#10113=IFCDIRECTION((0.,0.,1.));
#10114=IFCDIRECTION((1.,0.,0.));
#10115=IFCAXIS2PLACEMENT3D(#10112,#10113,#10114);
#10116=IFCDIRECTION((0.,0.,1.));
#10117=IFCEXTRUDEDAREASOLID(#10111,#10115,#10116,2.358238410204649);
#10118=IFCCARTESIANPOINTLIST2D(((0.,0.),(0.,-0.040000000000000001),(0.12,-0.040000000000000001),(0.12,-0.02),(0.02,-0.02),(0.02,0.)));
#10119=IFCINDEXEDPOLYCURVE(#10118,(IFCLINEINDEX((1,2,3,4,5,6,1))),$);
#10120=IFCARBITRARYCLOSEDPROFILEDEF(.AREA.,$,#10119);
#10121=IFCCARTESIANPOINT((0.075000000372529033,0.02500000037252903,1.015000000372529));
#10122=IFCDIRECTION((0.,0.,1.));
#10123=IFCDIRECTION((1.,0.,0.));
#10124=IFCAXIS2PLACEMENT3D(#10121,#10122,#10123);
#10125=IFCDIRECTION((0.,0.,1.));
#10126=IFCEXTRUDEDAREASOLID(#10120,#10124,#10125,0.02);
#10127=IFCEXTRUDEDAREASOLID(#10128,#10131,#10135,0.02);
#10128=IFCARBITRARYCLOSEDPROFILEDEF(.AREA.,$,#10129);
#10129=IFCINDEXEDPOLYCURVE(#10130,(IFCLINEINDEX((1,2,3,4,5,6,1))),$);
#10130=IFCCARTESIANPOINTLIST2D(((0.,0.),(0.,0.040000000000000008),(0.11999999999999998,0.040000000000000008),(0.11999999999999998,0.020000000000000004),(0.020000000000000004,0.020000000000000004),(0.020000000000000004,0.)));
#10131=IFCAXIS2PLACEMENT3D(#10132,#10133,#10134);
#10132=IFCCARTESIANPOINT((0.075000000372529033,0.060000000521540642,1.015000000372529));
#10133=IFCDIRECTION((0.,0.,1.));
#10134=IFCDIRECTION((1.,0.,0.));
#10135=IFCDIRECTION((0.,0.,1.));
#10136=IFCSHAPEREPRESENTATION(#11,'Body','SweptSolid',(#10072,#10081,#10117,#10126,#10127,#10090,#10099,#10108));
#10137=IFCSHAPEREPRESENTATION(#11,'Body','SweptSolid',(#10072,#10081,#10090,#10099,#10108));
#10138=IFCSHAPEASPECT((#10137),'Lining',$,.T.,#10005);
#10139=IFCSHAPEREPRESENTATION(#11,'Body','SweptSolid',(#10117,#10126,#10127));
#10140=IFCSHAPEASPECT((#10139),'Framing',$,.T.,#10005);
#10141=IFCCARTESIANPOINTLIST2D(((0.,0.),(0.,0.05000000074505806),(0.02500000037252903,0.05000000074505806),(0.02500000037252903,0.02500000037252903),(0.05000000074505806,0.02500000037252903),(0.05000000074505806,0.)));
#10142=IFCINDEXEDPOLYCURVE(#10141,(IFCLINEINDEX((1,2,3,4,5,6,1))),$);
#10143=IFCINDEXEDPOLYCURVE(#10144,(IFCLINEINDEX((1,2,3,4,5,6,1))),$);
#10144=IFCCARTESIANPOINTLIST2D(((0.87033772468566895,0.),(0.87033772468566895,0.05000000074505806),(0.84533772431313992,0.05000000074505806),(0.84533772431313992,0.02500000037252903),(0.82033772394061089,0.02500000037252903),(0.82033772394061089,0.)));
#10145=IFCDIRECTION((1.,0.));
#10146=IFCCARTESIANPOINT((0.8103377241641283,0.05000000074505806));
#10147=IFCAXIS2PLACEMENT2D(#10146,#10145);
#10148=IFCELLIPSE(#10147,0.78533772379159927,0.82033772394061089);
#10149=IFCCARTESIANPOINT((0.8103377241641283,0.87033772468566895));
#10150=IFCCARTESIANPOINT((0.02500000037252903,0.05000000074505806));
#10151=IFCTRIMMEDCURVE(#10148,(#10149),(#10150),.T.,.CARTESIAN.);
#10152=IFCCARTESIANPOINTLIST2D(((0.84533772431313992,0.05000000074505806),(0.8103377241641283,0.05000000074505806),(0.8103377241641283,0.87033772468566895),(0.84533772431313992,0.87033772468566895)));
#10153=IFCINDEXEDPOLYCURVE(#10152,(IFCLINEINDEX((1,2,3,4,1))),$);
#10154=IFCSHAPEREPRESENTATION(#24,'Body','Curve2D',(#10142,#10143,#10151,#10153));
#10155=IFCCARTESIANPOINTLIST2D(((0.,0.),(0.87033772468566895,0.),(0.87033772468566895,2.408238410949707),(0.,2.408238410949707)));
#10156=IFCINDEXEDPOLYCURVE(#10155,(IFCLINEINDEX((1,2,3,4,1))),$);
#10157=IFCARBITRARYCLOSEDPROFILEDEF(.AREA.,$,#10156);
#10158=IFCCARTESIANPOINT((0.,-0.60000002384185791,0.));
#10159=IFCDIRECTION((0.,-1.,0.));
#10160=IFCDIRECTION((1.,0.,0.));
#10161=IFCAXIS2PLACEMENT3D(#10158,#10159,#10160);
#10162=IFCDIRECTION((0.,0.,-1.));
#10163=IFCEXTRUDEDAREASOLID(#10157,#10161,#10162,1.2);
#10164=IFCSHAPEREPRESENTATION(#11,'Body','SweptSolid',(#10163));
#10170=IFCCARTESIANPOINT((1.0370743572711945,0.099999994039535522,0.));
#10171=IFCDIRECTION((0.,0.,1.));
#10172=IFCDIRECTION((-0.99999999999998868,1.5099580252808492E-07,0.));
#10173=IFCAXIS2PLACEMENT3D(#10170,#10171,#10172);
#10174=IFCLOCALPLACEMENT(#9385,#10173);
#10175=IFCCARTESIANPOINT((0.,0.,0.));
#10176=IFCDIRECTION((0.,0.,1.));
#10177=IFCDIRECTION((1.,0.,0.));
#10178=IFCAXIS2PLACEMENT3D(#10175,#10176,#10177);
#10179=IFCLOCALPLACEMENT(#10174,#10178);
#10180=IFCDOORTYPE('0m$AOQt916JBI3GMlVgLbw',$,'BEDROOM 1 - 2F',$,$,(#10181),(#10183,#10191,#10269),$,$,.DOOR.,.SINGLE_SWING_LEFT.,$,$);
#10181=IFCPROPERTYSET('1ForaKBu19kAv1KvqBlP7U',$,'BBIM_Door',$,(#10182));
#10182=IFCPROPERTYSINGLEVALUE('Data',$,IFCTEXT('{"door_type": "SINGLE_SWING_LEFT", "overall_height": 2.408238410949707, "overall_width": 0.8432744741439819, "lining_properties": {"lining_depth": 0.05000000074505806, "lining_thickness": 0.05000000074505806, "lining_offset": 0.0, "lining_to_panel_offset_x": 0.02500000037252903, "lining_to_panel_offset_y": 0.02500000037252903, "transom_thickness": 0.0, "casing_thickness": 0.07500000298023224, "casing_depth": 0.004999999888241291, "threshold_thickness": 0.02500000037252903, "threshold_depth": 0.10000000149011612, "threshold_offset": 0.0}, "panel_properties": {"panel_depth": 0.03500000014901161, "panel_width_ratio": 1.0}}'),$);
#10183=IFCREPRESENTATIONMAP(#10184,#10693);
#10184=IFCAXIS2PLACEMENT3D(#10185,#10186,#10187);
#10185=IFCCARTESIANPOINT((0.,0.,0.));
#10186=IFCDIRECTION((0.,0.,1.));
#10187=IFCDIRECTION((1.,0.,0.));
#10191=IFCREPRESENTATIONMAP(#10192,#10766);
#10192=IFCAXIS2PLACEMENT3D(#10193,#10194,#10195);
#10193=IFCCARTESIANPOINT((0.,0.,0.));
#10194=IFCDIRECTION((0.,0.,1.));
#10195=IFCDIRECTION((1.,0.,0.));
#10269=IFCREPRESENTATIONMAP(#10270,#10780);
#10270=IFCAXIS2PLACEMENT3D(#10271,#10272,#10273);
#10271=IFCCARTESIANPOINT((0.,0.,0.));
#10272=IFCDIRECTION((0.,0.,1.));
#10273=IFCDIRECTION((1.,0.,0.));
#10288=IFCDOOR('0bKiJFQbzB1u$Ij5WtOLRc',$,'Door',$,$,#10805,#10297,$,2.408238410949707,0.84327447414398193,$,.SINGLE_SWING_LEFT.,$);
#10289=IFCRELDEFINESBYTYPE('3Yb2C7NwT7COaCMA4PKb1r',$,$,$,(#10288),#10180);
#10290=IFCCARTESIANPOINT((0.,0.,0.));
#10291=IFCDIRECTION((1.,0.,0.));
#10292=IFCDIRECTION((0.,1.,0.));
#10293=IFCDIRECTION((0.,0.,1.));
#10294=IFCCARTESIANTRANSFORMATIONOPERATOR3D(#10291,#10292,#10290,1.,#10293);
#10295=IFCMAPPEDITEM(#10183,#10294);
#10296=IFCSHAPEREPRESENTATION(#18,'Profile','MappedRepresentation',(#10295));
#10297=IFCPRODUCTDEFINITIONSHAPE($,$,(#10296,#10304,#10311));
#10298=IFCCARTESIANPOINT((0.,0.,0.));
#10299=IFCDIRECTION((1.,0.,0.));
#10300=IFCDIRECTION((0.,1.,0.));
#10301=IFCDIRECTION((0.,0.,1.));
#10302=IFCCARTESIANTRANSFORMATIONOPERATOR3D(#10299,#10300,#10298,1.,#10301);
#10303=IFCMAPPEDITEM(#10191,#10302);
#10304=IFCSHAPEREPRESENTATION(#11,'Body','MappedRepresentation',(#10303));
#10305=IFCCARTESIANPOINT((0.,0.,0.));
#10306=IFCDIRECTION((1.,0.,0.));
#10307=IFCDIRECTION((0.,1.,0.));
#10308=IFCDIRECTION((0.,0.,1.));
#10309=IFCCARTESIANTRANSFORMATIONOPERATOR3D(#10306,#10307,#10305,1.,#10308);
#10310=IFCMAPPEDITEM(#10269,#10309);
#10311=IFCSHAPEREPRESENTATION(#24,'Body','MappedRepresentation',(#10310));
#10312=IFCOPENINGELEMENT('3QgAUY_Zv1VPvX_vde4gOj',$,'Opening',$,$,#10800,#10340,$,.OPENING.);
#10328=IFCCARTESIANPOINT((0.,0.,0.));
#10329=IFCDIRECTION((1.,0.,0.));
#10330=IFCDIRECTION((0.,0.,1.));
#10331=IFCAXIS2PLACEMENT3D(#10328,#10330,#10329);
#10332=IFCREPRESENTATIONMAP(#10331,#10790);
#10333=IFCCARTESIANPOINT((0.,0.,0.));
#10334=IFCDIRECTION((1.,0.,0.));
#10335=IFCDIRECTION((0.,1.,0.));
#10336=IFCDIRECTION((0.,0.,1.));
#10337=IFCCARTESIANTRANSFORMATIONOPERATOR3D(#10334,#10335,#10333,1.,#10336);
#10338=IFCMAPPEDITEM(#10332,#10337);
#10339=IFCSHAPEREPRESENTATION(#11,'Body','MappedRepresentation',(#10338));
#10340=IFCPRODUCTDEFINITIONSHAPE($,$,(#10339));
#10341=IFCRELVOIDSELEMENT('3k3KsEbd9BW8mX2G62FYpc',$,$,$,#8766,#10312);
#10347=IFCRELFILLSELEMENT('37DpAbf6bC2wk$GCP5o$p5',$,$,$,#10312,#10288);
#10356=IFCCARTESIANPOINTLIST2D(((0.,0.),(0.,2.408238410949707),(0.84327447414398193,2.408238410949707),(0.84327447414398193,0.),(0.8182744737714529,0.),(0.8182744737714529,2.383238410577178),(0.02500000037252903,2.383238410577178),(0.02500000037252903,0.)));
#10357=IFCINDEXEDPOLYCURVE(#10356,(IFCLINEINDEX((1,2,3,4,5,6,7,8,1))),$);
#10358=IFCARBITRARYCLOSEDPROFILEDEF(.AREA.,$,#10357);
#10359=IFCCARTESIANPOINT((0.,0.02500000037252903,0.));
#10360=IFCDIRECTION((0.,-1.,0.));
#10361=IFCDIRECTION((1.,0.,0.));
#10362=IFCAXIS2PLACEMENT3D(#10359,#10360,#10361);
#10363=IFCDIRECTION((0.,0.,-1.));
#10364=IFCEXTRUDEDAREASOLID(#10358,#10362,#10363,0.02500000037252903);
#10365=IFCCARTESIANPOINTLIST2D(((0.,0.),(0.,2.408238410949707),(0.84327447414398193,2.408238410949707),(0.84327447414398193,0.),(0.79327447339892387,0.),(0.79327447339892387,2.358238410204649),(0.05000000074505806,2.358238410204649),(0.05000000074505806,0.)));
#10366=IFCINDEXEDPOLYCURVE(#10365,(IFCLINEINDEX((1,2,3,4,5,6,7,8,1))),$);
#10367=IFCARBITRARYCLOSEDPROFILEDEF(.AREA.,$,#10366);
#10368=IFCCARTESIANPOINT((0.,0.,0.));
#10369=IFCDIRECTION((0.,-1.,0.));
#10370=IFCDIRECTION((1.,0.,0.));
#10371=IFCAXIS2PLACEMENT3D(#10368,#10369,#10370);
#10372=IFCDIRECTION((0.,0.,-1.));
#10373=IFCEXTRUDEDAREASOLID(#10367,#10371,#10372,0.02500000037252903);
#10374=IFCCARTESIANPOINTLIST2D(((0.,0.),(0.74327447265386581,0.),(0.74327447265386581,0.10000000149011612),(0.,0.10000000149011612)));
#10375=IFCINDEXEDPOLYCURVE(#10374,(IFCLINEINDEX((1,2,3,4,1))),$);
#10376=IFCARBITRARYCLOSEDPROFILEDEF(.AREA.,$,#10375);
#10377=IFCCARTESIANPOINT((0.05000000074505806,0.,0.));
#10378=IFCDIRECTION((0.,0.,1.));
#10379=IFCDIRECTION((1.,0.,0.));
#10380=IFCAXIS2PLACEMENT3D(#10377,#10378,#10379);
#10381=IFCDIRECTION((0.,0.,1.));
#10382=IFCEXTRUDEDAREASOLID(#10376,#10380,#10381,0.02500000037252903);
#10383=IFCCARTESIANPOINTLIST2D(((0.,0.),(0.,2.4332384131848812),(0.89327447861433029,2.4332384131848812),(0.89327447861433029,0.),(0.81827447563409805,0.),(0.81827447563409805,2.358238410204649),(0.075000002980232239,2.358238410204649),(0.075000002980232239,0.)));
#10384=IFCINDEXEDPOLYCURVE(#10383,(IFCLINEINDEX((1,2,3,4,5,6,7,8,1))),$);
#10385=IFCARBITRARYCLOSEDPROFILEDEF(.AREA.,$,#10384);
#10386=IFCCARTESIANPOINT((-0.025000002235174179,-0.004999999888241291,0.));
#10387=IFCDIRECTION((0.,-1.,0.));
#10388=IFCDIRECTION((1.,0.,0.));
#10389=IFCAXIS2PLACEMENT3D(#10386,#10387,#10388);
#10390=IFCDIRECTION((0.,0.,-1.));
#10391=IFCEXTRUDEDAREASOLID(#10385,#10389,#10390,0.004999999888241291);
#10392=IFCCARTESIANPOINTLIST2D(((0.,0.),(0.,2.4332384131848812),(0.89327447861433029,2.4332384131848812),(0.89327447861433029,0.),(0.84327447600662708,0.),(0.84327447600662708,2.383238410577178),(0.050000002607703209,2.383238410577178),(0.050000002607703209,0.)));
#10393=IFCINDEXEDPOLYCURVE(#10392,(IFCLINEINDEX((1,2,3,4,5,6,7,8,1))),$);
#10394=IFCARBITRARYCLOSEDPROFILEDEF(.AREA.,$,#10393);
#10395=IFCCARTESIANPOINT((-0.025000002235174179,0.05000000074505806,0.));
#10396=IFCDIRECTION((0.,-1.,0.));
#10397=IFCDIRECTION((1.,0.,0.));
#10398=IFCAXIS2PLACEMENT3D(#10395,#10396,#10397);
#10399=IFCDIRECTION((0.,0.,-1.));
#10400=IFCEXTRUDEDAREASOLID(#10394,#10398,#10399,0.004999999888241291);
#10401=IFCCARTESIANPOINTLIST2D(((0.,0.),(0.79327447339892387,0.),(0.79327447339892387,0.035000000149011612),(0.,0.035000000149011612)));
#10402=IFCINDEXEDPOLYCURVE(#10401,(IFCLINEINDEX((1,2,3,4,1))),$);
#10403=IFCARBITRARYCLOSEDPROFILEDEF(.AREA.,$,#10402);
#10404=IFCCARTESIANPOINT((0.02500000037252903,0.02500000037252903,0.02500000037252903));
#10405=IFCDIRECTION((0.,0.,1.));
#10406=IFCDIRECTION((1.,0.,0.));
#10407=IFCAXIS2PLACEMENT3D(#10404,#10405,#10406);
#10408=IFCDIRECTION((0.,0.,1.));
#10409=IFCEXTRUDEDAREASOLID(#10403,#10407,#10408,2.358238410204649);
#10410=IFCCARTESIANPOINTLIST2D(((0.,0.),(0.,-0.040000000000000001),(-0.11999999999999988,-0.040000000000000001),(-0.11999999999999988,-0.02),(-0.020000000000000018,-0.02),(-0.020000000000000018,0.)));
#10411=IFCINDEXEDPOLYCURVE(#10410,(IFCLINEINDEX((1,2,3,4,5,6,1))),$);
#10412=IFCARBITRARYCLOSEDPROFILEDEF(.AREA.,$,#10411);
#10413=IFCCARTESIANPOINT((0.76827447377145286,0.02500000037252903,1.015000000372529));
#10414=IFCDIRECTION((0.,0.,1.));
#10415=IFCDIRECTION((1.,0.,0.));
#10416=IFCAXIS2PLACEMENT3D(#10413,#10414,#10415);
#10417=IFCDIRECTION((0.,0.,1.));
#10418=IFCEXTRUDEDAREASOLID(#10412,#10416,#10417,0.02);
#10419=IFCEXTRUDEDAREASOLID(#10420,#10423,#10427,0.02);
#10420=IFCARBITRARYCLOSEDPROFILEDEF(.AREA.,$,#10421);
#10421=IFCINDEXEDPOLYCURVE(#10422,(IFCLINEINDEX((1,2,3,4,5,6,1))),$);
#10422=IFCCARTESIANPOINTLIST2D(((0.,0.),(0.,0.040000000000000008),(-0.11999999999999988,0.040000000000000008),(-0.11999999999999988,0.020000000000000004),(-0.020000000000000018,0.020000000000000004),(-0.020000000000000018,0.)));
#10423=IFCAXIS2PLACEMENT3D(#10424,#10425,#10426);
#10424=IFCCARTESIANPOINT((0.76827447377145286,0.060000000521540642,1.015000000372529));
#10425=IFCDIRECTION((0.,0.,1.));
#10426=IFCDIRECTION((1.,0.,0.));
#10427=IFCDIRECTION((0.,0.,1.));
#10429=IFCSHAPEREPRESENTATION(#11,'Body','SweptSolid',(#10373,#10587,#10729,#10605,#10391,#10702,#10738,#10364,#10720,#10596,#10623,#10382,#10711,#10614,#10400));
#10430=IFCSHAPEASPECT((#10429),'Lining',$,.T.,#10297);
#10431=IFCSHAPEREPRESENTATION(#11,'Body','SweptSolid',(#10642,#10756,#10418,#10747,#10641,#10632,#10757,#10419,#10409));
#10432=IFCSHAPEASPECT((#10431),'Framing',$,.T.,#10297);
#10472=IFCCARTESIANPOINTLIST3D(((0.,0.,0.),(1.3570384979248047,0.,0.),(1.3570384979248047,0.,1.9034554958343506),(0.,0.,1.9034554958343506)));
#10473=IFCINDEXEDPOLYCURVE(#10472,(IFCLINEINDEX((1,2,3,4,1))),$);
#10474=IFCSHAPEREPRESENTATION(#18,'Profile','Curve3D',(#10473));
#10475=IFCCARTESIANPOINTLIST2D(((0.,0.),(0.,1.9034554958343506),(1.3570384979248047,1.9034554958343506),(1.3570384979248047,0.),(1.3070384971797466,0.),(1.3070384971797466,1.8534554950892925),(0.05000000074505806,1.8534554950892925),(0.05000000074505806,0.)));
#10476=IFCINDEXEDPOLYCURVE(#10475,(IFCLINEINDEX((1,2,3,4,5,6,7,8,1))),$);
#10477=IFCARBITRARYCLOSEDPROFILEDEF(.AREA.,$,#10476);
#10478=IFCCARTESIANPOINT((0.,0.,0.));
#10479=IFCDIRECTION((0.,-1.,0.));
#10480=IFCDIRECTION((1.,0.,0.));
#10481=IFCAXIS2PLACEMENT3D(#10478,#10479,#10480);
#10482=IFCDIRECTION((0.,0.,-1.));
#10483=IFCEXTRUDEDAREASOLID(#10477,#10481,#10482,0.05000000074505806);
#10484=IFCCARTESIANPOINTLIST2D(((0.,0.),(1.2570384964346886,0.),(1.2570384964346886,0.10000000149011612),(0.,0.10000000149011612)));
#10485=IFCINDEXEDPOLYCURVE(#10484,(IFCLINEINDEX((1,2,3,4,1))),$);
#10486=IFCARBITRARYCLOSEDPROFILEDEF(.AREA.,$,#10485);
#10487=IFCCARTESIANPOINT((0.05000000074505806,0.,0.));
#10488=IFCDIRECTION((0.,0.,1.));
#10489=IFCDIRECTION((1.,0.,0.));
#10490=IFCAXIS2PLACEMENT3D(#10487,#10488,#10489);
#10491=IFCDIRECTION((0.,0.,1.));
#10492=IFCEXTRUDEDAREASOLID(#10486,#10490,#10491,0.02500000037252903);
#10493=IFCCARTESIANPOINTLIST2D(((0.,0.),(0.,1.9284554980695248),(1.407038502395153,1.9284554980695248),(1.407038502395153,0.),(1.3320384994149208,0.),(1.3320384994149208,1.8534554950892925),(0.075000002980232239,1.8534554950892925),(0.075000002980232239,0.)));
#10494=IFCINDEXEDPOLYCURVE(#10493,(IFCLINEINDEX((1,2,3,4,5,6,7,8,1))),$);
#10495=IFCARBITRARYCLOSEDPROFILEDEF(.AREA.,$,#10494);
#10496=IFCCARTESIANPOINT((-0.025000002235174179,-0.004999999888241291,0.));
#10497=IFCDIRECTION((0.,-1.,0.));
#10498=IFCDIRECTION((1.,0.,0.));
#10499=IFCAXIS2PLACEMENT3D(#10496,#10497,#10498);
#10500=IFCDIRECTION((0.,0.,-1.));
#10501=IFCEXTRUDEDAREASOLID(#10495,#10499,#10500,0.004999999888241291);
#10502=IFCCARTESIANPOINTLIST2D(((0.,0.),(0.,1.9284554980695248),(1.407038502395153,1.9284554980695248),(1.407038502395153,0.),(1.3320384994149208,0.),(1.3320384994149208,1.8534554950892925),(0.075000002980232239,1.8534554950892925),(0.075000002980232239,0.)));
#10503=IFCINDEXEDPOLYCURVE(#10502,(IFCLINEINDEX((1,2,3,4,5,6,7,8,1))),$);
#10504=IFCARBITRARYCLOSEDPROFILEDEF(.AREA.,$,#10503);
#10505=IFCCARTESIANPOINT((-0.025000002235174179,0.05000000074505806,0.));
#10506=IFCDIRECTION((0.,-1.,0.));
#10507=IFCDIRECTION((1.,0.,0.));
#10508=IFCAXIS2PLACEMENT3D(#10505,#10506,#10507);
#10509=IFCDIRECTION((0.,0.,-1.));
#10510=IFCEXTRUDEDAREASOLID(#10504,#10508,#10509,0.004999999888241291);
#10511=IFCCARTESIANPOINTLIST2D(((0.,0.),(1.2570384964346886,0.),(1.2570384964346886,0.035000000149011612),(0.,0.035000000149011612)));
#10512=IFCINDEXEDPOLYCURVE(#10511,(IFCLINEINDEX((1,2,3,4,1))),$);
#10513=IFCARBITRARYCLOSEDPROFILEDEF(.AREA.,$,#10512);
#10514=IFCCARTESIANPOINT((0.05000000074505806,-0.035000000149011612,0.02500000037252903));
#10515=IFCDIRECTION((0.,0.,1.));
#10516=IFCDIRECTION((1.,0.,0.));
#10517=IFCAXIS2PLACEMENT3D(#10514,#10515,#10516);
#10518=IFCDIRECTION((0.,0.,1.));
#10519=IFCEXTRUDEDAREASOLID(#10513,#10517,#10518,1.8284554947167635);
#10520=IFCCARTESIANPOINTLIST2D(((0.,0.),(0.,-0.040000000000000001),(0.12,-0.040000000000000001),(0.12,-0.02),(0.02,-0.02),(0.02,0.)));
#10521=IFCINDEXEDPOLYCURVE(#10520,(IFCLINEINDEX((1,2,3,4,5,6,1))),$);
#10522=IFCARBITRARYCLOSEDPROFILEDEF(.AREA.,$,#10521);
#10523=IFCCARTESIANPOINT((0.10000000074505806,-0.035000000149011612,1.015000000372529));
#10524=IFCDIRECTION((0.,0.,1.));
#10525=IFCDIRECTION((1.,0.,0.));
#10526=IFCAXIS2PLACEMENT3D(#10523,#10524,#10525);
#10527=IFCDIRECTION((0.,0.,1.));
#10528=IFCEXTRUDEDAREASOLID(#10522,#10526,#10527,0.02);
#10529=IFCEXTRUDEDAREASOLID(#10530,#10533,#10537,0.02);
#10530=IFCARBITRARYCLOSEDPROFILEDEF(.AREA.,$,#10531);
#10531=IFCINDEXEDPOLYCURVE(#10532,(IFCLINEINDEX((1,2,3,4,5,6,1))),$);
#10532=IFCCARTESIANPOINTLIST2D(((0.,0.),(0.,0.040000000000000008),(0.11999999999999998,0.040000000000000008),(0.11999999999999998,0.020000000000000004),(0.020000000000000004,0.020000000000000004),(0.020000000000000004,0.)));
#10533=IFCAXIS2PLACEMENT3D(#10534,#10535,#10536);
#10534=IFCCARTESIANPOINT((0.10000000074505806,0.,1.015000000372529));
#10535=IFCDIRECTION((0.,0.,1.));
#10536=IFCDIRECTION((1.,0.,0.));
#10537=IFCDIRECTION((0.,0.,1.));
#10538=IFCSHAPEREPRESENTATION(#11,'Body','SweptSolid',(#10483,#10519,#10528,#10529,#10492,#10501,#10510));
#10539=IFCCARTESIANPOINTLIST2D(((0.,0.),(0.05000000074505806,0.),(0.05000000074505806,0.05000000074505806),(0.,0.05000000074505806)));
#10540=IFCINDEXEDPOLYCURVE(#10539,(IFCLINEINDEX((1,2,3,4,1))),$);
#10541=IFCINDEXEDPOLYCURVE(#10542,(IFCLINEINDEX((1,2,3,4,1))),$);
#10542=IFCCARTESIANPOINTLIST2D(((1.3570384979248047,0.),(1.3070384971797466,0.),(1.3070384971797466,0.05000000074505806),(1.3570384979248047,0.05000000074505806)));
#10543=IFCCARTESIANPOINTLIST2D(((1.9355577453970909,-0.035000000149011612),(0.67851924896240234,-0.035000000149011612),(0.67851924896240234,0.),(1.9355577453970909,0.)));
#10544=IFCINDEXEDPOLYCURVE(#10543,(IFCLINEINDEX((1,2,3,4,1))),$);
#10545=IFCSHAPEREPRESENTATION(#24,'Body','Curve2D',(#10540,#10541,#10544));
#10546=IFCCARTESIANPOINTLIST2D(((0.48996347449719901,-0.081587428267465345),(0.86707502342760567,-0.081587428267465345)));
#10547=IFCINDEXEDPOLYCURVE(#10546,$,$);
#10548=IFCCARTESIANPOINTLIST2D(((0.51996347449719904,-0.050529142855162856),(0.48996347449719901,-0.081587428267465345),(0.51996347449719904,-0.11264571367976783)));
#10549=IFCINDEXEDPOLYCURVE(#10548,$,$);
#10550=IFCSHAPEREPRESENTATION(#25,'Annotation','Curve2D',(#10547,#10549));
#10551=IFCCARTESIANPOINTLIST2D(((0.,0.),(1.3570384979248047,0.),(1.3570384979248047,1.9034554958343506),(0.,1.9034554958343506)));
#10552=IFCINDEXEDPOLYCURVE(#10551,(IFCLINEINDEX((1,2,3,4,1))),$);
#10553=IFCARBITRARYCLOSEDPROFILEDEF(.AREA.,$,#10552);
#10554=IFCCARTESIANPOINT((0.,-0.60000002384185791,0.));
#10555=IFCDIRECTION((0.,-1.,0.));
#10556=IFCDIRECTION((1.,0.,0.));
#10557=IFCAXIS2PLACEMENT3D(#10554,#10555,#10556);
#10558=IFCDIRECTION((0.,0.,-1.));
#10559=IFCEXTRUDEDAREASOLID(#10553,#10557,#10558,1.2);
#10560=IFCSHAPEREPRESENTATION(#11,'Body','SweptSolid',(#10559));
#10566=IFCCARTESIANPOINT((0.074845655955433132,0.025001316606235502,0.));
#10567=IFCDIRECTION((0.,0.,1.));
#10568=IFCDIRECTION((0.99999999999954514,-9.5367431640531731E-07,0.));
#10569=IFCAXIS2PLACEMENT3D(#10566,#10567,#10568);
#10570=IFCLOCALPLACEMENT(#1047,#10569);
#10571=IFCCARTESIANPOINT((2.2204460492503131E-16,0.,0.));
#10572=IFCDIRECTION((0.,0.,1.));
#10573=IFCDIRECTION((1.,4.2351647362715017E-22,0.));
#10574=IFCAXIS2PLACEMENT3D(#10571,#10572,#10573);
#10575=IFCLOCALPLACEMENT(#10570,#10574);
#10579=IFCCARTESIANPOINTLIST2D(((0.,0.),(0.,2.408238410949707),(0.84327447414398193,2.408238410949707),(0.84327447414398193,0.),(0.8182744737714529,0.),(0.8182744737714529,2.383238410577178),(0.02500000037252903,2.383238410577178),(0.02500000037252903,0.)));
#10580=IFCINDEXEDPOLYCURVE(#10579,(IFCLINEINDEX((1,2,3,4,5,6,7,8,1))),$);
#10581=IFCARBITRARYCLOSEDPROFILEDEF(.AREA.,$,#10580);
#10582=IFCCARTESIANPOINT((0.,0.02500000037252903,0.));
#10583=IFCDIRECTION((0.,-1.,0.));
#10584=IFCDIRECTION((1.,0.,0.));
#10585=IFCAXIS2PLACEMENT3D(#10582,#10583,#10584);
#10586=IFCDIRECTION((0.,0.,-1.));
#10587=IFCEXTRUDEDAREASOLID(#10581,#10585,#10586,0.02500000037252903);
#10588=IFCCARTESIANPOINTLIST2D(((0.,0.),(0.,2.408238410949707),(0.84327447414398193,2.408238410949707),(0.84327447414398193,0.),(0.79327447339892387,0.),(0.79327447339892387,2.358238410204649),(0.05000000074505806,2.358238410204649),(0.05000000074505806,0.)));
#10589=IFCINDEXEDPOLYCURVE(#10588,(IFCLINEINDEX((1,2,3,4,5,6,7,8,1))),$);
#10590=IFCARBITRARYCLOSEDPROFILEDEF(.AREA.,$,#10589);
#10591=IFCCARTESIANPOINT((0.,0.,0.));
#10592=IFCDIRECTION((0.,-1.,0.));
#10593=IFCDIRECTION((1.,0.,0.));
#10594=IFCAXIS2PLACEMENT3D(#10591,#10592,#10593);
#10595=IFCDIRECTION((0.,0.,-1.));
#10596=IFCEXTRUDEDAREASOLID(#10590,#10594,#10595,0.02500000037252903);
#10597=IFCCARTESIANPOINTLIST2D(((0.,0.),(0.74327447265386581,0.),(0.74327447265386581,0.10000000149011612),(0.,0.10000000149011612)));
#10598=IFCINDEXEDPOLYCURVE(#10597,(IFCLINEINDEX((1,2,3,4,1))),$);
#10599=IFCARBITRARYCLOSEDPROFILEDEF(.AREA.,$,#10598);
#10600=IFCCARTESIANPOINT((0.05000000074505806,0.,0.));
#10601=IFCDIRECTION((0.,0.,1.));
#10602=IFCDIRECTION((1.,0.,0.));
#10603=IFCAXIS2PLACEMENT3D(#10600,#10601,#10602);
#10604=IFCDIRECTION((0.,0.,1.));
#10605=IFCEXTRUDEDAREASOLID(#10599,#10603,#10604,0.02500000037252903);
#10606=IFCCARTESIANPOINTLIST2D(((0.,0.),(0.,2.4332384131848812),(0.89327447861433029,2.4332384131848812),(0.89327447861433029,0.),(0.81827447563409805,0.),(0.81827447563409805,2.358238410204649),(0.075000002980232239,2.358238410204649),(0.075000002980232239,0.)));
#10607=IFCINDEXEDPOLYCURVE(#10606,(IFCLINEINDEX((1,2,3,4,5,6,7,8,1))),$);
#10608=IFCARBITRARYCLOSEDPROFILEDEF(.AREA.,$,#10607);
#10609=IFCCARTESIANPOINT((-0.025000002235174179,-0.004999999888241291,0.));
#10610=IFCDIRECTION((0.,-1.,0.));
#10611=IFCDIRECTION((1.,0.,0.));
#10612=IFCAXIS2PLACEMENT3D(#10609,#10610,#10611);
#10613=IFCDIRECTION((0.,0.,-1.));
#10614=IFCEXTRUDEDAREASOLID(#10608,#10612,#10613,0.004999999888241291);
#10615=IFCCARTESIANPOINTLIST2D(((0.,0.),(0.,2.4332384131848812),(0.89327447861433029,2.4332384131848812),(0.89327447861433029,0.),(0.84327447600662708,0.),(0.84327447600662708,2.383238410577178),(0.050000002607703209,2.383238410577178),(0.050000002607703209,0.)));
#10616=IFCINDEXEDPOLYCURVE(#10615,(IFCLINEINDEX((1,2,3,4,5,6,7,8,1))),$);
#10617=IFCARBITRARYCLOSEDPROFILEDEF(.AREA.,$,#10616);
#10618=IFCCARTESIANPOINT((-0.025000002235174179,0.05000000074505806,0.));
#10619=IFCDIRECTION((0.,-1.,0.));
#10620=IFCDIRECTION((1.,0.,0.));
#10621=IFCAXIS2PLACEMENT3D(#10618,#10619,#10620);
#10622=IFCDIRECTION((0.,0.,-1.));
#10623=IFCEXTRUDEDAREASOLID(#10617,#10621,#10622,0.004999999888241291);
#10624=IFCCARTESIANPOINTLIST2D(((0.,0.),(0.79327447339892387,0.),(0.79327447339892387,0.035000000149011612),(0.,0.035000000149011612)));
#10625=IFCINDEXEDPOLYCURVE(#10624,(IFCLINEINDEX((1,2,3,4,1))),$);
#10626=IFCARBITRARYCLOSEDPROFILEDEF(.AREA.,$,#10625);
#10627=IFCCARTESIANPOINT((0.02500000037252903,0.02500000037252903,0.02500000037252903));
#10628=IFCDIRECTION((0.,0.,1.));
#10629=IFCDIRECTION((1.,0.,0.));
#10630=IFCAXIS2PLACEMENT3D(#10627,#10628,#10629);
#10631=IFCDIRECTION((0.,0.,1.));
#10632=IFCEXTRUDEDAREASOLID(#10626,#10630,#10631,2.358238410204649);
#10633=IFCCARTESIANPOINTLIST2D(((0.,0.),(0.,-0.040000000000000001),(-0.11999999999999988,-0.040000000000000001),(-0.11999999999999988,-0.02),(-0.020000000000000018,-0.02),(-0.020000000000000018,0.)));
#10634=IFCINDEXEDPOLYCURVE(#10633,(IFCLINEINDEX((1,2,3,4,5,6,1))),$);
#10635=IFCARBITRARYCLOSEDPROFILEDEF(.AREA.,$,#10634);
#10636=IFCCARTESIANPOINT((0.76827447377145286,0.02500000037252903,1.015000000372529));
#10637=IFCDIRECTION((0.,0.,1.));
#10638=IFCDIRECTION((1.,0.,0.));
#10639=IFCAXIS2PLACEMENT3D(#10636,#10637,#10638);
#10640=IFCDIRECTION((0.,0.,1.));
#10641=IFCEXTRUDEDAREASOLID(#10635,#10639,#10640,0.02);
#10642=IFCEXTRUDEDAREASOLID(#10643,#10646,#10650,0.02);
#10643=IFCARBITRARYCLOSEDPROFILEDEF(.AREA.,$,#10644);
#10644=IFCINDEXEDPOLYCURVE(#10645,(IFCLINEINDEX((1,2,3,4,5,6,1))),$);
#10645=IFCCARTESIANPOINTLIST2D(((0.,0.),(0.,0.040000000000000008),(-0.11999999999999988,0.040000000000000008),(-0.11999999999999988,0.020000000000000004),(-0.020000000000000018,0.020000000000000004),(-0.020000000000000018,0.)));
#10646=IFCAXIS2PLACEMENT3D(#10647,#10648,#10649);
#10647=IFCCARTESIANPOINT((0.76827447377145286,0.060000000521540642,1.015000000372529));
#10648=IFCDIRECTION((0.,0.,1.));
#10649=IFCDIRECTION((1.,0.,0.));
#10650=IFCDIRECTION((0.,0.,1.));
#10691=IFCCARTESIANPOINTLIST3D(((0.,0.,0.),(0.84327447414398193,0.,0.),(0.84327447414398193,0.,2.408238410949707),(0.,0.,2.408238410949707)));
#10692=IFCINDEXEDPOLYCURVE(#10691,(IFCLINEINDEX((1,2,3,4,1))),$);
#10693=IFCSHAPEREPRESENTATION(#18,'Profile','Curve3D',(#10692));
#10694=IFCCARTESIANPOINTLIST2D(((0.,0.),(0.,2.408238410949707),(0.84327447414398193,2.408238410949707),(0.84327447414398193,0.),(0.8182744737714529,0.),(0.8182744737714529,2.383238410577178),(0.02500000037252903,2.383238410577178),(0.02500000037252903,0.)));
#10695=IFCINDEXEDPOLYCURVE(#10694,(IFCLINEINDEX((1,2,3,4,5,6,7,8,1))),$);
#10696=IFCARBITRARYCLOSEDPROFILEDEF(.AREA.,$,#10695);
#10697=IFCCARTESIANPOINT((0.,0.02500000037252903,0.));
#10698=IFCDIRECTION((0.,-1.,0.));
#10699=IFCDIRECTION((1.,0.,0.));
#10700=IFCAXIS2PLACEMENT3D(#10697,#10698,#10699);
#10701=IFCDIRECTION((0.,0.,-1.));
#10702=IFCEXTRUDEDAREASOLID(#10696,#10700,#10701,0.02500000037252903);
#10703=IFCCARTESIANPOINTLIST2D(((0.,0.),(0.,2.408238410949707),(0.84327447414398193,2.408238410949707),(0.84327447414398193,0.),(0.79327447339892387,0.),(0.79327447339892387,2.358238410204649),(0.05000000074505806,2.358238410204649),(0.05000000074505806,0.)));
#10704=IFCINDEXEDPOLYCURVE(#10703,(IFCLINEINDEX((1,2,3,4,5,6,7,8,1))),$);
#10705=IFCARBITRARYCLOSEDPROFILEDEF(.AREA.,$,#10704);
#10706=IFCCARTESIANPOINT((0.,0.,0.));
#10707=IFCDIRECTION((0.,-1.,0.));
#10708=IFCDIRECTION((1.,0.,0.));
#10709=IFCAXIS2PLACEMENT3D(#10706,#10707,#10708);
#10710=IFCDIRECTION((0.,0.,-1.));
#10711=IFCEXTRUDEDAREASOLID(#10705,#10709,#10710,0.02500000037252903);
#10712=IFCCARTESIANPOINTLIST2D(((0.,0.),(0.74327447265386581,0.),(0.74327447265386581,0.10000000149011612),(0.,0.10000000149011612)));
#10713=IFCINDEXEDPOLYCURVE(#10712,(IFCLINEINDEX((1,2,3,4,1))),$);
#10714=IFCARBITRARYCLOSEDPROFILEDEF(.AREA.,$,#10713);
#10715=IFCCARTESIANPOINT((0.05000000074505806,0.,0.));
#10716=IFCDIRECTION((0.,0.,1.));
#10717=IFCDIRECTION((1.,0.,0.));
#10718=IFCAXIS2PLACEMENT3D(#10715,#10716,#10717);
#10719=IFCDIRECTION((0.,0.,1.));
#10720=IFCEXTRUDEDAREASOLID(#10714,#10718,#10719,0.02500000037252903);
#10721=IFCCARTESIANPOINTLIST2D(((0.,0.),(0.,2.4332384131848812),(0.89327447861433029,2.4332384131848812),(0.89327447861433029,0.),(0.81827447563409805,0.),(0.81827447563409805,2.358238410204649),(0.075000002980232239,2.358238410204649),(0.075000002980232239,0.)));
#10722=IFCINDEXEDPOLYCURVE(#10721,(IFCLINEINDEX((1,2,3,4,5,6,7,8,1))),$);
#10723=IFCARBITRARYCLOSEDPROFILEDEF(.AREA.,$,#10722);
#10724=IFCCARTESIANPOINT((-0.025000002235174179,-0.004999999888241291,0.));
#10725=IFCDIRECTION((0.,-1.,0.));
#10726=IFCDIRECTION((1.,0.,0.));
#10727=IFCAXIS2PLACEMENT3D(#10724,#10725,#10726);
#10728=IFCDIRECTION((0.,0.,-1.));
#10729=IFCEXTRUDEDAREASOLID(#10723,#10727,#10728,0.004999999888241291);
#10730=IFCCARTESIANPOINTLIST2D(((0.,0.),(0.,2.4332384131848812),(0.89327447861433029,2.4332384131848812),(0.89327447861433029,0.),(0.84327447600662708,0.),(0.84327447600662708,2.383238410577178),(0.050000002607703209,2.383238410577178),(0.050000002607703209,0.)));
#10731=IFCINDEXEDPOLYCURVE(#10730,(IFCLINEINDEX((1,2,3,4,5,6,7,8,1))),$);
#10732=IFCARBITRARYCLOSEDPROFILEDEF(.AREA.,$,#10731);
#10733=IFCCARTESIANPOINT((-0.025000002235174179,0.05000000074505806,0.));
#10734=IFCDIRECTION((0.,-1.,0.));
#10735=IFCDIRECTION((1.,0.,0.));
#10736=IFCAXIS2PLACEMENT3D(#10733,#10734,#10735);
#10737=IFCDIRECTION((0.,0.,-1.));
#10738=IFCEXTRUDEDAREASOLID(#10732,#10736,#10737,0.004999999888241291);
#10739=IFCCARTESIANPOINTLIST2D(((0.,0.),(0.79327447339892387,0.),(0.79327447339892387,0.035000000149011612),(0.,0.035000000149011612)));
#10740=IFCINDEXEDPOLYCURVE(#10739,(IFCLINEINDEX((1,2,3,4,1))),$);
#10741=IFCARBITRARYCLOSEDPROFILEDEF(.AREA.,$,#10740);
#10742=IFCCARTESIANPOINT((0.02500000037252903,0.02500000037252903,0.02500000037252903));
#10743=IFCDIRECTION((0.,0.,1.));
#10744=IFCDIRECTION((1.,0.,0.));
#10745=IFCAXIS2PLACEMENT3D(#10742,#10743,#10744);
#10746=IFCDIRECTION((0.,0.,1.));
#10747=IFCEXTRUDEDAREASOLID(#10741,#10745,#10746,2.358238410204649);
#10748=IFCCARTESIANPOINTLIST2D(((0.,0.),(0.,-0.040000000000000001),(-0.11999999999999988,-0.040000000000000001),(-0.11999999999999988,-0.02),(-0.020000000000000018,-0.02),(-0.020000000000000018,0.)));
#10749=IFCINDEXEDPOLYCURVE(#10748,(IFCLINEINDEX((1,2,3,4,5,6,1))),$);
#10750=IFCARBITRARYCLOSEDPROFILEDEF(.AREA.,$,#10749);
#10751=IFCCARTESIANPOINT((0.76827447377145286,0.02500000037252903,1.015000000372529));
#10752=IFCDIRECTION((0.,0.,1.));
#10753=IFCDIRECTION((1.,0.,0.));
#10754=IFCAXIS2PLACEMENT3D(#10751,#10752,#10753);
#10755=IFCDIRECTION((0.,0.,1.));
#10756=IFCEXTRUDEDAREASOLID(#10750,#10754,#10755,0.02);
#10757=IFCEXTRUDEDAREASOLID(#10758,#10761,#10765,0.02);
#10758=IFCARBITRARYCLOSEDPROFILEDEF(.AREA.,$,#10759);
#10759=IFCINDEXEDPOLYCURVE(#10760,(IFCLINEINDEX((1,2,3,4,5,6,1))),$);
#10760=IFCCARTESIANPOINTLIST2D(((0.,0.),(0.,0.040000000000000008),(-0.11999999999999988,0.040000000000000008),(-0.11999999999999988,0.020000000000000004),(-0.020000000000000018,0.020000000000000004),(-0.020000000000000018,0.)));
#10761=IFCAXIS2PLACEMENT3D(#10762,#10763,#10764);
#10762=IFCCARTESIANPOINT((0.76827447377145286,0.060000000521540642,1.015000000372529));
#10763=IFCDIRECTION((0.,0.,1.));
#10764=IFCDIRECTION((1.,0.,0.));
#10765=IFCDIRECTION((0.,0.,1.));
#10766=IFCSHAPEREPRESENTATION(#11,'Body','SweptSolid',(#10702,#10711,#10747,#10756,#10757,#10720,#10729,#10738));
#10767=IFCCARTESIANPOINTLIST2D(((0.,0.),(0.,0.05000000074505806),(0.02500000037252903,0.05000000074505806),(0.02500000037252903,0.02500000037252903),(0.05000000074505806,0.02500000037252903),(0.05000000074505806,0.)));
#10768=IFCINDEXEDPOLYCURVE(#10767,(IFCLINEINDEX((1,2,3,4,5,6,1))),$);
#10769=IFCINDEXEDPOLYCURVE(#10770,(IFCLINEINDEX((1,2,3,4,5,6,1))),$);
#10770=IFCCARTESIANPOINTLIST2D(((0.84327447414398193,0.),(0.84327447414398193,0.05000000074505806),(0.8182744737714529,0.05000000074505806),(0.8182744737714529,0.02500000037252903),(0.79327447339892387,0.02500000037252903),(0.79327447339892387,0.)));
#10771=IFCDIRECTION((1.,0.));
#10772=IFCCARTESIANPOINT((0.060000000521540642,0.05000000074505806));
#10773=IFCAXIS2PLACEMENT2D(#10772,#10771);
#10774=IFCELLIPSE(#10773,0.75827447324991226,0.79327447339892387);
#10775=IFCCARTESIANPOINT((0.8182744737714529,0.05000000074505806));
#10776=IFCCARTESIANPOINT((0.060000000521540642,0.84327447414398193));
#10777=IFCTRIMMEDCURVE(#10774,(#10775),(#10776),.T.,.CARTESIAN.);
#10778=IFCCARTESIANPOINTLIST2D(((0.02500000037252903,0.05000000074505806),(0.060000000521540642,0.05000000074505806),(0.060000000521540642,0.84327447414398193),(0.02500000037252903,0.84327447414398193)));
#10779=IFCINDEXEDPOLYCURVE(#10778,(IFCLINEINDEX((1,2,3,4,1))),$);
#10780=IFCSHAPEREPRESENTATION(#24,'Body','Curve2D',(#10768,#10769,#10777,#10779));
#10781=IFCCARTESIANPOINTLIST2D(((0.,0.),(0.84327447414398193,0.),(0.84327447414398193,2.408238410949707),(0.,2.408238410949707)));
#10782=IFCINDEXEDPOLYCURVE(#10781,(IFCLINEINDEX((1,2,3,4,1))),$);
#10783=IFCARBITRARYCLOSEDPROFILEDEF(.AREA.,$,#10782);
#10784=IFCCARTESIANPOINT((0.,-0.60000002384185791,0.));
#10785=IFCDIRECTION((0.,-1.,0.));
#10786=IFCDIRECTION((1.,0.,0.));
#10787=IFCAXIS2PLACEMENT3D(#10784,#10785,#10786);
#10788=IFCDIRECTION((0.,0.,-1.));
#10789=IFCEXTRUDEDAREASOLID(#10783,#10787,#10788,1.2);
#10790=IFCSHAPEREPRESENTATION(#11,'Body','SweptSolid',(#10789));
#10796=IFCCARTESIANPOINT((2.6220369056860267,0.10000001853900747,0.));
#10797=IFCDIRECTION((0.,0.,1.));
#10798=IFCDIRECTION((-0.99999999999999944,3.1786498766447871E-08,0.));
#10799=IFCAXIS2PLACEMENT3D(#10796,#10797,#10798);
#10800=IFCLOCALPLACEMENT(#8972,#10799);
#10801=IFCCARTESIANPOINT((-1.7763568394002505E-15,-5.5511151231257827E-17,0.));
#10802=IFCDIRECTION((0.,0.,1.));
#10803=IFCDIRECTION((1.,5.2939559203393771E-23,0.));
#10804=IFCAXIS2PLACEMENT3D(#10801,#10802,#10803);
#10805=IFCLOCALPLACEMENT(#10800,#10804);
#10806=IFCDOORTYPE('2hESgPbknFOAV1905bL4hI',$,'MASTER BEDROOM - 2F',$,$,(#10807),(#10809,#10817,#10895),$,$,.DOOR.,.SINGLE_SWING_LEFT.,$,$);
#10807=IFCPROPERTYSET('3siLKftbP7mei_ICogLA_4',$,'BBIM_Door',$,(#10808));
#10808=IFCPROPERTYSINGLEVALUE('Data',$,IFCTEXT('{"door_type": "SINGLE_SWING_RIGHT", "overall_height": 2.408238410949707, "overall_width": 0.8432744741439819, "lining_properties": {"lining_depth": 0.05000000074505806, "lining_thickness": 0.05000000074505806, "lining_offset": 0.0, "lining_to_panel_offset_x": 0.02500000037252903, "lining_to_panel_offset_y": 0.02500000037252903, "transom_thickness": 0.0, "casing_thickness": 0.07500000298023224, "casing_depth": 0.004999999888241291, "threshold_thickness": 0.02500000037252903, "threshold_depth": 0.10000000149011612, "threshold_offset": 0.0}, "panel_properties": {"panel_depth": 0.03500000014901161, "panel_width_ratio": 1.0}}'),$);
#10809=IFCREPRESENTATIONMAP(#10810,#10981);
#10810=IFCAXIS2PLACEMENT3D(#10811,#10812,#10813);
#10811=IFCCARTESIANPOINT((0.,0.,0.));
#10812=IFCDIRECTION((0.,0.,1.));
#10813=IFCDIRECTION((1.,0.,0.));
#10817=IFCREPRESENTATIONMAP(#10818,#11054);
#10818=IFCAXIS2PLACEMENT3D(#10819,#10820,#10821);
#10819=IFCCARTESIANPOINT((0.,0.,0.));
#10820=IFCDIRECTION((0.,0.,1.));
#10821=IFCDIRECTION((1.,0.,0.));
#10895=IFCREPRESENTATIONMAP(#10896,#11072);
#10896=IFCAXIS2PLACEMENT3D(#10897,#10898,#10899);
#10897=IFCCARTESIANPOINT((0.,0.,0.));
#10898=IFCDIRECTION((0.,0.,1.));
#10899=IFCDIRECTION((1.,0.,0.));
#10914=IFCDOOR('1UBzJxMXzASP1E$7Lq7gAK',$,'Door',$,$,#11097,#10923,$,2.408238410949707,0.84327447414398193,$,.SINGLE_SWING_RIGHT.,$);
#10915=IFCRELDEFINESBYTYPE('3uGfj4g4z7m9ryq3GQb2SF',$,$,$,(#10914),#10806);
#10916=IFCCARTESIANPOINT((0.,0.,0.));
#10917=IFCDIRECTION((1.,0.,0.));
#10918=IFCDIRECTION((0.,1.,0.));
#10919=IFCDIRECTION((0.,0.,1.));
#10920=IFCCARTESIANTRANSFORMATIONOPERATOR3D(#10917,#10918,#10916,1.,#10919);
#10921=IFCMAPPEDITEM(#10809,#10920);
#10922=IFCSHAPEREPRESENTATION(#18,'Profile','MappedRepresentation',(#10921));
#10923=IFCPRODUCTDEFINITIONSHAPE($,$,(#10922,#10930,#10937));
#10924=IFCCARTESIANPOINT((0.,0.,0.));
#10925=IFCDIRECTION((1.,0.,0.));
#10926=IFCDIRECTION((0.,1.,0.));
#10927=IFCDIRECTION((0.,0.,1.));
#10928=IFCCARTESIANTRANSFORMATIONOPERATOR3D(#10925,#10926,#10924,1.,#10927);
#10929=IFCMAPPEDITEM(#10817,#10928);
#10930=IFCSHAPEREPRESENTATION(#11,'Body','MappedRepresentation',(#10929));
#10931=IFCCARTESIANPOINT((0.,0.,0.));
#10932=IFCDIRECTION((1.,0.,0.));
#10933=IFCDIRECTION((0.,1.,0.));
#10934=IFCDIRECTION((0.,0.,1.));
#10935=IFCCARTESIANTRANSFORMATIONOPERATOR3D(#10932,#10933,#10931,1.,#10934);
#10936=IFCMAPPEDITEM(#10895,#10935);
#10937=IFCSHAPEREPRESENTATION(#24,'Body','MappedRepresentation',(#10936));
#10938=IFCOPENINGELEMENT('3fiu_uXrH1X8ctMqpgMx1g',$,'Opening',$,$,#11092,#10966,$,.OPENING.);
#10954=IFCCARTESIANPOINT((0.,0.,0.));
#10955=IFCDIRECTION((1.,0.,0.));
#10956=IFCDIRECTION((0.,0.,1.));
#10957=IFCAXIS2PLACEMENT3D(#10954,#10956,#10955);
#10958=IFCREPRESENTATIONMAP(#10957,#11082);
#10959=IFCCARTESIANPOINT((0.,0.,0.));
#10960=IFCDIRECTION((1.,0.,0.));
#10961=IFCDIRECTION((0.,1.,0.));
#10962=IFCDIRECTION((0.,0.,1.));
#10963=IFCCARTESIANTRANSFORMATIONOPERATOR3D(#10960,#10961,#10959,1.,#10962);
#10964=IFCMAPPEDITEM(#10958,#10963);
#10965=IFCSHAPEREPRESENTATION(#11,'Body','MappedRepresentation',(#10964));
#10966=IFCPRODUCTDEFINITIONSHAPE($,$,(#10965));
#10967=IFCRELVOIDSELEMENT('1GqEw8esb8sA4hA5I0H$i_',$,$,$,#8766,#10938);
#10973=IFCRELFILLSELEMENT('3BwlRxp4z8$x5VtjYvF3Gb',$,$,$,#10938,#10914);
#10979=IFCCARTESIANPOINTLIST3D(((0.,0.,0.),(0.84327447414398193,0.,0.),(0.84327447414398193,0.,2.408238410949707),(0.,0.,2.408238410949707)));
#10980=IFCINDEXEDPOLYCURVE(#10979,(IFCLINEINDEX((1,2,3,4,1))),$);
#10981=IFCSHAPEREPRESENTATION(#18,'Profile','Curve3D',(#10980));
#10982=IFCCARTESIANPOINTLIST2D(((0.,0.),(0.,2.408238410949707),(0.84327447414398193,2.408238410949707),(0.84327447414398193,0.),(0.8182744737714529,0.),(0.8182744737714529,2.383238410577178),(0.02500000037252903,2.383238410577178),(0.02500000037252903,0.)));
#10983=IFCINDEXEDPOLYCURVE(#10982,(IFCLINEINDEX((1,2,3,4,5,6,7,8,1))),$);
#10984=IFCARBITRARYCLOSEDPROFILEDEF(.AREA.,$,#10983);
#10985=IFCCARTESIANPOINT((0.,0.02500000037252903,0.));
#10986=IFCDIRECTION((0.,-1.,0.));
#10987=IFCDIRECTION((1.,0.,0.));
#10988=IFCAXIS2PLACEMENT3D(#10985,#10986,#10987);
#10989=IFCDIRECTION((0.,0.,-1.));
#10990=IFCEXTRUDEDAREASOLID(#10984,#10988,#10989,0.02500000037252903);
#10991=IFCCARTESIANPOINTLIST2D(((0.,0.),(0.,2.408238410949707),(0.84327447414398193,2.408238410949707),(0.84327447414398193,0.),(0.79327447339892387,0.),(0.79327447339892387,2.358238410204649),(0.05000000074505806,2.358238410204649),(0.05000000074505806,0.)));
#10992=IFCINDEXEDPOLYCURVE(#10991,(IFCLINEINDEX((1,2,3,4,5,6,7,8,1))),$);
#10993=IFCARBITRARYCLOSEDPROFILEDEF(.AREA.,$,#10992);
#10994=IFCCARTESIANPOINT((0.,0.,0.));
#10995=IFCDIRECTION((0.,-1.,0.));
#10996=IFCDIRECTION((1.,0.,0.));
#10997=IFCAXIS2PLACEMENT3D(#10994,#10995,#10996);
#10998=IFCDIRECTION((0.,0.,-1.));
#10999=IFCEXTRUDEDAREASOLID(#10993,#10997,#10998,0.02500000037252903);
#11000=IFCCARTESIANPOINTLIST2D(((0.,0.),(0.74327447265386581,0.),(0.74327447265386581,0.10000000149011612),(0.,0.10000000149011612)));
#11001=IFCINDEXEDPOLYCURVE(#11000,(IFCLINEINDEX((1,2,3,4,1))),$);
#11002=IFCARBITRARYCLOSEDPROFILEDEF(.AREA.,$,#11001);
#11003=IFCCARTESIANPOINT((0.05000000074505806,0.,0.));
#11004=IFCDIRECTION((0.,0.,1.));
#11005=IFCDIRECTION((1.,0.,0.));
#11006=IFCAXIS2PLACEMENT3D(#11003,#11004,#11005);
#11007=IFCDIRECTION((0.,0.,1.));
#11008=IFCEXTRUDEDAREASOLID(#11002,#11006,#11007,0.02500000037252903);
#11009=IFCCARTESIANPOINTLIST2D(((0.,0.),(0.,2.4332384131848812),(0.89327447861433029,2.4332384131848812),(0.89327447861433029,0.),(0.81827447563409805,0.),(0.81827447563409805,2.358238410204649),(0.075000002980232239,2.358238410204649),(0.075000002980232239,0.)));
#11010=IFCINDEXEDPOLYCURVE(#11009,(IFCLINEINDEX((1,2,3,4,5,6,7,8,1))),$);
#11011=IFCARBITRARYCLOSEDPROFILEDEF(.AREA.,$,#11010);
#11012=IFCCARTESIANPOINT((-0.025000002235174179,-0.004999999888241291,0.));
#11013=IFCDIRECTION((0.,-1.,0.));
#11014=IFCDIRECTION((1.,0.,0.));
#11015=IFCAXIS2PLACEMENT3D(#11012,#11013,#11014);
#11016=IFCDIRECTION((0.,0.,-1.));
#11017=IFCEXTRUDEDAREASOLID(#11011,#11015,#11016,0.004999999888241291);
#11018=IFCCARTESIANPOINTLIST2D(((0.,0.),(0.,2.4332384131848812),(0.89327447861433029,2.4332384131848812),(0.89327447861433029,0.),(0.84327447600662708,0.),(0.84327447600662708,2.383238410577178),(0.050000002607703209,2.383238410577178),(0.050000002607703209,0.)));
#11019=IFCINDEXEDPOLYCURVE(#11018,(IFCLINEINDEX((1,2,3,4,5,6,7,8,1))),$);
#11020=IFCARBITRARYCLOSEDPROFILEDEF(.AREA.,$,#11019);
#11021=IFCCARTESIANPOINT((-0.025000002235174179,0.05000000074505806,0.));
#11022=IFCDIRECTION((0.,-1.,0.));
#11023=IFCDIRECTION((1.,0.,0.));
#11024=IFCAXIS2PLACEMENT3D(#11021,#11022,#11023);
#11025=IFCDIRECTION((0.,0.,-1.));
#11026=IFCEXTRUDEDAREASOLID(#11020,#11024,#11025,0.004999999888241291);
#11027=IFCCARTESIANPOINTLIST2D(((0.,0.),(0.79327447339892387,0.),(0.79327447339892387,0.035000000149011612),(0.,0.035000000149011612)));
#11028=IFCINDEXEDPOLYCURVE(#11027,(IFCLINEINDEX((1,2,3,4,1))),$);
#11029=IFCARBITRARYCLOSEDPROFILEDEF(.AREA.,$,#11028);
#11030=IFCCARTESIANPOINT((0.02500000037252903,0.02500000037252903,0.02500000037252903));
#11031=IFCDIRECTION((0.,0.,1.));
#11032=IFCDIRECTION((1.,0.,0.));
#11033=IFCAXIS2PLACEMENT3D(#11030,#11031,#11032);
#11034=IFCDIRECTION((0.,0.,1.));
#11035=IFCEXTRUDEDAREASOLID(#11029,#11033,#11034,2.358238410204649);
#11036=IFCCARTESIANPOINTLIST2D(((0.,0.),(0.,-0.040000000000000001),(0.12,-0.040000000000000001),(0.12,-0.02),(0.02,-0.02),(0.02,0.)));
#11037=IFCINDEXEDPOLYCURVE(#11036,(IFCLINEINDEX((1,2,3,4,5,6,1))),$);
#11038=IFCARBITRARYCLOSEDPROFILEDEF(.AREA.,$,#11037);
#11039=IFCCARTESIANPOINT((0.075000000372529033,0.02500000037252903,1.015000000372529));
#11040=IFCDIRECTION((0.,0.,1.));
#11041=IFCDIRECTION((1.,0.,0.));
#11042=IFCAXIS2PLACEMENT3D(#11039,#11040,#11041);
#11043=IFCDIRECTION((0.,0.,1.));
#11044=IFCEXTRUDEDAREASOLID(#11038,#11042,#11043,0.02);
#11045=IFCEXTRUDEDAREASOLID(#11046,#11049,#11053,0.02);
#11046=IFCARBITRARYCLOSEDPROFILEDEF(.AREA.,$,#11047);
#11047=IFCINDEXEDPOLYCURVE(#11048,(IFCLINEINDEX((1,2,3,4,5,6,1))),$);
#11048=IFCCARTESIANPOINTLIST2D(((0.,0.),(0.,0.040000000000000008),(0.11999999999999998,0.040000000000000008),(0.11999999999999998,0.020000000000000004),(0.020000000000000004,0.020000000000000004),(0.020000000000000004,0.)));
#11049=IFCAXIS2PLACEMENT3D(#11050,#11051,#11052);
#11050=IFCCARTESIANPOINT((0.075000000372529033,0.060000000521540642,1.015000000372529));
#11051=IFCDIRECTION((0.,0.,1.));
#11052=IFCDIRECTION((1.,0.,0.));
#11053=IFCDIRECTION((0.,0.,1.));
#11054=IFCSHAPEREPRESENTATION(#11,'Body','SweptSolid',(#10990,#10999,#11035,#11044,#11045,#11008,#11017,#11026));
#11055=IFCSHAPEREPRESENTATION(#11,'Body','SweptSolid',(#10990,#10999,#11008,#11017,#11026));
#11056=IFCSHAPEASPECT((#11055),'Lining',$,.T.,#10923);
#11057=IFCSHAPEREPRESENTATION(#11,'Body','SweptSolid',(#11035,#11044,#11045));
#11058=IFCSHAPEASPECT((#11057),'Framing',$,.T.,#10923);
#11059=IFCCARTESIANPOINTLIST2D(((0.,0.),(0.,0.05000000074505806),(0.02500000037252903,0.05000000074505806),(0.02500000037252903,0.02500000037252903),(0.05000000074505806,0.02500000037252903),(0.05000000074505806,0.)));
#11060=IFCINDEXEDPOLYCURVE(#11059,(IFCLINEINDEX((1,2,3,4,5,6,1))),$);
#11061=IFCINDEXEDPOLYCURVE(#11062,(IFCLINEINDEX((1,2,3,4,5,6,1))),$);
#11062=IFCCARTESIANPOINTLIST2D(((0.84327447414398193,0.),(0.84327447414398193,0.05000000074505806),(0.8182744737714529,0.05000000074505806),(0.8182744737714529,0.02500000037252903),(0.79327447339892387,0.02500000037252903),(0.79327447339892387,0.)));
#11063=IFCDIRECTION((1.,0.));
#11064=IFCCARTESIANPOINT((0.78327447362244129,0.05000000074505806));
#11065=IFCAXIS2PLACEMENT2D(#11064,#11063);
#11066=IFCELLIPSE(#11065,0.75827447324991226,0.79327447339892387);
#11067=IFCCARTESIANPOINT((0.78327447362244129,0.84327447414398193));
#11068=IFCCARTESIANPOINT((0.02500000037252903,0.05000000074505806));
#11069=IFCTRIMMEDCURVE(#11066,(#11067),(#11068),.T.,.CARTESIAN.);
#11070=IFCCARTESIANPOINTLIST2D(((0.8182744737714529,0.05000000074505806),(0.78327447362244129,0.05000000074505806),(0.78327447362244129,0.84327447414398193),(0.8182744737714529,0.84327447414398193)));
#11071=IFCINDEXEDPOLYCURVE(#11070,(IFCLINEINDEX((1,2,3,4,1))),$);
#11072=IFCSHAPEREPRESENTATION(#24,'Body','Curve2D',(#11060,#11061,#11069,#11071));
#11073=IFCCARTESIANPOINTLIST2D(((0.,0.),(0.84327447414398193,0.),(0.84327447414398193,2.408238410949707),(0.,2.408238410949707)));
#11074=IFCINDEXEDPOLYCURVE(#11073,(IFCLINEINDEX((1,2,3,4,1))),$);
#11075=IFCARBITRARYCLOSEDPROFILEDEF(.AREA.,$,#11074);
#11076=IFCCARTESIANPOINT((0.,-0.60000002384185791,0.));
#11077=IFCDIRECTION((0.,-1.,0.));
#11078=IFCDIRECTION((1.,0.,0.));
#11079=IFCAXIS2PLACEMENT3D(#11076,#11077,#11078);
#11080=IFCDIRECTION((0.,0.,-1.));
#11081=IFCEXTRUDEDAREASOLID(#11075,#11079,#11080,1.2);
#11082=IFCSHAPEREPRESENTATION(#11,'Body','SweptSolid',(#11081));
#11088=IFCCARTESIANPOINT((3.8468467907111035,0.10000000646672047,0.));
#11089=IFCDIRECTION((0.,0.,1.));
#11090=IFCDIRECTION((-0.99999999999999944,3.1786498766447871E-08,0.));
#11091=IFCAXIS2PLACEMENT3D(#11088,#11089,#11090);
#11092=IFCLOCALPLACEMENT(#8972,#11091);
#11093=IFCCARTESIANPOINT((0.,0.,0.));
#11094=IFCDIRECTION((0.,0.,1.));
#11095=IFCDIRECTION((1.,5.2939559203393771E-23,0.));
#11096=IFCAXIS2PLACEMENT3D(#11093,#11094,#11095);
#11097=IFCLOCALPLACEMENT(#11092,#11096);
#11098=IFCDOORTYPE('0zNqDfrPT4pPGGqV2z5AKJ',$,'BATHROOM - 2F',$,$,(#11099),(#11101,#11109,#11187),$,$,.DOOR.,.SINGLE_SWING_LEFT.,$,$);
#11099=IFCPROPERTYSET('198kJYnb9EsPPLb$sH1gbj',$,'BBIM_Door',$,(#11100));
#11100=IFCPROPERTYSINGLEVALUE('Data',$,IFCTEXT('{"door_type": "SINGLE_SWING_LEFT", "overall_height": 2.408238410949707, "overall_width": 0.8212395906448364, "lining_properties": {"lining_depth": 0.05000000074505806, "lining_thickness": 0.05000000074505806, "lining_offset": 0.0, "lining_to_panel_offset_x": 0.02500000037252903, "lining_to_panel_offset_y": 0.02500000037252903, "transom_thickness": 0.0, "casing_thickness": 0.07500000298023224, "casing_depth": 0.004999999888241291, "threshold_thickness": 0.02500000037252903, "threshold_depth": 0.10000000149011612, "threshold_offset": 0.0}, "panel_properties": {"panel_depth": 0.03500000014901161, "panel_width_ratio": 1.0}}'),$);
#11101=IFCREPRESENTATIONMAP(#11102,#11392);
#11102=IFCAXIS2PLACEMENT3D(#11103,#11104,#11105);
#11103=IFCCARTESIANPOINT((0.,0.,0.));
#11104=IFCDIRECTION((0.,0.,1.));
#11105=IFCDIRECTION((1.,0.,0.));
#11109=IFCREPRESENTATIONMAP(#11110,#11465);
#11110=IFCAXIS2PLACEMENT3D(#11111,#11112,#11113);
#11111=IFCCARTESIANPOINT((0.,0.,0.));
#11112=IFCDIRECTION((0.,0.,1.));
#11113=IFCDIRECTION((1.,0.,0.));
#11187=IFCREPRESENTATIONMAP(#11188,#11479);
#11188=IFCAXIS2PLACEMENT3D(#11189,#11190,#11191);
#11189=IFCCARTESIANPOINT((0.,0.,0.));
#11190=IFCDIRECTION((0.,0.,1.));
#11191=IFCDIRECTION((1.,0.,0.));
#11206=IFCDOOR('1t3KbYBNnB8BmKqrLBdVLU',$,'Door',$,$,#11504,#11215,$,2.408238410949707,0.82123959064483643,$,.SINGLE_SWING_LEFT.,$);
#11207=IFCRELDEFINESBYTYPE('2pHIXYJMP6zgzT0EAKB$_g',$,$,$,(#11206),#11098);
#11208=IFCCARTESIANPOINT((0.,0.,0.));
#11209=IFCDIRECTION((1.,0.,0.));
#11210=IFCDIRECTION((0.,1.,0.));
#11211=IFCDIRECTION((0.,0.,1.));
#11212=IFCCARTESIANTRANSFORMATIONOPERATOR3D(#11209,#11210,#11208,1.,#11211);
#11213=IFCMAPPEDITEM(#11101,#11212);
#11214=IFCSHAPEREPRESENTATION(#18,'Profile','MappedRepresentation',(#11213));
#11215=IFCPRODUCTDEFINITIONSHAPE($,$,(#11214,#11222,#11229));
#11216=IFCCARTESIANPOINT((0.,0.,0.));
#11217=IFCDIRECTION((1.,0.,0.));
#11218=IFCDIRECTION((0.,1.,0.));
#11219=IFCDIRECTION((0.,0.,1.));
#11220=IFCCARTESIANTRANSFORMATIONOPERATOR3D(#11217,#11218,#11216,1.,#11219);
#11221=IFCMAPPEDITEM(#11109,#11220);
#11222=IFCSHAPEREPRESENTATION(#11,'Body','MappedRepresentation',(#11221));
#11223=IFCCARTESIANPOINT((0.,0.,0.));
#11224=IFCDIRECTION((1.,0.,0.));
#11225=IFCDIRECTION((0.,1.,0.));
#11226=IFCDIRECTION((0.,0.,1.));
#11227=IFCCARTESIANTRANSFORMATIONOPERATOR3D(#11224,#11225,#11223,1.,#11226);
#11228=IFCMAPPEDITEM(#11187,#11227);
#11229=IFCSHAPEREPRESENTATION(#24,'Body','MappedRepresentation',(#11228));
#11230=IFCOPENINGELEMENT('3AFNEp2nfEWuJ48P7AlAMp',$,'Opening',$,$,#11499,#11258,$,.OPENING.);
#11246=IFCCARTESIANPOINT((0.,0.,0.));
#11247=IFCDIRECTION((1.,0.,0.));
#11248=IFCDIRECTION((0.,0.,1.));
#11249=IFCAXIS2PLACEMENT3D(#11246,#11248,#11247);
#11250=IFCREPRESENTATIONMAP(#11249,#11489);
#11251=IFCCARTESIANPOINT((0.,0.,0.));
#11252=IFCDIRECTION((1.,0.,0.));
#11253=IFCDIRECTION((0.,1.,0.));
#11254=IFCDIRECTION((0.,0.,1.));
#11255=IFCCARTESIANTRANSFORMATIONOPERATOR3D(#11252,#11253,#11251,1.,#11254);
#11256=IFCMAPPEDITEM(#11250,#11255);
#11257=IFCSHAPEREPRESENTATION(#11,'Body','MappedRepresentation',(#11256));
#11258=IFCPRODUCTDEFINITIONSHAPE($,$,(#11257));
#11259=IFCRELVOIDSELEMENT('2SM6hUL1j3zuI7RTQDArXK',$,$,$,#9027,#11230);
#11265=IFCRELFILLSELEMENT('38XXf9GCj0uQlwXZWKltSX',$,$,$,#11230,#11206);
#11274=IFCCARTESIANPOINTLIST2D(((0.,0.),(0.,2.408238410949707),(0.73310041427612305,2.408238410949707),(0.73310041427612305,0.),(0.70810041390359402,0.),(0.70810041390359402,2.383238410577178),(0.02500000037252903,2.383238410577178),(0.02500000037252903,0.)));
#11275=IFCINDEXEDPOLYCURVE(#11274,(IFCLINEINDEX((1,2,3,4,5,6,7,8,1))),$);
#11276=IFCARBITRARYCLOSEDPROFILEDEF(.AREA.,$,#11275);
#11277=IFCCARTESIANPOINT((0.,0.02500000037252903,0.));
#11278=IFCDIRECTION((0.,-1.,0.));
#11279=IFCDIRECTION((1.,0.,0.));
#11280=IFCAXIS2PLACEMENT3D(#11277,#11278,#11279);
#11281=IFCDIRECTION((0.,0.,-1.));
#11282=IFCEXTRUDEDAREASOLID(#11276,#11280,#11281,0.02500000037252903);
#11283=IFCCARTESIANPOINTLIST2D(((0.,0.),(0.,2.408238410949707),(0.73310041427612305,2.408238410949707),(0.73310041427612305,0.),(0.68310041353106499,0.),(0.68310041353106499,2.358238410204649),(0.05000000074505806,2.358238410204649),(0.05000000074505806,0.)));
#11284=IFCINDEXEDPOLYCURVE(#11283,(IFCLINEINDEX((1,2,3,4,5,6,7,8,1))),$);
#11285=IFCARBITRARYCLOSEDPROFILEDEF(.AREA.,$,#11284);
#11286=IFCCARTESIANPOINT((0.,0.,0.));
#11287=IFCDIRECTION((0.,-1.,0.));
#11288=IFCDIRECTION((1.,0.,0.));
#11289=IFCAXIS2PLACEMENT3D(#11286,#11287,#11288);
#11290=IFCDIRECTION((0.,0.,-1.));
#11291=IFCEXTRUDEDAREASOLID(#11285,#11289,#11290,0.02500000037252903);
#11292=IFCCARTESIANPOINTLIST2D(((0.,0.),(0.63310041278600693,0.),(0.63310041278600693,0.10000000149011612),(0.,0.10000000149011612)));
#11293=IFCINDEXEDPOLYCURVE(#11292,(IFCLINEINDEX((1,2,3,4,1))),$);
#11294=IFCARBITRARYCLOSEDPROFILEDEF(.AREA.,$,#11293);
#11295=IFCCARTESIANPOINT((0.05000000074505806,0.,0.));
#11296=IFCDIRECTION((0.,0.,1.));
#11297=IFCDIRECTION((1.,0.,0.));
#11298=IFCAXIS2PLACEMENT3D(#11295,#11296,#11297);
#11299=IFCDIRECTION((0.,0.,1.));
#11300=IFCEXTRUDEDAREASOLID(#11294,#11298,#11299,0.02500000037252903);
#11301=IFCCARTESIANPOINTLIST2D(((0.,0.),(0.,2.4332384131848812),(0.78310041874647141,2.4332384131848812),(0.78310041874647141,0.),(0.70810041576623917,0.),(0.70810041576623917,2.358238410204649),(0.075000002980232239,2.358238410204649),(0.075000002980232239,0.)));
#11302=IFCINDEXEDPOLYCURVE(#11301,(IFCLINEINDEX((1,2,3,4,5,6,7,8,1))),$);
#11303=IFCARBITRARYCLOSEDPROFILEDEF(.AREA.,$,#11302);
#11304=IFCCARTESIANPOINT((-0.025000002235174179,-0.004999999888241291,0.));
#11305=IFCDIRECTION((0.,-1.,0.));
#11306=IFCDIRECTION((1.,0.,0.));
#11307=IFCAXIS2PLACEMENT3D(#11304,#11305,#11306);
#11308=IFCDIRECTION((0.,0.,-1.));
#11309=IFCEXTRUDEDAREASOLID(#11303,#11307,#11308,0.004999999888241291);
#11310=IFCCARTESIANPOINTLIST2D(((0.,0.),(0.,2.4332384131848812),(0.78310041874647141,2.4332384131848812),(0.78310041874647141,0.),(0.7331004161387682,0.),(0.7331004161387682,2.383238410577178),(0.050000002607703209,2.383238410577178),(0.050000002607703209,0.)));
#11311=IFCINDEXEDPOLYCURVE(#11310,(IFCLINEINDEX((1,2,3,4,5,6,7,8,1))),$);
#11312=IFCARBITRARYCLOSEDPROFILEDEF(.AREA.,$,#11311);
#11313=IFCCARTESIANPOINT((-0.025000002235174179,0.05000000074505806,0.));
#11314=IFCDIRECTION((0.,-1.,0.));
#11315=IFCDIRECTION((1.,0.,0.));
#11316=IFCAXIS2PLACEMENT3D(#11313,#11314,#11315);
#11317=IFCDIRECTION((0.,0.,-1.));
#11318=IFCEXTRUDEDAREASOLID(#11312,#11316,#11317,0.004999999888241291);
#11319=IFCCARTESIANPOINTLIST2D(((0.,0.),(0.68310041353106499,0.),(0.68310041353106499,0.035000000149011612),(0.,0.035000000149011612)));
#11320=IFCINDEXEDPOLYCURVE(#11319,(IFCLINEINDEX((1,2,3,4,1))),$);
#11321=IFCARBITRARYCLOSEDPROFILEDEF(.AREA.,$,#11320);
#11322=IFCCARTESIANPOINT((0.02500000037252903,0.02500000037252903,0.02500000037252903));
#11323=IFCDIRECTION((0.,0.,1.));
#11324=IFCDIRECTION((1.,0.,0.));
#11325=IFCAXIS2PLACEMENT3D(#11322,#11323,#11324);
#11326=IFCDIRECTION((0.,0.,1.));
#11327=IFCEXTRUDEDAREASOLID(#11321,#11325,#11326,2.358238410204649);
#11328=IFCCARTESIANPOINTLIST2D(((0.,0.),(0.,-0.040000000000000001),(-0.11999999999999988,-0.040000000000000001),(-0.11999999999999988,-0.02),(-0.020000000000000018,-0.02),(-0.020000000000000018,0.)));
#11329=IFCINDEXEDPOLYCURVE(#11328,(IFCLINEINDEX((1,2,3,4,5,6,1))),$);
#11330=IFCARBITRARYCLOSEDPROFILEDEF(.AREA.,$,#11329);
#11331=IFCCARTESIANPOINT((0.65810041390359397,0.02500000037252903,1.015000000372529));
#11332=IFCDIRECTION((0.,0.,1.));
#11333=IFCDIRECTION((1.,0.,0.));
#11334=IFCAXIS2PLACEMENT3D(#11331,#11332,#11333);
#11335=IFCDIRECTION((0.,0.,1.));
#11336=IFCEXTRUDEDAREASOLID(#11330,#11334,#11335,0.02);
#11337=IFCEXTRUDEDAREASOLID(#11338,#11341,#11345,0.02);
#11338=IFCARBITRARYCLOSEDPROFILEDEF(.AREA.,$,#11339);
#11339=IFCINDEXEDPOLYCURVE(#11340,(IFCLINEINDEX((1,2,3,4,5,6,1))),$);
#11340=IFCCARTESIANPOINTLIST2D(((0.,0.),(0.,0.040000000000000008),(-0.11999999999999988,0.040000000000000008),(-0.11999999999999988,0.020000000000000004),(-0.020000000000000018,0.020000000000000004),(-0.020000000000000018,0.)));
#11341=IFCAXIS2PLACEMENT3D(#11342,#11343,#11344);
#11342=IFCCARTESIANPOINT((0.65810041390359397,0.060000000521540642,1.015000000372529));
#11343=IFCDIRECTION((0.,0.,1.));
#11344=IFCDIRECTION((1.,0.,0.));
#11345=IFCDIRECTION((0.,0.,1.));
#11347=IFCSHAPEREPRESENTATION(#11,'Body','SweptSolid',(#11318,#11401,#11309,#11437,#11300,#11428,#11291,#11419,#11282,#11410));
#11348=IFCSHAPEASPECT((#11347),'Lining',$,.T.,#11215);
#11349=IFCSHAPEREPRESENTATION(#11,'Body','SweptSolid',(#11337,#11327,#11455,#11456,#11446,#11336));
#11350=IFCSHAPEASPECT((#11349),'Framing',$,.T.,#11215);
#11390=IFCCARTESIANPOINTLIST3D(((0.,0.,0.),(0.82123959064483643,0.,0.),(0.82123959064483643,0.,2.408238410949707),(0.,0.,2.408238410949707)));
#11391=IFCINDEXEDPOLYCURVE(#11390,(IFCLINEINDEX((1,2,3,4,1))),$);
#11392=IFCSHAPEREPRESENTATION(#18,'Profile','Curve3D',(#11391));
#11393=IFCCARTESIANPOINTLIST2D(((0.,0.),(0.,2.408238410949707),(0.82123959064483643,2.408238410949707),(0.82123959064483643,0.),(0.7962395902723074,0.),(0.7962395902723074,2.383238410577178),(0.02500000037252903,2.383238410577178),(0.02500000037252903,0.)));
#11394=IFCINDEXEDPOLYCURVE(#11393,(IFCLINEINDEX((1,2,3,4,5,6,7,8,1))),$);
#11395=IFCARBITRARYCLOSEDPROFILEDEF(.AREA.,$,#11394);
#11396=IFCCARTESIANPOINT((0.,0.02500000037252903,0.));
#11397=IFCDIRECTION((0.,-1.,0.));
#11398=IFCDIRECTION((1.,0.,0.));
#11399=IFCAXIS2PLACEMENT3D(#11396,#11397,#11398);
#11400=IFCDIRECTION((0.,0.,-1.));
#11401=IFCEXTRUDEDAREASOLID(#11395,#11399,#11400,0.02500000037252903);
#11402=IFCCARTESIANPOINTLIST2D(((0.,0.),(0.,2.408238410949707),(0.82123959064483643,2.408238410949707),(0.82123959064483643,0.),(0.77123958989977837,0.),(0.77123958989977837,2.358238410204649),(0.05000000074505806,2.358238410204649),(0.05000000074505806,0.)));
#11403=IFCINDEXEDPOLYCURVE(#11402,(IFCLINEINDEX((1,2,3,4,5,6,7,8,1))),$);
#11404=IFCARBITRARYCLOSEDPROFILEDEF(.AREA.,$,#11403);
#11405=IFCCARTESIANPOINT((0.,0.,0.));
#11406=IFCDIRECTION((0.,-1.,0.));
#11407=IFCDIRECTION((1.,0.,0.));
#11408=IFCAXIS2PLACEMENT3D(#11405,#11406,#11407);
#11409=IFCDIRECTION((0.,0.,-1.));
#11410=IFCEXTRUDEDAREASOLID(#11404,#11408,#11409,0.02500000037252903);
#11411=IFCCARTESIANPOINTLIST2D(((0.,0.),(0.72123958915472031,0.),(0.72123958915472031,0.10000000149011612),(0.,0.10000000149011612)));
#11412=IFCINDEXEDPOLYCURVE(#11411,(IFCLINEINDEX((1,2,3,4,1))),$);
#11413=IFCARBITRARYCLOSEDPROFILEDEF(.AREA.,$,#11412);
#11414=IFCCARTESIANPOINT((0.05000000074505806,0.,0.));
#11415=IFCDIRECTION((0.,0.,1.));
#11416=IFCDIRECTION((1.,0.,0.));
#11417=IFCAXIS2PLACEMENT3D(#11414,#11415,#11416);
#11418=IFCDIRECTION((0.,0.,1.));
#11419=IFCEXTRUDEDAREASOLID(#11413,#11417,#11418,0.02500000037252903);
#11420=IFCCARTESIANPOINTLIST2D(((0.,0.),(0.,2.4332384131848812),(0.87123959511518478,2.4332384131848812),(0.87123959511518478,0.),(0.79623959213495255,0.),(0.79623959213495255,2.358238410204649),(0.075000002980232239,2.358238410204649),(0.075000002980232239,0.)));
#11421=IFCINDEXEDPOLYCURVE(#11420,(IFCLINEINDEX((1,2,3,4,5,6,7,8,1))),$);
#11422=IFCARBITRARYCLOSEDPROFILEDEF(.AREA.,$,#11421);
#11423=IFCCARTESIANPOINT((-0.025000002235174179,-0.004999999888241291,0.));
#11424=IFCDIRECTION((0.,-1.,0.));
#11425=IFCDIRECTION((1.,0.,0.));
#11426=IFCAXIS2PLACEMENT3D(#11423,#11424,#11425);
#11427=IFCDIRECTION((0.,0.,-1.));
#11428=IFCEXTRUDEDAREASOLID(#11422,#11426,#11427,0.004999999888241291);
#11429=IFCCARTESIANPOINTLIST2D(((0.,0.),(0.,2.4332384131848812),(0.87123959511518478,2.4332384131848812),(0.87123959511518478,0.),(0.82123959250748158,0.),(0.82123959250748158,2.383238410577178),(0.050000002607703209,2.383238410577178),(0.050000002607703209,0.)));
#11430=IFCINDEXEDPOLYCURVE(#11429,(IFCLINEINDEX((1,2,3,4,5,6,7,8,1))),$);
#11431=IFCARBITRARYCLOSEDPROFILEDEF(.AREA.,$,#11430);
#11432=IFCCARTESIANPOINT((-0.025000002235174179,0.05000000074505806,0.));
#11433=IFCDIRECTION((0.,-1.,0.));
#11434=IFCDIRECTION((1.,0.,0.));
#11435=IFCAXIS2PLACEMENT3D(#11432,#11433,#11434);
#11436=IFCDIRECTION((0.,0.,-1.));
#11437=IFCEXTRUDEDAREASOLID(#11431,#11435,#11436,0.004999999888241291);
#11438=IFCCARTESIANPOINTLIST2D(((0.,0.),(0.77123958989977837,0.),(0.77123958989977837,0.035000000149011612),(0.,0.035000000149011612)));
#11439=IFCINDEXEDPOLYCURVE(#11438,(IFCLINEINDEX((1,2,3,4,1))),$);
#11440=IFCARBITRARYCLOSEDPROFILEDEF(.AREA.,$,#11439);
#11441=IFCCARTESIANPOINT((0.02500000037252903,0.02500000037252903,0.02500000037252903));
#11442=IFCDIRECTION((0.,0.,1.));
#11443=IFCDIRECTION((1.,0.,0.));
#11444=IFCAXIS2PLACEMENT3D(#11441,#11442,#11443);
#11445=IFCDIRECTION((0.,0.,1.));
#11446=IFCEXTRUDEDAREASOLID(#11440,#11444,#11445,2.358238410204649);
#11447=IFCCARTESIANPOINTLIST2D(((0.,0.),(0.,-0.040000000000000001),(-0.11999999999999988,-0.040000000000000001),(-0.11999999999999988,-0.02),(-0.020000000000000018,-0.02),(-0.020000000000000018,0.)));
#11448=IFCINDEXEDPOLYCURVE(#11447,(IFCLINEINDEX((1,2,3,4,5,6,1))),$);
#11449=IFCARBITRARYCLOSEDPROFILEDEF(.AREA.,$,#11448);
#11450=IFCCARTESIANPOINT((0.74623959027230735,0.02500000037252903,1.015000000372529));
#11451=IFCDIRECTION((0.,0.,1.));
#11452=IFCDIRECTION((1.,0.,0.));
#11453=IFCAXIS2PLACEMENT3D(#11450,#11451,#11452);
#11454=IFCDIRECTION((0.,0.,1.));
#11455=IFCEXTRUDEDAREASOLID(#11449,#11453,#11454,0.02);
#11456=IFCEXTRUDEDAREASOLID(#11457,#11460,#11464,0.02);
#11457=IFCARBITRARYCLOSEDPROFILEDEF(.AREA.,$,#11458);
#11458=IFCINDEXEDPOLYCURVE(#11459,(IFCLINEINDEX((1,2,3,4,5,6,1))),$);
#11459=IFCCARTESIANPOINTLIST2D(((0.,0.),(0.,0.040000000000000008),(-0.11999999999999988,0.040000000000000008),(-0.11999999999999988,0.020000000000000004),(-0.020000000000000018,0.020000000000000004),(-0.020000000000000018,0.)));
#11460=IFCAXIS2PLACEMENT3D(#11461,#11462,#11463);
#11461=IFCCARTESIANPOINT((0.74623959027230735,0.060000000521540642,1.015000000372529));
#11462=IFCDIRECTION((0.,0.,1.));
#11463=IFCDIRECTION((1.,0.,0.));
#11464=IFCDIRECTION((0.,0.,1.));
#11465=IFCSHAPEREPRESENTATION(#11,'Body','SweptSolid',(#11401,#11410,#11446,#11455,#11456,#11419,#11428,#11437));
#11466=IFCCARTESIANPOINTLIST2D(((0.,0.),(0.,0.05000000074505806),(0.02500000037252903,0.05000000074505806),(0.02500000037252903,0.02500000037252903),(0.05000000074505806,0.02500000037252903),(0.05000000074505806,0.)));
#11467=IFCINDEXEDPOLYCURVE(#11466,(IFCLINEINDEX((1,2,3,4,5,6,1))),$);
#11468=IFCINDEXEDPOLYCURVE(#11469,(IFCLINEINDEX((1,2,3,4,5,6,1))),$);
#11469=IFCCARTESIANPOINTLIST2D(((0.82123959064483643,0.),(0.82123959064483643,0.05000000074505806),(0.7962395902723074,0.05000000074505806),(0.7962395902723074,0.02500000037252903),(0.77123958989977837,0.02500000037252903),(0.77123958989977837,0.)));
#11470=IFCDIRECTION((1.,0.));
#11471=IFCCARTESIANPOINT((0.060000000521540642,0.05000000074505806));
#11472=IFCAXIS2PLACEMENT2D(#11471,#11470);
#11473=IFCELLIPSE(#11472,0.73623958975076675,0.77123958989977837);
#11474=IFCCARTESIANPOINT((0.7962395902723074,0.05000000074505806));
#11475=IFCCARTESIANPOINT((0.060000000521540642,0.82123959064483643));
#11476=IFCTRIMMEDCURVE(#11473,(#11474),(#11475),.T.,.CARTESIAN.);
#11477=IFCCARTESIANPOINTLIST2D(((0.02500000037252903,0.05000000074505806),(0.060000000521540642,0.05000000074505806),(0.060000000521540642,0.82123959064483643),(0.02500000037252903,0.82123959064483643)));
#11478=IFCINDEXEDPOLYCURVE(#11477,(IFCLINEINDEX((1,2,3,4,1))),$);
#11479=IFCSHAPEREPRESENTATION(#24,'Body','Curve2D',(#11467,#11468,#11476,#11478));
#11480=IFCCARTESIANPOINTLIST2D(((0.,0.),(0.82123959064483643,0.),(0.82123959064483643,2.408238410949707),(0.,2.408238410949707)));
#11481=IFCINDEXEDPOLYCURVE(#11480,(IFCLINEINDEX((1,2,3,4,1))),$);
#11482=IFCARBITRARYCLOSEDPROFILEDEF(.AREA.,$,#11481);
#11483=IFCCARTESIANPOINT((0.,-0.60000002384185791,0.));
#11484=IFCDIRECTION((0.,-1.,0.));
#11485=IFCDIRECTION((1.,0.,0.));
#11486=IFCAXIS2PLACEMENT3D(#11483,#11484,#11485);
#11487=IFCDIRECTION((0.,0.,-1.));
#11488=IFCEXTRUDEDAREASOLID(#11482,#11486,#11487,1.2);
#11489=IFCSHAPEREPRESENTATION(#11,'Body','SweptSolid',(#11488));
#11495=IFCCARTESIANPOINT((0.26098555684097108,0.015000281098948243,0.));
#11496=IFCDIRECTION((0.,0.,1.));
#11497=IFCDIRECTION((0.99999999999997158,-2.3841857910155572E-07,0.));
#11498=IFCAXIS2PLACEMENT3D(#11495,#11496,#11497);
#11499=IFCLOCALPLACEMENT(#9069,#11498);
#11500=IFCCARTESIANPOINT((0.,8.8817841970012523E-16,0.));
#11501=IFCDIRECTION((0.,0.,1.));
#11502=IFCDIRECTION((1.,-1.3234889800848443E-23,0.));
#11503=IFCAXIS2PLACEMENT3D(#11500,#11501,#11502);
#11504=IFCLOCALPLACEMENT(#11499,#11503);
#11505=IFCWINDOWTYPE('3tgyJ8ZPbDlw5NkAT45P5N',$,'BEDROOM 1 - 2F - 1',$,$,(#11506),(#11508,#11516,#11564),$,$,.WINDOW.,.SINGLE_PANEL.,$,$);
#11506=IFCPROPERTYSET('05Nw6Vfwn5Wgvixyhz6e1l',$,'BBIM_Window',$,(#11507));
#11507=IFCPROPERTYSINGLEVALUE('Data',$,IFCTEXT('{"window_type": "SINGLE_PANEL", "overall_height": 0.8999999761581421, "overall_width": 0.778971791267395, "lining_properties": {"lining_depth": 0.05000000074505806, "lining_thickness": 0.05000000074505806, "lining_offset": 0.05000000074505806, "lining_to_panel_offset_x": 0.02500000037252903, "lining_to_panel_offset_y": 0.02500000037252903}, "panel_properties": {"frame_depth": [0.03500000014901161, 0.03500000014901161, 0.03500000014901161], "frame_thickness": [0.03500000014901161, 0.03500000014901161, 0.03500000014901161]}}'),$);
#11508=IFCREPRESENTATIONMAP(#11509,#11668);
#11509=IFCAXIS2PLACEMENT3D(#11510,#11511,#11512);
#11510=IFCCARTESIANPOINT((0.,0.,0.));
#11511=IFCDIRECTION((0.,0.,1.));
#11512=IFCDIRECTION((1.,0.,0.));
#11516=IFCREPRESENTATIONMAP(#11517,#11711);
#11517=IFCAXIS2PLACEMENT3D(#11518,#11519,#11520);
#11518=IFCCARTESIANPOINT((0.,0.,0.));
#11519=IFCDIRECTION((0.,0.,1.));
#11520=IFCDIRECTION((1.,0.,0.));
#11564=IFCREPRESENTATIONMAP(#11565,#11734);
#11565=IFCAXIS2PLACEMENT3D(#11566,#11567,#11568);
#11566=IFCCARTESIANPOINT((0.,0.,0.));
#11567=IFCDIRECTION((0.,0.,1.));
#11568=IFCDIRECTION((1.,0.,0.));
#11586=IFCWINDOW('1xJKYMMGP8fuChZ6z02lXH',$,'Window',$,$,#11759,#11595,$,0.89999997615814209,0.77897179126739502,$,.SINGLE_PANEL.,$);
#11587=IFCRELDEFINESBYTYPE('2OzOZ$yKf7_9sjkJ2$JvoT',$,$,$,(#11586),#11505);
#11588=IFCCARTESIANPOINT((0.,0.,0.));
#11589=IFCDIRECTION((1.,0.,0.));
#11590=IFCDIRECTION((0.,1.,0.));
#11591=IFCDIRECTION((0.,0.,1.));
#11592=IFCCARTESIANTRANSFORMATIONOPERATOR3D(#11589,#11590,#11588,1.,#11591);
#11593=IFCMAPPEDITEM(#11508,#11592);
#11594=IFCSHAPEREPRESENTATION(#18,'Profile','MappedRepresentation',(#11593));
#11595=IFCPRODUCTDEFINITIONSHAPE($,$,(#11594,#11602,#11609));
#11596=IFCCARTESIANPOINT((0.,0.,0.));
#11597=IFCDIRECTION((1.,0.,0.));
#11598=IFCDIRECTION((0.,1.,0.));
#11599=IFCDIRECTION((0.,0.,1.));
#11600=IFCCARTESIANTRANSFORMATIONOPERATOR3D(#11597,#11598,#11596,1.,#11599);
#11601=IFCMAPPEDITEM(#11516,#11600);
#11602=IFCSHAPEREPRESENTATION(#11,'Body','MappedRepresentation',(#11601));
#11603=IFCCARTESIANPOINT((0.,0.,0.));
#11604=IFCDIRECTION((1.,0.,0.));
#11605=IFCDIRECTION((0.,1.,0.));
#11606=IFCDIRECTION((0.,0.,1.));
#11607=IFCCARTESIANTRANSFORMATIONOPERATOR3D(#11604,#11605,#11603,1.,#11606);
#11608=IFCMAPPEDITEM(#11564,#11607);
#11609=IFCSHAPEREPRESENTATION(#24,'Body','MappedRepresentation',(#11608));
#11610=IFCOPENINGELEMENT('3QeSSbaXT9vxDFUsEEmlDn',$,'Opening',$,$,#11754,#11638,$,.OPENING.);
#11626=IFCCARTESIANPOINT((0.,0.,0.));
#11627=IFCDIRECTION((1.,0.,0.));
#11628=IFCDIRECTION((0.,0.,1.));
#11629=IFCAXIS2PLACEMENT3D(#11626,#11628,#11627);
#11630=IFCREPRESENTATIONMAP(#11629,#11744);
#11631=IFCCARTESIANPOINT((0.,0.,0.));
#11632=IFCDIRECTION((1.,0.,0.));
#11633=IFCDIRECTION((0.,1.,0.));
#11634=IFCDIRECTION((0.,0.,1.));
#11635=IFCCARTESIANTRANSFORMATIONOPERATOR3D(#11632,#11633,#11631,1.,#11634);
#11636=IFCMAPPEDITEM(#11630,#11635);
#11637=IFCSHAPEREPRESENTATION(#11,'Body','MappedRepresentation',(#11636));
#11638=IFCPRODUCTDEFINITIONSHAPE($,$,(#11637));
#11639=IFCRELVOIDSELEMENT('0Tyhmn2jv66AOmGNh5kiKL',$,$,$,#7994,#11610);
#11645=IFCRELFILLSELEMENT('3mFEiTmKD9GQlFKcoFwsTU',$,$,$,#11610,#11586);
#11666=IFCCARTESIANPOINTLIST3D(((0.,0.,0.),(0.77897179126739502,0.,0.),(0.77897179126739502,0.,0.89999997615814209),(0.,0.,0.89999997615814209)));
#11667=IFCINDEXEDPOLYCURVE(#11666,(IFCLINEINDEX((1,2,3,4,1))),$);
#11668=IFCSHAPEREPRESENTATION(#18,'Profile','Curve3D',(#11667));
#11669=IFCCARTESIANPOINTLIST2D(((0.,0.),(0.77897179126739502,0.),(0.77897179126739502,0.89999997615814209),(0.,0.89999997615814209)));
#11670=IFCINDEXEDPOLYCURVE(#11669,(IFCLINEINDEX((1,2,3,4,1))),$);
#11671=IFCCARTESIANPOINTLIST2D(((0.02500000037252903,0.02500000037252903),(0.75397179089486599,0.02500000037252903),(0.75397179089486599,0.87499997578561306),(0.02500000037252903,0.87499997578561306)));
#11672=IFCINDEXEDPOLYCURVE(#11671,(IFCLINEINDEX((1,2,3,4,1))),$);
#11673=IFCARBITRARYPROFILEDEFWITHVOIDS(.AREA.,$,#11670,(#11672));
#11674=IFCCARTESIANPOINT((0.,0.090000001713633537,0.));
#11675=IFCDIRECTION((0.,-1.,0.));
#11676=IFCDIRECTION((1.,0.,0.));
#11677=IFCAXIS2PLACEMENT3D(#11674,#11675,#11676);
#11678=IFCDIRECTION((0.,0.,-1.));
#11679=IFCEXTRUDEDAREASOLID(#11673,#11677,#11678,0.0099999997764825821);
#11680=IFCCARTESIANPOINTLIST2D(((0.,0.),(0.77897179126739502,0.),(0.77897179126739502,0.89999997615814209),(0.,0.89999997615814209)));
#11681=IFCINDEXEDPOLYCURVE(#11680,(IFCLINEINDEX((1,2,3,4,1))),$);
#11682=IFCCARTESIANPOINTLIST2D(((0.05000000074505806,0.05000000074505806),(0.72897179052233696,0.05000000074505806),(0.72897179052233696,0.84999997541308403),(0.05000000074505806,0.84999997541308403)));
#11683=IFCINDEXEDPOLYCURVE(#11682,(IFCLINEINDEX((1,2,3,4,1))),$);
#11684=IFCARBITRARYPROFILEDEFWITHVOIDS(.AREA.,$,#11681,(#11683));
#11685=IFCCARTESIANPOINT((0.,0.05000000074505806,0.));
#11686=IFCDIRECTION((0.,-1.,0.));
#11687=IFCDIRECTION((1.,0.,0.));
#11688=IFCAXIS2PLACEMENT3D(#11685,#11686,#11687);
#11689=IFCDIRECTION((0.,0.,-1.));
#11690=IFCEXTRUDEDAREASOLID(#11684,#11688,#11689,0.040000000968575478);
#11691=IFCCARTESIANPOINTLIST2D(((0.,0.),(0.72897179052233696,0.),(0.72897179052233696,0.84999997541308403),(0.,0.84999997541308403)));
#11692=IFCINDEXEDPOLYCURVE(#11691,(IFCLINEINDEX((1,2,3,4,1))),$);
#11693=IFCCARTESIANPOINTLIST2D(((0.035000000149011612,0.035000000149011612),(0.69397179037332535,0.035000000149011612),(0.69397179037332535,0.81499997526407242),(0.035000000149011612,0.81499997526407242)));
#11694=IFCINDEXEDPOLYCURVE(#11693,(IFCLINEINDEX((1,2,3,4,1))),$);
#11695=IFCARBITRARYPROFILEDEFWITHVOIDS(.AREA.,$,#11692,(#11694));
#11696=IFCCARTESIANPOINT((0.02500000037252903,0.090000001713633537,0.02500000037252903));
#11697=IFCDIRECTION((0.,-1.,0.));
#11698=IFCDIRECTION((1.,0.,0.));
#11699=IFCAXIS2PLACEMENT3D(#11696,#11697,#11698);
#11700=IFCDIRECTION((0.,0.,-1.));
#11701=IFCEXTRUDEDAREASOLID(#11695,#11699,#11700,0.035000000149011612);
#11702=IFCINDEXEDPOLYCURVE(#11703,(IFCLINEINDEX((1,2,3,4,1))),$);
#11703=IFCCARTESIANPOINTLIST2D(((0.035000000149011612,0.035000000149011612),(0.69397179037332535,0.035000000149011612),(0.69397179037332535,0.81499997526407242),(0.035000000149011612,0.81499997526407242)));
#11704=IFCARBITRARYCLOSEDPROFILEDEF(.AREA.,$,#11702);
#11705=IFCCARTESIANPOINT((0.02500000037252903,0.10250000178813934,0.02500000037252903));
#11706=IFCDIRECTION((0.,-1.,0.));
#11707=IFCDIRECTION((1.,0.,0.));
#11708=IFCAXIS2PLACEMENT3D(#11705,#11706,#11707);
#11709=IFCDIRECTION((0.,0.,-1.));
#11710=IFCEXTRUDEDAREASOLID(#11704,#11708,#11709,0.01);
#11711=IFCSHAPEREPRESENTATION(#11,'Body','SweptSolid',(#11679,#11690,#11701,#11710));
#11712=IFCSHAPEREPRESENTATION(#11,'Body','SweptSolid',(#11679,#11690));
#11713=IFCSHAPEASPECT((#11712),'Lining',$,.T.,#11595);
#11714=IFCSHAPEREPRESENTATION(#11,'Body','SweptSolid',(#11701));
#11715=IFCSHAPEASPECT((#11714),'Framing',$,.T.,#11595);
#11716=IFCSHAPEREPRESENTATION(#11,'Body','SweptSolid',(#11710));
#11717=IFCSHAPEASPECT((#11716),'Glazing',$,.T.,#11595);
#11718=IFCCARTESIANPOINTLIST2D(((0.05000000074505806,0.05000000074505806),(0.72897179052233696,0.05000000074505806)));
#11719=IFCINDEXEDPOLYCURVE(#11718,$,$);
#11720=IFCCARTESIANPOINTLIST2D(((0.,0.10000000149011612),(0.02500000037252903,0.10000000149011612),(0.02500000037252903,0.090000001713633537),(0.05000000074505806,0.090000001713633537),(0.05000000074505806,0.05000000074505806),(0.,0.05000000074505806)));
#11721=IFCINDEXEDPOLYCURVE(#11720,(IFCLINEINDEX((1,2,3,4,5,6,1))),$);
#11722=IFCCARTESIANPOINTLIST2D(((0.77897179126739502,0.10000000149011612),(0.75397179089486599,0.10000000149011612),(0.75397179089486599,0.090000001713633537),(0.72897179052233696,0.090000001713633537),(0.72897179052233696,0.05000000074505806),(0.77897179126739502,0.05000000074505806)));
#11723=IFCINDEXEDPOLYCURVE(#11722,(IFCLINEINDEX((1,2,3,4,5,6,1))),$);
#11724=IFCCARTESIANPOINTLIST2D(((0.02500000037252903,0.090000001713633537),(0.060000000521540642,0.090000001713633537),(0.060000000521540642,0.12500000186264515),(0.02500000037252903,0.12500000186264515)));
#11725=IFCINDEXEDPOLYCURVE(#11724,(IFCLINEINDEX((1,2,3,4,1))),$);
#11726=IFCINDEXEDPOLYCURVE(#11727,(IFCLINEINDEX((1,2,3,4,1))),$);
#11727=IFCCARTESIANPOINTLIST2D(((0.75397179089486599,0.090000001713633537),(0.71897179074585438,0.090000001713633537),(0.71897179074585438,0.12500000186264515),(0.75397179089486599,0.12500000186264515)));
#11728=IFCCARTESIANPOINTLIST2D(((0.060000000521540642,0.090000001713633537),(0.71897179074585438,0.090000001713633537)));
#11729=IFCINDEXEDPOLYCURVE(#11728,$,$);
#11730=IFCINDEXEDPOLYCURVE(#11731,$,$);
#11731=IFCCARTESIANPOINTLIST2D(((0.060000000521540642,0.12500000186264515),(0.71897179074585438,0.12500000186264515)));
#11732=IFCINDEXEDPOLYCURVE(#11733,$,$);
#11733=IFCCARTESIANPOINTLIST2D(((0.060000000521540642,0.10750000178813934),(0.71897179074585438,0.10750000178813934)));
#11734=IFCSHAPEREPRESENTATION(#24,'Body','Curve2D',(#11719,#11721,#11723,#11725,#11726,#11729,#11730,#11732));
#11735=IFCCARTESIANPOINTLIST2D(((0.,0.),(0.77897179126739502,0.),(0.77897179126739502,0.89999997615814209),(0.,0.89999997615814209)));
#11736=IFCINDEXEDPOLYCURVE(#11735,(IFCLINEINDEX((1,2,3,4,1))),$);
#11737=IFCARBITRARYCLOSEDPROFILEDEF(.AREA.,$,#11736);
#11738=IFCCARTESIANPOINT((0.,-0.60000002384185791,0.));
#11739=IFCDIRECTION((0.,-1.,0.));
#11740=IFCDIRECTION((1.,0.,0.));
#11741=IFCAXIS2PLACEMENT3D(#11738,#11739,#11740);
#11742=IFCDIRECTION((0.,0.,-1.));
#11743=IFCEXTRUDEDAREASOLID(#11737,#11741,#11742,1.2);
#11744=IFCSHAPEREPRESENTATION(#11,'Body','SweptSolid',(#11743));
#11750=IFCCARTESIANPOINT((1.5460006515093068,3.6011742077235454E-07,1.));
#11751=IFCDIRECTION((0.,0.,1.));
#11752=IFCDIRECTION((0.99999999999999289,1.1920928244535129E-07,0.));
#11753=IFCAXIS2PLACEMENT3D(#11750,#11751,#11752);
#11754=IFCLOCALPLACEMENT(#8383,#11753);
#11755=IFCCARTESIANPOINT((-1.7763568394002505E-15,0.,0.));
#11756=IFCDIRECTION((0.,0.,1.));
#11757=IFCDIRECTION((1.,0.,0.));
#11758=IFCAXIS2PLACEMENT3D(#11755,#11756,#11757);
#11759=IFCLOCALPLACEMENT(#11754,#11758);
#11760=IFCWINDOWTYPE('064zINP6D3KAx8cgj6Mm8o',$,'BEDROOM 1 - 2F - 2',$,$,(#11761),(#11763,#11771,#11861),$,$,.WINDOW.,.SINGLE_PANEL.,$,$);
#11761=IFCPROPERTYSET('08JY3rri1BTQUaAUaVHPFI',$,'BBIM_Window',$,(#11762));
#11762=IFCPROPERTYSINGLEVALUE('Data',$,IFCTEXT('{"window_type": "DOUBLE_PANEL_VERTICAL", "overall_height": 0.8999999761581421, "overall_width": 1.1795443296432495, "lining_properties": {"lining_depth": 0.05000000074505806, "lining_thickness": 0.05000000074505806, "lining_offset": 0.05000000074505806, "lining_to_panel_offset_x": 0.02500000037252903, "lining_to_panel_offset_y": 0.02500000037252903, "mullion_thickness": 0.048253536224365234, "first_mullion_offset": 0.5725924968719482}, "panel_properties": {"frame_depth": [0.03500000014901161, 0.03500000014901161, 0.03500000014901161], "frame_thickness": [0.03500000014901161, 0.03500000014901161, 0.03500000014901161]}}'),$);
#11763=IFCREPRESENTATIONMAP(#11764,#12010);
#11764=IFCAXIS2PLACEMENT3D(#11765,#11766,#11767);
#11765=IFCCARTESIANPOINT((0.,0.,0.));
#11766=IFCDIRECTION((0.,0.,1.));
#11767=IFCDIRECTION((1.,0.,0.));
#11771=IFCREPRESENTATIONMAP(#11772,#12095);
#11772=IFCAXIS2PLACEMENT3D(#11773,#11774,#11775);
#11773=IFCCARTESIANPOINT((0.,0.,0.));
#11774=IFCDIRECTION((0.,0.,1.));
#11775=IFCDIRECTION((1.,0.,0.));
#11861=IFCREPRESENTATIONMAP(#11862,#12134);
#11862=IFCAXIS2PLACEMENT3D(#11863,#11864,#11865);
#11863=IFCCARTESIANPOINT((0.,0.,0.));
#11864=IFCDIRECTION((0.,0.,1.));
#11865=IFCDIRECTION((1.,0.,0.));
#11928=IFCWINDOW('0CE5CQmlnFrPP8v2h7XBrr',$,'Window',$,$,#13629,#11937,$,0.89999997615814209,1.1795443296432495,$,.DOUBLE_PANEL_VERTICAL.,$);
#11929=IFCRELDEFINESBYTYPE('21v5jhWB5E6P8LSSnyJOf3',$,$,$,(#11928),#11760);
#11930=IFCCARTESIANPOINT((0.,0.,0.));
#11931=IFCDIRECTION((1.,0.,0.));
#11932=IFCDIRECTION((0.,1.,0.));
#11933=IFCDIRECTION((0.,0.,1.));
#11934=IFCCARTESIANTRANSFORMATIONOPERATOR3D(#11931,#11932,#11930,1.,#11933);
#11935=IFCMAPPEDITEM(#11763,#11934);
#11936=IFCSHAPEREPRESENTATION(#18,'Profile','MappedRepresentation',(#11935));
#11937=IFCPRODUCTDEFINITIONSHAPE($,$,(#11936,#11944,#11951));
#11938=IFCCARTESIANPOINT((0.,0.,0.));
#11939=IFCDIRECTION((1.,0.,0.));
#11940=IFCDIRECTION((0.,1.,0.));
#11941=IFCDIRECTION((0.,0.,1.));
#11942=IFCCARTESIANTRANSFORMATIONOPERATOR3D(#11939,#11940,#11938,1.,#11941);
#11943=IFCMAPPEDITEM(#11771,#11942);
#11944=IFCSHAPEREPRESENTATION(#11,'Body','MappedRepresentation',(#11943));
#11945=IFCCARTESIANPOINT((0.,0.,0.));
#11946=IFCDIRECTION((1.,0.,0.));
#11947=IFCDIRECTION((0.,1.,0.));
#11948=IFCDIRECTION((0.,0.,1.));
#11949=IFCCARTESIANTRANSFORMATIONOPERATOR3D(#11946,#11947,#11945,1.,#11948);
#11950=IFCMAPPEDITEM(#11861,#11949);
#11951=IFCSHAPEREPRESENTATION(#24,'Body','MappedRepresentation',(#11950));
#11952=IFCOPENINGELEMENT('0BLjWO8efEZ8zQ$hnA0isc',$,'Opening',$,$,#12184,#11980,$,.OPENING.);
#11968=IFCCARTESIANPOINT((0.,0.,0.));
#11969=IFCDIRECTION((1.,0.,0.));
#11970=IFCDIRECTION((0.,0.,1.));
#11971=IFCAXIS2PLACEMENT3D(#11968,#11970,#11969);
#11972=IFCREPRESENTATIONMAP(#11971,#12144);
#11973=IFCCARTESIANPOINT((0.,0.,0.));
#11974=IFCDIRECTION((1.,0.,0.));
#11975=IFCDIRECTION((0.,1.,0.));
#11976=IFCDIRECTION((0.,0.,1.));
#11977=IFCCARTESIANTRANSFORMATIONOPERATOR3D(#11974,#11975,#11973,1.,#11976);
#11978=IFCMAPPEDITEM(#11972,#11977);
#11979=IFCSHAPEREPRESENTATION(#11,'Body','MappedRepresentation',(#11978));
#11980=IFCPRODUCTDEFINITIONSHAPE($,$,(#11979));
#11981=IFCRELVOIDSELEMENT('1vhBvew$v6KBmJ6iSUJQqU',$,$,$,#7969,#11952);
#11987=IFCRELFILLSELEMENT('2gPZIitbHEKBv$BWm6PJGJ',$,$,$,#11952,#11928);
#12008=IFCCARTESIANPOINTLIST3D(((0.,0.,0.),(1.1795443296432495,0.,0.),(1.1795443296432495,0.,0.89999997615814209),(0.,0.,0.89999997615814209)));
#12009=IFCINDEXEDPOLYCURVE(#12008,(IFCLINEINDEX((1,2,3,4,1))),$);
#12010=IFCSHAPEREPRESENTATION(#18,'Profile','Curve3D',(#12009));
#12011=IFCCARTESIANPOINTLIST2D(((0.,0.),(0.57259249687194824,0.),(0.57259249687194824,0.89999997615814209),(0.,0.89999997615814209)));
#12012=IFCINDEXEDPOLYCURVE(#12011,(IFCLINEINDEX((1,2,3,4,1))),$);
#12013=IFCCARTESIANPOINTLIST2D(((0.02500000037252903,0.02500000037252903),(0.57346572913229465,0.02500000037252903),(0.57346572913229465,0.87499997578561306),(0.02500000037252903,0.87499997578561306)));
#12014=IFCINDEXEDPOLYCURVE(#12013,(IFCLINEINDEX((1,2,3,4,1))),$);
#12015=IFCARBITRARYPROFILEDEFWITHVOIDS(.AREA.,$,#12012,(#12014));
#12016=IFCCARTESIANPOINT((0.,0.090000001713633537,0.));
#12017=IFCDIRECTION((0.,-1.,0.));
#12018=IFCDIRECTION((1.,0.,0.));
#12019=IFCAXIS2PLACEMENT3D(#12016,#12017,#12018);
#12020=IFCDIRECTION((0.,0.,-1.));
#12021=IFCEXTRUDEDAREASOLID(#12015,#12019,#12020,0.0099999997764825821);
#12022=IFCCARTESIANPOINTLIST2D(((0.,0.),(0.57259249687194824,0.),(0.57259249687194824,0.89999997615814209),(0.,0.89999997615814209)));
#12023=IFCINDEXEDPOLYCURVE(#12022,(IFCLINEINDEX((1,2,3,4,1))),$);
#12024=IFCCARTESIANPOINTLIST2D(((0.05000000074505806,0.05000000074505806),(0.54846572875976562,0.05000000074505806),(0.54846572875976562,0.84999997541308403),(0.05000000074505806,0.84999997541308403)));
#12025=IFCINDEXEDPOLYCURVE(#12024,(IFCLINEINDEX((1,2,3,4,1))),$);
#12026=IFCARBITRARYPROFILEDEFWITHVOIDS(.AREA.,$,#12023,(#12025));
#12027=IFCCARTESIANPOINT((0.,0.05000000074505806,0.));
#12028=IFCDIRECTION((0.,-1.,0.));
#12029=IFCDIRECTION((1.,0.,0.));
#12030=IFCAXIS2PLACEMENT3D(#12027,#12028,#12029);
#12031=IFCDIRECTION((0.,0.,-1.));
#12032=IFCEXTRUDEDAREASOLID(#12026,#12030,#12031,0.040000000968575478);
#12033=IFCCARTESIANPOINTLIST2D(((0.,0.),(0.54846572875976562,0.),(0.54846572875976562,0.84999997541308403),(0.,0.84999997541308403)));
#12034=IFCINDEXEDPOLYCURVE(#12033,(IFCLINEINDEX((1,2,3,4,1))),$);
#12035=IFCCARTESIANPOINTLIST2D(((0.035000000149011612,0.035000000149011612),(0.51346572861075401,0.035000000149011612),(0.51346572861075401,0.81499997526407242),(0.035000000149011612,0.81499997526407242)));
#12036=IFCINDEXEDPOLYCURVE(#12035,(IFCLINEINDEX((1,2,3,4,1))),$);
#12037=IFCARBITRARYPROFILEDEFWITHVOIDS(.AREA.,$,#12034,(#12036));
#12038=IFCCARTESIANPOINT((0.02500000037252903,0.090000001713633537,0.02500000037252903));
#12039=IFCDIRECTION((0.,-1.,0.));
#12040=IFCDIRECTION((1.,0.,0.));
#12041=IFCAXIS2PLACEMENT3D(#12038,#12039,#12040);
#12042=IFCDIRECTION((0.,0.,-1.));
#12043=IFCEXTRUDEDAREASOLID(#12037,#12041,#12042,0.035000000149011612);
#12044=IFCINDEXEDPOLYCURVE(#12045,(IFCLINEINDEX((1,2,3,4,1))),$);
#12045=IFCCARTESIANPOINTLIST2D(((0.035000000149011612,0.035000000149011612),(0.51346572861075401,0.035000000149011612),(0.51346572861075401,0.81499997526407242),(0.035000000149011612,0.81499997526407242)));
#12046=IFCARBITRARYCLOSEDPROFILEDEF(.AREA.,$,#12044);
#12047=IFCCARTESIANPOINT((0.02500000037252903,0.10250000178813934,0.02500000037252903));
#12048=IFCDIRECTION((0.,-1.,0.));
#12049=IFCDIRECTION((1.,0.,0.));
#12050=IFCAXIS2PLACEMENT3D(#12047,#12048,#12049);
#12051=IFCDIRECTION((0.,0.,-1.));
#12052=IFCEXTRUDEDAREASOLID(#12046,#12050,#12051,0.01);
#12053=IFCCARTESIANPOINTLIST2D(((0.,0.),(0.60695183277130127,0.),(0.60695183277130127,0.89999997615814209),(0.,0.89999997615814209)));
#12054=IFCINDEXEDPOLYCURVE(#12053,(IFCLINEINDEX((1,2,3,4,1))),$);
#12055=IFCCARTESIANPOINTLIST2D(((-0.00087323226034641266,0.02500000037252903),(0.58195183239877224,0.02500000037252903),(0.58195183239877224,0.87499997578561306),(-0.00087323226034641266,0.87499997578561306)));
#12056=IFCINDEXEDPOLYCURVE(#12055,(IFCLINEINDEX((1,2,3,4,1))),$);
#12057=IFCARBITRARYPROFILEDEFWITHVOIDS(.AREA.,$,#12054,(#12056));
#12058=IFCCARTESIANPOINT((0.57259249687194824,0.090000001713633537,0.));
#12059=IFCDIRECTION((0.,-1.,0.));
#12060=IFCDIRECTION((1.,0.,0.));
#12061=IFCAXIS2PLACEMENT3D(#12058,#12059,#12060);
#12062=IFCDIRECTION((0.,0.,-1.));
#12063=IFCEXTRUDEDAREASOLID(#12057,#12061,#12062,0.0099999997764825821);
#12064=IFCCARTESIANPOINTLIST2D(((0.,0.),(0.60695183277130127,0.),(0.60695183277130127,0.89999997615814209),(0.,0.89999997615814209)));
#12065=IFCINDEXEDPOLYCURVE(#12064,(IFCLINEINDEX((1,2,3,4,1))),$);
#12066=IFCCARTESIANPOINTLIST2D(((0.024126768112182617,0.05000000074505806),(0.55695183202624321,0.05000000074505806),(0.55695183202624321,0.84999997541308403),(0.024126768112182617,0.84999997541308403)));
#12067=IFCINDEXEDPOLYCURVE(#12066,(IFCLINEINDEX((1,2,3,4,1))),$);
#12068=IFCARBITRARYPROFILEDEFWITHVOIDS(.AREA.,$,#12065,(#12067));
#12069=IFCCARTESIANPOINT((0.57259249687194824,0.05000000074505806,0.));
#12070=IFCDIRECTION((0.,-1.,0.));
#12071=IFCDIRECTION((1.,0.,0.));
#12072=IFCAXIS2PLACEMENT3D(#12069,#12070,#12071);
#12073=IFCDIRECTION((0.,0.,-1.));
#12074=IFCEXTRUDEDAREASOLID(#12068,#12072,#12073,0.040000000968575478);
#12075=IFCCARTESIANPOINTLIST2D(((0.,0.),(0.58282506465911865,0.),(0.58282506465911865,0.84999997541308403),(0.,0.84999997541308403)));
#12076=IFCINDEXEDPOLYCURVE(#12075,(IFCLINEINDEX((1,2,3,4,1))),$);
#12077=IFCCARTESIANPOINTLIST2D(((0.035000000149011612,0.035000000149011612),(0.54782506451010704,0.035000000149011612),(0.54782506451010704,0.81499997526407242),(0.035000000149011612,0.81499997526407242)));
#12078=IFCINDEXEDPOLYCURVE(#12077,(IFCLINEINDEX((1,2,3,4,1))),$);
#12079=IFCARBITRARYPROFILEDEFWITHVOIDS(.AREA.,$,#12076,(#12078));
#12080=IFCCARTESIANPOINT((0.57171926461160183,0.090000001713633537,0.02500000037252903));
#12081=IFCDIRECTION((0.,-1.,0.));
#12082=IFCDIRECTION((1.,0.,0.));
#12083=IFCAXIS2PLACEMENT3D(#12080,#12081,#12082);
#12084=IFCDIRECTION((0.,0.,-1.));
#12085=IFCEXTRUDEDAREASOLID(#12079,#12083,#12084,0.035000000149011612);
#12086=IFCINDEXEDPOLYCURVE(#12087,(IFCLINEINDEX((1,2,3,4,1))),$);
#12087=IFCCARTESIANPOINTLIST2D(((0.035000000149011612,0.035000000149011612),(0.54782506451010704,0.035000000149011612),(0.54782506451010704,0.81499997526407242),(0.035000000149011612,0.81499997526407242)));
#12088=IFCARBITRARYCLOSEDPROFILEDEF(.AREA.,$,#12086);
#12089=IFCCARTESIANPOINT((0.57171926461160183,0.10250000178813934,0.02500000037252903));
#12090=IFCDIRECTION((0.,-1.,0.));
#12091=IFCDIRECTION((1.,0.,0.));
#12092=IFCAXIS2PLACEMENT3D(#12089,#12090,#12091);
#12093=IFCDIRECTION((0.,0.,-1.));
#12094=IFCEXTRUDEDAREASOLID(#12088,#12092,#12093,0.01);
#12095=IFCSHAPEREPRESENTATION(#11,'Body','SweptSolid',(#12021,#12032,#12043,#12052,#12063,#12074,#12085,#12094));
#12096=IFCSHAPEREPRESENTATION(#11,'Body','SweptSolid',(#12021,#12032,#12063,#12074));
#12097=IFCSHAPEASPECT((#12096),'Lining',$,.T.,#11937);
#12098=IFCSHAPEREPRESENTATION(#11,'Body','SweptSolid',(#12043,#12085));
#12099=IFCSHAPEASPECT((#12098),'Framing',$,.T.,#11937);
#12100=IFCSHAPEREPRESENTATION(#11,'Body','SweptSolid',(#12052,#12094));
#12101=IFCSHAPEASPECT((#12100),'Glazing',$,.T.,#11937);
#12102=IFCCARTESIANPOINTLIST2D(((0.05000000074505806,0.05000000074505806),(0.54846572875976562,0.05000000074505806)));
#12103=IFCINDEXEDPOLYCURVE(#12102,$,$);
#12104=IFCCARTESIANPOINTLIST2D(((0.,0.10000000149011612),(0.02500000037252903,0.10000000149011612),(0.02500000037252903,0.090000001713633537),(0.05000000074505806,0.090000001713633537),(0.05000000074505806,0.05000000074505806),(0.,0.05000000074505806)));
#12105=IFCINDEXEDPOLYCURVE(#12104,(IFCLINEINDEX((1,2,3,4,5,6,1))),$);
#12106=IFCCARTESIANPOINTLIST2D(((0.57259249687194824,0.10000000149011612),(0.57346572913229465,0.10000000149011612),(0.57346572913229465,0.090000001713633537),(0.54846572875976562,0.090000001713633537),(0.54846572875976562,0.05000000074505806),(0.57259249687194824,0.05000000074505806)));
#12107=IFCINDEXEDPOLYCURVE(#12106,$,$);
#12108=IFCCARTESIANPOINTLIST2D(((0.02500000037252903,0.090000001713633537),(0.060000000521540642,0.090000001713633537),(0.060000000521540642,0.12500000186264515),(0.02500000037252903,0.12500000186264515)));
#12109=IFCINDEXEDPOLYCURVE(#12108,(IFCLINEINDEX((1,2,3,4,1))),$);
#12110=IFCINDEXEDPOLYCURVE(#12111,(IFCLINEINDEX((1,2,3,4,1))),$);
#12111=IFCCARTESIANPOINTLIST2D(((0.57346572913229465,0.090000001713633537),(0.53846572898328304,0.090000001713633537),(0.53846572898328304,0.12500000186264515),(0.57346572913229465,0.12500000186264515)));
#12112=IFCCARTESIANPOINTLIST2D(((0.060000000521540642,0.090000001713633537),(0.53846572898328304,0.090000001713633537)));
#12113=IFCINDEXEDPOLYCURVE(#12112,$,$);
#12114=IFCINDEXEDPOLYCURVE(#12115,$,$);
#12115=IFCCARTESIANPOINTLIST2D(((0.060000000521540642,0.12500000186264515),(0.53846572898328304,0.12500000186264515)));
#12116=IFCINDEXEDPOLYCURVE(#12117,$,$);
#12117=IFCCARTESIANPOINTLIST2D(((0.060000000521540642,0.10750000178813934),(0.53846572898328304,0.10750000178813934)));
#12118=IFCCARTESIANPOINTLIST2D(((0.59671926498413086,0.05000000074505806),(1.1295443288981915,0.05000000074505806)));
#12119=IFCINDEXEDPOLYCURVE(#12118,$,$);
#12120=IFCCARTESIANPOINTLIST2D(((0.57259249687194824,0.10000000149011612),(0.57171926461160183,0.10000000149011612),(0.57171926461160183,0.090000001713633537),(0.59671926498413086,0.090000001713633537),(0.59671926498413086,0.05000000074505806),(0.57259249687194824,0.05000000074505806)));
#12121=IFCINDEXEDPOLYCURVE(#12120,$,$);
#12122=IFCCARTESIANPOINTLIST2D(((1.1795443296432495,0.10000000149011612),(1.1545443292707205,0.10000000149011612),(1.1545443292707205,0.090000001713633537),(1.1295443288981915,0.090000001713633537),(1.1295443288981915,0.05000000074505806),(1.1795443296432495,0.05000000074505806)));
#12123=IFCINDEXEDPOLYCURVE(#12122,(IFCLINEINDEX((1,2,3,4,5,6,1))),$);
#12124=IFCCARTESIANPOINTLIST2D(((0.57171926461160183,0.090000001713633537),(0.60671926476061344,0.090000001713633537),(0.60671926476061344,0.12500000186264515),(0.57171926461160183,0.12500000186264515)));
#12125=IFCINDEXEDPOLYCURVE(#12124,(IFCLINEINDEX((1,2,3,4,1))),$);
#12126=IFCINDEXEDPOLYCURVE(#12127,(IFCLINEINDEX((1,2,3,4,1))),$);
#12127=IFCCARTESIANPOINTLIST2D(((1.1545443292707205,0.090000001713633537),(1.1195443291217089,0.090000001713633537),(1.1195443291217089,0.12500000186264515),(1.1545443292707205,0.12500000186264515)));
#12128=IFCCARTESIANPOINTLIST2D(((0.60671926476061344,0.090000001713633537),(1.1195443291217089,0.090000001713633537)));
#12129=IFCINDEXEDPOLYCURVE(#12128,$,$);
#12130=IFCINDEXEDPOLYCURVE(#12131,$,$);
#12131=IFCCARTESIANPOINTLIST2D(((0.60671926476061344,0.12500000186264515),(1.1195443291217089,0.12500000186264515)));
#12132=IFCINDEXEDPOLYCURVE(#12133,$,$);
#12133=IFCCARTESIANPOINTLIST2D(((0.60671926476061344,0.10750000178813934),(1.1195443291217089,0.10750000178813934)));
#12134=IFCSHAPEREPRESENTATION(#24,'Body','Curve2D',(#12103,#12105,#12107,#12109,#12110,#12113,#12114,#12116,#12119,#12121,#12123,#12125,#12126,#12129,#12130,#12132));
#12135=IFCCARTESIANPOINTLIST2D(((0.,0.),(1.1795443296432495,0.),(1.1795443296432495,0.89999997615814209),(0.,0.89999997615814209)));
#12136=IFCINDEXEDPOLYCURVE(#12135,(IFCLINEINDEX((1,2,3,4,1))),$);
#12137=IFCARBITRARYCLOSEDPROFILEDEF(.AREA.,$,#12136);
#12138=IFCCARTESIANPOINT((0.,-0.60000002384185791,0.));
#12139=IFCDIRECTION((0.,-1.,0.));
#12140=IFCDIRECTION((1.,0.,0.));
#12141=IFCAXIS2PLACEMENT3D(#12138,#12139,#12140);
#12142=IFCDIRECTION((0.,0.,-1.));
#12143=IFCEXTRUDEDAREASOLID(#12137,#12141,#12142,1.2);
#12144=IFCSHAPEREPRESENTATION(#11,'Body','SweptSolid',(#12143));
#12180=IFCCARTESIANPOINT((0.46120245754696709,6.564360219840637E-07,1.));
#12181=IFCDIRECTION((0.,0.,1.));
#12182=IFCDIRECTION((0.99999999999988631,-4.7683715820291007E-07,0.));
#12183=IFCAXIS2PLACEMENT3D(#12180,#12181,#12182);
#12184=IFCLOCALPLACEMENT(#7980,#12183);
#12190=IFCDOORTYPE('0kNo5YLK58cfSDKjPCGcfZ',$,'BALCONY - 2F',$,$,(#12191),(#12193,#12201,#12270,#12282),$,$,.DOOR.,.SINGLE_SWING_LEFT.,$,$);
#12191=IFCPROPERTYSET('0rdaFB8AL879g8FeWX6owM',$,'BBIM_Door',$,(#12192));
#12192=IFCPROPERTYSINGLEVALUE('Data',$,IFCTEXT('{"door_type": "SLIDING_TO_RIGHT", "overall_height": 1.9034554958343506, "overall_width": 1.9809023141860962, "lining_properties": {"lining_depth": 0.05000000074505806, "lining_thickness": 0.05000000074505806, "lining_offset": 0.0, "transom_thickness": 0.0, "casing_thickness": 0.07500000298023224, "casing_depth": 0.004999999888241291, "threshold_thickness": 0.02500000037252903, "threshold_depth": 0.10000000149011612, "threshold_offset": 0.0}, "panel_properties": {"panel_depth": 0.03500000014901161, "panel_width_ratio": 1.0}}'),$);
#12193=IFCREPRESENTATIONMAP(#12194,#12474);
#12194=IFCAXIS2PLACEMENT3D(#12195,#12196,#12197);
#12195=IFCCARTESIANPOINT((0.,0.,0.));
#12196=IFCDIRECTION((0.,0.,1.));
#12197=IFCDIRECTION((1.,0.,0.));
#12201=IFCREPRESENTATIONMAP(#12202,#12538);
#12202=IFCAXIS2PLACEMENT3D(#12203,#12204,#12205);
#12203=IFCCARTESIANPOINT((0.,0.,0.));
#12204=IFCDIRECTION((0.,0.,1.));
#12205=IFCDIRECTION((1.,0.,0.));
#12270=IFCREPRESENTATIONMAP(#12271,#12545);
#12271=IFCAXIS2PLACEMENT3D(#12272,#12273,#12274);
#12272=IFCCARTESIANPOINT((0.,0.,0.));
#12273=IFCDIRECTION((0.,0.,1.));
#12274=IFCDIRECTION((1.,0.,0.));
#12282=IFCREPRESENTATIONMAP(#12283,#12550);
#12283=IFCAXIS2PLACEMENT3D(#12284,#12285,#12286);
#12284=IFCCARTESIANPOINT((0.,0.,0.));
#12285=IFCDIRECTION((0.,0.,1.));
#12286=IFCDIRECTION((1.,0.,0.));
#12292=IFCDOOR('2keYtW5qD6puEgph82nICY',$,'Door',$,$,#12575,#12301,$,1.9034554958343506,1.9809023141860962,$,.SLIDING_TO_RIGHT.,$);
#12293=IFCRELDEFINESBYTYPE('17NvJpmCf8WBl2h51e3fIO',$,$,$,(#12292),#12190);
#12294=IFCCARTESIANPOINT((0.,0.,0.));
#12295=IFCDIRECTION((1.,0.,0.));
#12296=IFCDIRECTION((0.,1.,0.));
#12297=IFCDIRECTION((0.,0.,1.));
#12298=IFCCARTESIANTRANSFORMATIONOPERATOR3D(#12295,#12296,#12294,1.,#12297);
#12299=IFCMAPPEDITEM(#12193,#12298);
#12300=IFCSHAPEREPRESENTATION(#18,'Profile','MappedRepresentation',(#12299));
#12301=IFCPRODUCTDEFINITIONSHAPE($,$,(#12300,#12308,#12315,#12322));
#12302=IFCCARTESIANPOINT((0.,0.,0.));
#12303=IFCDIRECTION((1.,0.,0.));
#12304=IFCDIRECTION((0.,1.,0.));
#12305=IFCDIRECTION((0.,0.,1.));
#12306=IFCCARTESIANTRANSFORMATIONOPERATOR3D(#12303,#12304,#12302,1.,#12305);
#12307=IFCMAPPEDITEM(#12201,#12306);
#12308=IFCSHAPEREPRESENTATION(#11,'Body','MappedRepresentation',(#12307));
#12309=IFCCARTESIANPOINT((0.,0.,0.));
#12310=IFCDIRECTION((1.,0.,0.));
#12311=IFCDIRECTION((0.,1.,0.));
#12312=IFCDIRECTION((0.,0.,1.));
#12313=IFCCARTESIANTRANSFORMATIONOPERATOR3D(#12310,#12311,#12309,1.,#12312);
#12314=IFCMAPPEDITEM(#12270,#12313);
#12315=IFCSHAPEREPRESENTATION(#24,'Body','MappedRepresentation',(#12314));
#12316=IFCCARTESIANPOINT((0.,0.,0.));
#12317=IFCDIRECTION((1.,0.,0.));
#12318=IFCDIRECTION((0.,1.,0.));
#12319=IFCDIRECTION((0.,0.,1.));
#12320=IFCCARTESIANTRANSFORMATIONOPERATOR3D(#12317,#12318,#12316,1.,#12319);
#12321=IFCMAPPEDITEM(#12282,#12320);
#12322=IFCSHAPEREPRESENTATION(#25,'Annotation','MappedRepresentation',(#12321));
#12323=IFCOPENINGELEMENT('284fT_1ovCDh1ZWvUKIjDm',$,'Opening',$,$,#12570,#12351,$,.OPENING.);
#12339=IFCCARTESIANPOINT((0.,0.,0.));
#12340=IFCDIRECTION((1.,0.,0.));
#12341=IFCDIRECTION((0.,0.,1.));
#12342=IFCAXIS2PLACEMENT3D(#12339,#12341,#12340);
#12343=IFCREPRESENTATIONMAP(#12342,#12560);
#12344=IFCCARTESIANPOINT((0.,0.,0.));
#12345=IFCDIRECTION((1.,0.,0.));
#12346=IFCDIRECTION((0.,1.,0.));
#12347=IFCDIRECTION((0.,0.,1.));
#12348=IFCCARTESIANTRANSFORMATIONOPERATOR3D(#12345,#12346,#12344,1.,#12347);
#12349=IFCMAPPEDITEM(#12343,#12348);
#12350=IFCSHAPEREPRESENTATION(#11,'Body','MappedRepresentation',(#12349));
#12351=IFCPRODUCTDEFINITIONSHAPE($,$,(#12350));
#12352=IFCRELVOIDSELEMENT('35byaE1hzDd91CW2T29FSn',$,$,$,#9273,#12323);
#12358=IFCRELFILLSELEMENT('0shiV8Rbj2oAj2$9x$81En',$,$,$,#12323,#12292);
#12367=IFCCARTESIANPOINTLIST2D(((0.,0.),(0.,1.9034554958343506),(0.97920548915863037,1.9034554958343506),(0.97920548915863037,0.),(0.92920548841357231,0.),(0.92920548841357231,1.8534554950892925),(0.05000000074505806,1.8534554950892925),(0.05000000074505806,0.)));
#12368=IFCINDEXEDPOLYCURVE(#12367,(IFCLINEINDEX((1,2,3,4,5,6,7,8,1))),$);
#12369=IFCARBITRARYCLOSEDPROFILEDEF(.AREA.,$,#12368);
#12370=IFCCARTESIANPOINT((0.,0.,0.));
#12371=IFCDIRECTION((0.,-1.,0.));
#12372=IFCDIRECTION((1.,0.,0.));
#12373=IFCAXIS2PLACEMENT3D(#12370,#12371,#12372);
#12374=IFCDIRECTION((0.,0.,-1.));
#12375=IFCEXTRUDEDAREASOLID(#12369,#12373,#12374,0.05000000074505806);
#12376=IFCCARTESIANPOINTLIST2D(((0.,0.),(0.87920548766851425,0.),(0.87920548766851425,0.10000000149011612),(0.,0.10000000149011612)));
#12377=IFCINDEXEDPOLYCURVE(#12376,(IFCLINEINDEX((1,2,3,4,1))),$);
#12378=IFCARBITRARYCLOSEDPROFILEDEF(.AREA.,$,#12377);
#12379=IFCCARTESIANPOINT((0.05000000074505806,0.,0.));
#12380=IFCDIRECTION((0.,0.,1.));
#12381=IFCDIRECTION((1.,0.,0.));
#12382=IFCAXIS2PLACEMENT3D(#12379,#12380,#12381);
#12383=IFCDIRECTION((0.,0.,1.));
#12384=IFCEXTRUDEDAREASOLID(#12378,#12382,#12383,0.02500000037252903);
#12385=IFCCARTESIANPOINTLIST2D(((0.,0.),(0.,1.9284554980695248),(1.0292054936289787,1.9284554980695248),(1.0292054936289787,0.),(0.95420549064874649,0.),(0.95420549064874649,1.8534554950892925),(0.075000002980232239,1.8534554950892925),(0.075000002980232239,0.)));
#12386=IFCINDEXEDPOLYCURVE(#12385,(IFCLINEINDEX((1,2,3,4,5,6,7,8,1))),$);
#12387=IFCARBITRARYCLOSEDPROFILEDEF(.AREA.,$,#12386);
#12388=IFCCARTESIANPOINT((-0.025000002235174179,-0.004999999888241291,0.));
#12389=IFCDIRECTION((0.,-1.,0.));
#12390=IFCDIRECTION((1.,0.,0.));
#12391=IFCAXIS2PLACEMENT3D(#12388,#12389,#12390);
#12392=IFCDIRECTION((0.,0.,-1.));
#12393=IFCEXTRUDEDAREASOLID(#12387,#12391,#12392,0.004999999888241291);
#12394=IFCCARTESIANPOINTLIST2D(((0.,0.),(0.,1.9284554980695248),(1.0292054936289787,1.9284554980695248),(1.0292054936289787,0.),(0.95420549064874649,0.),(0.95420549064874649,1.8534554950892925),(0.075000002980232239,1.8534554950892925),(0.075000002980232239,0.)));
#12395=IFCINDEXEDPOLYCURVE(#12394,(IFCLINEINDEX((1,2,3,4,5,6,7,8,1))),$);
#12396=IFCARBITRARYCLOSEDPROFILEDEF(.AREA.,$,#12395);
#12397=IFCCARTESIANPOINT((-0.025000002235174179,0.05000000074505806,0.));
#12398=IFCDIRECTION((0.,-1.,0.));
#12399=IFCDIRECTION((1.,0.,0.));
#12400=IFCAXIS2PLACEMENT3D(#12397,#12398,#12399);
#12401=IFCDIRECTION((0.,0.,-1.));
#12402=IFCEXTRUDEDAREASOLID(#12396,#12400,#12401,0.004999999888241291);
#12403=IFCCARTESIANPOINTLIST2D(((0.,0.),(0.87920548766851425,0.),(0.87920548766851425,0.035000000149011612),(0.,0.035000000149011612)));
#12404=IFCINDEXEDPOLYCURVE(#12403,(IFCLINEINDEX((1,2,3,4,1))),$);
#12405=IFCARBITRARYCLOSEDPROFILEDEF(.AREA.,$,#12404);
#12406=IFCCARTESIANPOINT((0.05000000074505806,-0.035000000149011612,0.02500000037252903));
#12407=IFCDIRECTION((0.,0.,1.));
#12408=IFCDIRECTION((1.,0.,0.));
#12409=IFCAXIS2PLACEMENT3D(#12406,#12407,#12408);
#12410=IFCDIRECTION((0.,0.,1.));
#12411=IFCEXTRUDEDAREASOLID(#12405,#12409,#12410,1.8284554947167635);
#12412=IFCCARTESIANPOINTLIST2D(((0.,0.),(0.,-0.040000000000000001),(0.12,-0.040000000000000001),(0.12,-0.02),(0.02,-0.02),(0.02,0.)));
#12413=IFCINDEXEDPOLYCURVE(#12412,(IFCLINEINDEX((1,2,3,4,5,6,1))),$);
#12414=IFCARBITRARYCLOSEDPROFILEDEF(.AREA.,$,#12413);
#12415=IFCCARTESIANPOINT((0.10000000074505806,-0.035000000149011612,1.015000000372529));
#12416=IFCDIRECTION((0.,0.,1.));
#12417=IFCDIRECTION((1.,0.,0.));
#12418=IFCAXIS2PLACEMENT3D(#12415,#12416,#12417);
#12419=IFCDIRECTION((0.,0.,1.));
#12420=IFCEXTRUDEDAREASOLID(#12414,#12418,#12419,0.02);
#12421=IFCEXTRUDEDAREASOLID(#12422,#12425,#12429,0.02);
#12422=IFCARBITRARYCLOSEDPROFILEDEF(.AREA.,$,#12423);
#12423=IFCINDEXEDPOLYCURVE(#12424,(IFCLINEINDEX((1,2,3,4,5,6,1))),$);
#12424=IFCCARTESIANPOINTLIST2D(((0.,0.),(0.,0.040000000000000008),(0.11999999999999998,0.040000000000000008),(0.11999999999999998,0.020000000000000004),(0.020000000000000004,0.020000000000000004),(0.020000000000000004,0.)));
#12425=IFCAXIS2PLACEMENT3D(#12426,#12427,#12428);
#12426=IFCCARTESIANPOINT((0.10000000074505806,0.,1.015000000372529));
#12427=IFCDIRECTION((0.,0.,1.));
#12428=IFCDIRECTION((1.,0.,0.));
#12429=IFCDIRECTION((0.,0.,1.));
#12431=IFCSHAPEREPRESENTATION(#11,'Body','SweptSolid',(#12384,#12510,#12375,#12402,#12501,#12393,#12483,#12492));
#12432=IFCSHAPEASPECT((#12431),'Lining',$,.T.,#12301);
#12433=IFCSHAPEREPRESENTATION(#11,'Body','SweptSolid',(#12529,#12528,#12420,#12421,#12519,#12411));
#12434=IFCSHAPEASPECT((#12433),'Framing',$,.T.,#12301);
#12472=IFCCARTESIANPOINTLIST3D(((0.,0.,0.),(1.9809023141860962,0.,0.),(1.9809023141860962,0.,1.9034554958343506),(0.,0.,1.9034554958343506)));
#12473=IFCINDEXEDPOLYCURVE(#12472,(IFCLINEINDEX((1,2,3,4,1))),$);
#12474=IFCSHAPEREPRESENTATION(#18,'Profile','Curve3D',(#12473));
#12475=IFCCARTESIANPOINTLIST2D(((0.,0.),(0.,1.9034554958343506),(1.9809023141860962,1.9034554958343506),(1.9809023141860962,0.),(1.9309023134410381,0.),(1.9309023134410381,1.8534554950892925),(0.05000000074505806,1.8534554950892925),(0.05000000074505806,0.)));
#12476=IFCINDEXEDPOLYCURVE(#12475,(IFCLINEINDEX((1,2,3,4,5,6,7,8,1))),$);
#12477=IFCARBITRARYCLOSEDPROFILEDEF(.AREA.,$,#12476);
#12478=IFCCARTESIANPOINT((0.,0.,0.));
#12479=IFCDIRECTION((0.,-1.,0.));
#12480=IFCDIRECTION((1.,0.,0.));
#12481=IFCAXIS2PLACEMENT3D(#12478,#12479,#12480);
#12482=IFCDIRECTION((0.,0.,-1.));
#12483=IFCEXTRUDEDAREASOLID(#12477,#12481,#12482,0.05000000074505806);
#12484=IFCCARTESIANPOINTLIST2D(((0.,0.),(1.8809023126959801,0.),(1.8809023126959801,0.10000000149011612),(0.,0.10000000149011612)));
#12485=IFCINDEXEDPOLYCURVE(#12484,(IFCLINEINDEX((1,2,3,4,1))),$);
#12486=IFCARBITRARYCLOSEDPROFILEDEF(.AREA.,$,#12485);
#12487=IFCCARTESIANPOINT((0.05000000074505806,0.,0.));
#12488=IFCDIRECTION((0.,0.,1.));
#12489=IFCDIRECTION((1.,0.,0.));
#12490=IFCAXIS2PLACEMENT3D(#12487,#12488,#12489);
#12491=IFCDIRECTION((0.,0.,1.));
#12492=IFCEXTRUDEDAREASOLID(#12486,#12490,#12491,0.02500000037252903);
#12493=IFCCARTESIANPOINTLIST2D(((0.,0.),(0.,1.9284554980695248),(2.0309023186564445,1.9284554980695248),(2.0309023186564445,0.),(1.9559023156762123,0.),(1.9559023156762123,1.8534554950892925),(0.075000002980232239,1.8534554950892925),(0.075000002980232239,0.)));
#12494=IFCINDEXEDPOLYCURVE(#12493,(IFCLINEINDEX((1,2,3,4,5,6,7,8,1))),$);
#12495=IFCARBITRARYCLOSEDPROFILEDEF(.AREA.,$,#12494);
#12496=IFCCARTESIANPOINT((-0.025000002235174179,-0.004999999888241291,0.));
#12497=IFCDIRECTION((0.,-1.,0.));
#12498=IFCDIRECTION((1.,0.,0.));
#12499=IFCAXIS2PLACEMENT3D(#12496,#12497,#12498);
#12500=IFCDIRECTION((0.,0.,-1.));
#12501=IFCEXTRUDEDAREASOLID(#12495,#12499,#12500,0.004999999888241291);
#12502=IFCCARTESIANPOINTLIST2D(((0.,0.),(0.,1.9284554980695248),(2.0309023186564445,1.9284554980695248),(2.0309023186564445,0.),(1.9559023156762123,0.),(1.9559023156762123,1.8534554950892925),(0.075000002980232239,1.8534554950892925),(0.075000002980232239,0.)));
#12503=IFCINDEXEDPOLYCURVE(#12502,(IFCLINEINDEX((1,2,3,4,5,6,7,8,1))),$);
#12504=IFCARBITRARYCLOSEDPROFILEDEF(.AREA.,$,#12503);
#12505=IFCCARTESIANPOINT((-0.025000002235174179,0.05000000074505806,0.));
#12506=IFCDIRECTION((0.,-1.,0.));
#12507=IFCDIRECTION((1.,0.,0.));
#12508=IFCAXIS2PLACEMENT3D(#12505,#12506,#12507);
#12509=IFCDIRECTION((0.,0.,-1.));
#12510=IFCEXTRUDEDAREASOLID(#12504,#12508,#12509,0.004999999888241291);
#12511=IFCCARTESIANPOINTLIST2D(((0.,0.),(1.8809023126959801,0.),(1.8809023126959801,0.035000000149011612),(0.,0.035000000149011612)));
#12512=IFCINDEXEDPOLYCURVE(#12511,(IFCLINEINDEX((1,2,3,4,1))),$);
#12513=IFCARBITRARYCLOSEDPROFILEDEF(.AREA.,$,#12512);
#12514=IFCCARTESIANPOINT((0.05000000074505806,-0.035000000149011612,0.02500000037252903));
#12515=IFCDIRECTION((0.,0.,1.));
#12516=IFCDIRECTION((1.,0.,0.));
#12517=IFCAXIS2PLACEMENT3D(#12514,#12515,#12516);
#12518=IFCDIRECTION((0.,0.,1.));
#12519=IFCEXTRUDEDAREASOLID(#12513,#12517,#12518,1.8284554947167635);
#12520=IFCCARTESIANPOINTLIST2D(((0.,0.),(0.,-0.040000000000000001),(0.12,-0.040000000000000001),(0.12,-0.02),(0.02,-0.02),(0.02,0.)));
#12521=IFCINDEXEDPOLYCURVE(#12520,(IFCLINEINDEX((1,2,3,4,5,6,1))),$);
#12522=IFCARBITRARYCLOSEDPROFILEDEF(.AREA.,$,#12521);
#12523=IFCCARTESIANPOINT((0.10000000074505806,-0.035000000149011612,1.015000000372529));
#12524=IFCDIRECTION((0.,0.,1.));
#12525=IFCDIRECTION((1.,0.,0.));
#12526=IFCAXIS2PLACEMENT3D(#12523,#12524,#12525);
#12527=IFCDIRECTION((0.,0.,1.));
#12528=IFCEXTRUDEDAREASOLID(#12522,#12526,#12527,0.02);
#12529=IFCEXTRUDEDAREASOLID(#12530,#12533,#12537,0.02);
#12530=IFCARBITRARYCLOSEDPROFILEDEF(.AREA.,$,#12531);
#12531=IFCINDEXEDPOLYCURVE(#12532,(IFCLINEINDEX((1,2,3,4,5,6,1))),$);
#12532=IFCCARTESIANPOINTLIST2D(((0.,0.),(0.,0.040000000000000008),(0.11999999999999998,0.040000000000000008),(0.11999999999999998,0.020000000000000004),(0.020000000000000004,0.020000000000000004),(0.020000000000000004,0.)));
#12533=IFCAXIS2PLACEMENT3D(#12534,#12535,#12536);
#12534=IFCCARTESIANPOINT((0.10000000074505806,0.,1.015000000372529));
#12535=IFCDIRECTION((0.,0.,1.));
#12536=IFCDIRECTION((1.,0.,0.));
#12537=IFCDIRECTION((0.,0.,1.));
#12538=IFCSHAPEREPRESENTATION(#11,'Body','SweptSolid',(#12483,#12519,#12528,#12529,#12492,#12501,#12510));
#12539=IFCCARTESIANPOINTLIST2D(((0.,0.),(0.05000000074505806,0.),(0.05000000074505806,0.05000000074505806),(0.,0.05000000074505806)));
#12540=IFCINDEXEDPOLYCURVE(#12539,(IFCLINEINDEX((1,2,3,4,1))),$);
#12541=IFCINDEXEDPOLYCURVE(#12542,(IFCLINEINDEX((1,2,3,4,1))),$);
#12542=IFCCARTESIANPOINTLIST2D(((1.9809023141860962,0.),(1.9309023134410381,0.),(1.9309023134410381,0.05000000074505806),(1.9809023141860962,0.05000000074505806)));
#12543=IFCCARTESIANPOINTLIST2D(((2.8713534697890282,-0.035000000149011612),(0.9904511570930481,-0.035000000149011612),(0.9904511570930481,0.),(2.8713534697890282,0.)));
#12544=IFCINDEXEDPOLYCURVE(#12543,(IFCLINEINDEX((1,2,3,4,1))),$);
#12545=IFCSHAPEREPRESENTATION(#24,'Body','Curve2D',(#12540,#12541,#12544));
#12546=IFCCARTESIANPOINTLIST2D(((0.70831581018865108,-0.081587428267465345),(1.2725865039974451,-0.081587428267465345)));
#12547=IFCINDEXEDPOLYCURVE(#12546,$,$);
#12548=IFCCARTESIANPOINTLIST2D(((0.73831581018865111,-0.050529142855162856),(0.70831581018865108,-0.081587428267465345),(0.73831581018865111,-0.11264571367976783)));
#12549=IFCINDEXEDPOLYCURVE(#12548,$,$);
#12550=IFCSHAPEREPRESENTATION(#25,'Annotation','Curve2D',(#12547,#12549));
#12551=IFCCARTESIANPOINTLIST2D(((0.,0.),(1.9809023141860962,0.),(1.9809023141860962,1.9034554958343506),(0.,1.9034554958343506)));
#12552=IFCINDEXEDPOLYCURVE(#12551,(IFCLINEINDEX((1,2,3,4,1))),$);
#12553=IFCARBITRARYCLOSEDPROFILEDEF(.AREA.,$,#12552);
#12554=IFCCARTESIANPOINT((0.,-0.60000002384185791,0.));
#12555=IFCDIRECTION((0.,-1.,0.));
#12556=IFCDIRECTION((1.,0.,0.));
#12557=IFCAXIS2PLACEMENT3D(#12554,#12555,#12556);
#12558=IFCDIRECTION((0.,0.,-1.));
#12559=IFCEXTRUDEDAREASOLID(#12553,#12557,#12558,1.2);
#12560=IFCSHAPEREPRESENTATION(#11,'Body','SweptSolid',(#12559));
#12566=IFCCARTESIANPOINT((3.2560132741928101,0.10000002384185791,0.));
#12567=IFCDIRECTION((0.,0.,1.));
#12568=IFCDIRECTION((-0.99999999999998868,1.5099580252808492E-07,0.));
#12569=IFCAXIS2PLACEMENT3D(#12566,#12567,#12568);
#12570=IFCLOCALPLACEMENT(#9315,#12569);
#12571=IFCCARTESIANPOINT((-2.7755575615628914E-17,0.,0.));
#12572=IFCDIRECTION((0.,0.,1.));
#12573=IFCDIRECTION((1.,0.,0.));
#12574=IFCAXIS2PLACEMENT3D(#12571,#12572,#12573);
#12575=IFCLOCALPLACEMENT(#12570,#12574);
#12576=IFCWINDOWTYPE('1$_DrXG5DCTeNUUuEPwT_f',$,'MASTER BEDROOM - 2F - 1',$,$,(#12577),(#12579,#12587,#12635),$,$,.WINDOW.,.SINGLE_PANEL.,$,$);
#12577=IFCPROPERTYSET('2bdUQ2JibDyxmJOfLYImWw',$,'BBIM_Window',$,(#12578));
#12578=IFCPROPERTYSINGLEVALUE('Data',$,IFCTEXT('{"window_type": "SINGLE_PANEL", "overall_height": 0.8999999761581421, "overall_width": 0.7840566635131836, "lining_properties": {"lining_depth": 0.05000000074505806, "lining_thickness": 0.05000000074505806, "lining_offset": 0.05000000074505806, "lining_to_panel_offset_x": 0.02500000037252903, "lining_to_panel_offset_y": 0.02500000037252903}, "panel_properties": {"frame_depth": [0.03500000014901161, 0.03500000014901161, 0.03500000014901161], "frame_thickness": [0.03500000014901161, 0.03500000014901161, 0.03500000014901161]}}'),$);
#12579=IFCREPRESENTATIONMAP(#12580,#12739);
#12580=IFCAXIS2PLACEMENT3D(#12581,#12582,#12583);
#12581=IFCCARTESIANPOINT((0.,0.,0.));
#12582=IFCDIRECTION((0.,0.,1.));
#12583=IFCDIRECTION((1.,0.,0.));
#12587=IFCREPRESENTATIONMAP(#12588,#12782);
#12588=IFCAXIS2PLACEMENT3D(#12589,#12590,#12591);
#12589=IFCCARTESIANPOINT((0.,0.,0.));
#12590=IFCDIRECTION((0.,0.,1.));
#12591=IFCDIRECTION((1.,0.,0.));
#12635=IFCREPRESENTATIONMAP(#12636,#12805);
#12636=IFCAXIS2PLACEMENT3D(#12637,#12638,#12639);
#12637=IFCCARTESIANPOINT((0.,0.,0.));
#12638=IFCDIRECTION((0.,0.,1.));
#12639=IFCDIRECTION((1.,0.,0.));
#12657=IFCWINDOW('3fqeV1eHH3KAjYTCN29$Hz',$,'Window',$,$,#12830,#12666,$,0.89999997615814209,0.78405666351318359,$,.SINGLE_PANEL.,$);
#12658=IFCRELDEFINESBYTYPE('2JfzJbCAz0FfG_c6wTwGPJ',$,$,$,(#12657),#12576);
#12659=IFCCARTESIANPOINT((0.,0.,0.));
#12660=IFCDIRECTION((1.,0.,0.));
#12661=IFCDIRECTION((0.,1.,0.));
#12662=IFCDIRECTION((0.,0.,1.));
#12663=IFCCARTESIANTRANSFORMATIONOPERATOR3D(#12660,#12661,#12659,1.,#12662);
#12664=IFCMAPPEDITEM(#12579,#12663);
#12665=IFCSHAPEREPRESENTATION(#18,'Profile','MappedRepresentation',(#12664));
#12666=IFCPRODUCTDEFINITIONSHAPE($,$,(#12665,#12673,#12680));
#12667=IFCCARTESIANPOINT((0.,0.,0.));
#12668=IFCDIRECTION((1.,0.,0.));
#12669=IFCDIRECTION((0.,1.,0.));
#12670=IFCDIRECTION((0.,0.,1.));
#12671=IFCCARTESIANTRANSFORMATIONOPERATOR3D(#12668,#12669,#12667,1.,#12670);
#12672=IFCMAPPEDITEM(#12587,#12671);
#12673=IFCSHAPEREPRESENTATION(#11,'Body','MappedRepresentation',(#12672));
#12674=IFCCARTESIANPOINT((0.,0.,0.));
#12675=IFCDIRECTION((1.,0.,0.));
#12676=IFCDIRECTION((0.,1.,0.));
#12677=IFCDIRECTION((0.,0.,1.));
#12678=IFCCARTESIANTRANSFORMATIONOPERATOR3D(#12675,#12676,#12674,1.,#12677);
#12679=IFCMAPPEDITEM(#12635,#12678);
#12680=IFCSHAPEREPRESENTATION(#24,'Body','MappedRepresentation',(#12679));
#12681=IFCOPENINGELEMENT('0DoP1fjG90KB$FzvIiBfAQ',$,'Opening',$,$,#12825,#12709,$,.OPENING.);
#12697=IFCCARTESIANPOINT((0.,0.,0.));
#12698=IFCDIRECTION((1.,0.,0.));
#12699=IFCDIRECTION((0.,0.,1.));
#12700=IFCAXIS2PLACEMENT3D(#12697,#12699,#12698);
#12701=IFCREPRESENTATIONMAP(#12700,#12815);
#12702=IFCCARTESIANPOINT((0.,0.,0.));
#12703=IFCDIRECTION((1.,0.,0.));
#12704=IFCDIRECTION((0.,1.,0.));
#12705=IFCDIRECTION((0.,0.,1.));
#12706=IFCCARTESIANTRANSFORMATIONOPERATOR3D(#12703,#12704,#12702,1.,#12705);
#12707=IFCMAPPEDITEM(#12701,#12706);
#12708=IFCSHAPEREPRESENTATION(#11,'Body','MappedRepresentation',(#12707));
#12709=IFCPRODUCTDEFINITIONSHAPE($,$,(#12708));
#12710=IFCRELVOIDSELEMENT('16jsNYbXb0RA1KDxfsXbVk',$,$,$,#7994,#12681);
#12716=IFCRELFILLSELEMENT('2LQJq921LDGg7F_Wg_kiVd',$,$,$,#12681,#12657);
#12737=IFCCARTESIANPOINTLIST3D(((0.,0.,0.),(0.78405666351318359,0.,0.),(0.78405666351318359,0.,0.89999997615814209),(0.,0.,0.89999997615814209)));
#12738=IFCINDEXEDPOLYCURVE(#12737,(IFCLINEINDEX((1,2,3,4,1))),$);
#12739=IFCSHAPEREPRESENTATION(#18,'Profile','Curve3D',(#12738));
#12740=IFCCARTESIANPOINTLIST2D(((0.,0.),(0.78405666351318359,0.),(0.78405666351318359,0.89999997615814209),(0.,0.89999997615814209)));
#12741=IFCINDEXEDPOLYCURVE(#12740,(IFCLINEINDEX((1,2,3,4,1))),$);
#12742=IFCCARTESIANPOINTLIST2D(((0.02500000037252903,0.02500000037252903),(0.75905666314065456,0.02500000037252903),(0.75905666314065456,0.87499997578561306),(0.02500000037252903,0.87499997578561306)));
#12743=IFCINDEXEDPOLYCURVE(#12742,(IFCLINEINDEX((1,2,3,4,1))),$);
#12744=IFCARBITRARYPROFILEDEFWITHVOIDS(.AREA.,$,#12741,(#12743));
#12745=IFCCARTESIANPOINT((0.,0.090000001713633537,0.));
#12746=IFCDIRECTION((0.,-1.,0.));
#12747=IFCDIRECTION((1.,0.,0.));
#12748=IFCAXIS2PLACEMENT3D(#12745,#12746,#12747);
#12749=IFCDIRECTION((0.,0.,-1.));
#12750=IFCEXTRUDEDAREASOLID(#12744,#12748,#12749,0.0099999997764825821);
#12751=IFCCARTESIANPOINTLIST2D(((0.,0.),(0.78405666351318359,0.),(0.78405666351318359,0.89999997615814209),(0.,0.89999997615814209)));
#12752=IFCINDEXEDPOLYCURVE(#12751,(IFCLINEINDEX((1,2,3,4,1))),$);
#12753=IFCCARTESIANPOINTLIST2D(((0.05000000074505806,0.05000000074505806),(0.73405666276812553,0.05000000074505806),(0.73405666276812553,0.84999997541308403),(0.05000000074505806,0.84999997541308403)));
#12754=IFCINDEXEDPOLYCURVE(#12753,(IFCLINEINDEX((1,2,3,4,1))),$);
#12755=IFCARBITRARYPROFILEDEFWITHVOIDS(.AREA.,$,#12752,(#12754));
#12756=IFCCARTESIANPOINT((0.,0.05000000074505806,0.));
#12757=IFCDIRECTION((0.,-1.,0.));
#12758=IFCDIRECTION((1.,0.,0.));
#12759=IFCAXIS2PLACEMENT3D(#12756,#12757,#12758);
#12760=IFCDIRECTION((0.,0.,-1.));
#12761=IFCEXTRUDEDAREASOLID(#12755,#12759,#12760,0.040000000968575478);
#12762=IFCCARTESIANPOINTLIST2D(((0.,0.),(0.73405666276812553,0.),(0.73405666276812553,0.84999997541308403),(0.,0.84999997541308403)));
#12763=IFCINDEXEDPOLYCURVE(#12762,(IFCLINEINDEX((1,2,3,4,1))),$);
#12764=IFCCARTESIANPOINTLIST2D(((0.035000000149011612,0.035000000149011612),(0.69905666261911392,0.035000000149011612),(0.69905666261911392,0.81499997526407242),(0.035000000149011612,0.81499997526407242)));
#12765=IFCINDEXEDPOLYCURVE(#12764,(IFCLINEINDEX((1,2,3,4,1))),$);
#12766=IFCARBITRARYPROFILEDEFWITHVOIDS(.AREA.,$,#12763,(#12765));
#12767=IFCCARTESIANPOINT((0.02500000037252903,0.090000001713633537,0.02500000037252903));
#12768=IFCDIRECTION((0.,-1.,0.));
#12769=IFCDIRECTION((1.,0.,0.));
#12770=IFCAXIS2PLACEMENT3D(#12767,#12768,#12769);
#12771=IFCDIRECTION((0.,0.,-1.));
#12772=IFCEXTRUDEDAREASOLID(#12766,#12770,#12771,0.035000000149011612);
#12773=IFCINDEXEDPOLYCURVE(#12774,(IFCLINEINDEX((1,2,3,4,1))),$);
#12774=IFCCARTESIANPOINTLIST2D(((0.035000000149011612,0.035000000149011612),(0.69905666261911392,0.035000000149011612),(0.69905666261911392,0.81499997526407242),(0.035000000149011612,0.81499997526407242)));
#12775=IFCARBITRARYCLOSEDPROFILEDEF(.AREA.,$,#12773);
#12776=IFCCARTESIANPOINT((0.02500000037252903,0.10250000178813934,0.02500000037252903));
#12777=IFCDIRECTION((0.,-1.,0.));
#12778=IFCDIRECTION((1.,0.,0.));
#12779=IFCAXIS2PLACEMENT3D(#12776,#12777,#12778);
#12780=IFCDIRECTION((0.,0.,-1.));
#12781=IFCEXTRUDEDAREASOLID(#12775,#12779,#12780,0.01);
#12782=IFCSHAPEREPRESENTATION(#11,'Body','SweptSolid',(#12750,#12761,#12772,#12781));
#12783=IFCSHAPEREPRESENTATION(#11,'Body','SweptSolid',(#12750,#12761));
#12784=IFCSHAPEASPECT((#12783),'Lining',$,.T.,#12666);
#12785=IFCSHAPEREPRESENTATION(#11,'Body','SweptSolid',(#12772));
#12786=IFCSHAPEASPECT((#12785),'Framing',$,.T.,#12666);
#12787=IFCSHAPEREPRESENTATION(#11,'Body','SweptSolid',(#12781));
#12788=IFCSHAPEASPECT((#12787),'Glazing',$,.T.,#12666);
#12789=IFCCARTESIANPOINTLIST2D(((0.05000000074505806,0.05000000074505806),(0.73405666276812553,0.05000000074505806)));
#12790=IFCINDEXEDPOLYCURVE(#12789,$,$);
#12791=IFCCARTESIANPOINTLIST2D(((0.,0.10000000149011612),(0.02500000037252903,0.10000000149011612),(0.02500000037252903,0.090000001713633537),(0.05000000074505806,0.090000001713633537),(0.05000000074505806,0.05000000074505806),(0.,0.05000000074505806)));
#12792=IFCINDEXEDPOLYCURVE(#12791,(IFCLINEINDEX((1,2,3,4,5,6,1))),$);
#12793=IFCCARTESIANPOINTLIST2D(((0.78405666351318359,0.10000000149011612),(0.75905666314065456,0.10000000149011612),(0.75905666314065456,0.090000001713633537),(0.73405666276812553,0.090000001713633537),(0.73405666276812553,0.05000000074505806),(0.78405666351318359,0.05000000074505806)));
#12794=IFCINDEXEDPOLYCURVE(#12793,(IFCLINEINDEX((1,2,3,4,5,6,1))),$);
#12795=IFCCARTESIANPOINTLIST2D(((0.02500000037252903,0.090000001713633537),(0.060000000521540642,0.090000001713633537),(0.060000000521540642,0.12500000186264515),(0.02500000037252903,0.12500000186264515)));
#12796=IFCINDEXEDPOLYCURVE(#12795,(IFCLINEINDEX((1,2,3,4,1))),$);
#12797=IFCINDEXEDPOLYCURVE(#12798,(IFCLINEINDEX((1,2,3,4,1))),$);
#12798=IFCCARTESIANPOINTLIST2D(((0.75905666314065456,0.090000001713633537),(0.72405666299164295,0.090000001713633537),(0.72405666299164295,0.12500000186264515),(0.75905666314065456,0.12500000186264515)));
#12799=IFCCARTESIANPOINTLIST2D(((0.060000000521540642,0.090000001713633537),(0.72405666299164295,0.090000001713633537)));
#12800=IFCINDEXEDPOLYCURVE(#12799,$,$);
#12801=IFCINDEXEDPOLYCURVE(#12802,$,$);
#12802=IFCCARTESIANPOINTLIST2D(((0.060000000521540642,0.12500000186264515),(0.72405666299164295,0.12500000186264515)));
#12803=IFCINDEXEDPOLYCURVE(#12804,$,$);
#12804=IFCCARTESIANPOINTLIST2D(((0.060000000521540642,0.10750000178813934),(0.72405666299164295,0.10750000178813934)));
#12805=IFCSHAPEREPRESENTATION(#24,'Body','Curve2D',(#12790,#12792,#12794,#12796,#12797,#12800,#12801,#12803));
#12806=IFCCARTESIANPOINTLIST2D(((0.,0.),(0.78405666351318359,0.),(0.78405666351318359,0.89999997615814209),(0.,0.89999997615814209)));
#12807=IFCINDEXEDPOLYCURVE(#12806,(IFCLINEINDEX((1,2,3,4,1))),$);
#12808=IFCARBITRARYCLOSEDPROFILEDEF(.AREA.,$,#12807);
#12809=IFCCARTESIANPOINT((0.,-0.60000002384185791,0.));
#12810=IFCDIRECTION((0.,-1.,0.));
#12811=IFCDIRECTION((1.,0.,0.));
#12812=IFCAXIS2PLACEMENT3D(#12809,#12810,#12811);
#12813=IFCDIRECTION((0.,0.,-1.));
#12814=IFCEXTRUDEDAREASOLID(#12808,#12812,#12813,1.2);
#12815=IFCSHAPEREPRESENTATION(#11,'Body','SweptSolid',(#12814));
#12821=IFCCARTESIANPOINT((3.5636795083590069,6.8462405966585038E-07,1.));
#12822=IFCDIRECTION((0.,0.,1.));
#12823=IFCDIRECTION((0.99999999999999289,1.1920928244535129E-07,0.));
#12824=IFCAXIS2PLACEMENT3D(#12821,#12822,#12823);
#12825=IFCLOCALPLACEMENT(#8383,#12824);
#12826=IFCCARTESIANPOINT((-8.8817841970012523E-16,0.,0.));
#12827=IFCDIRECTION((0.,0.,1.));
#12828=IFCDIRECTION((1.,0.,0.));
#12829=IFCAXIS2PLACEMENT3D(#12826,#12827,#12828);
#12830=IFCLOCALPLACEMENT(#12825,#12829);
#12831=IFCWINDOWTYPE('2323O56AT02x8eJFsgNen$',$,'MASTER BEDROOM - 2F - 2',$,$,(#12832),(#12834,#12842,#12890),$,$,.WINDOW.,.SINGLE_PANEL.,$,$);
#12832=IFCPROPERTYSET('1F4rrAx3zD0PHiMOQF89nL',$,'BBIM_Window',$,(#12833));
#12833=IFCPROPERTYSINGLEVALUE('Data',$,IFCTEXT('{"window_type": "SINGLE_PANEL", "overall_height": 0.8999999761581421, "overall_width": 0.7976164817810059, "lining_properties": {"lining_depth": 0.05000000074505806, "lining_thickness": 0.05000000074505806, "lining_offset": 0.05000000074505806, "lining_to_panel_offset_x": 0.02500000037252903, "lining_to_panel_offset_y": 0.02500000037252903}, "panel_properties": {"frame_depth": [0.03500000014901161, 0.03500000014901161, 0.03500000014901161], "frame_thickness": [0.03500000014901161, 0.03500000014901161, 0.03500000014901161]}}'),$);
#12834=IFCREPRESENTATIONMAP(#12835,#12994);
#12835=IFCAXIS2PLACEMENT3D(#12836,#12837,#12838);
#12836=IFCCARTESIANPOINT((0.,0.,0.));
#12837=IFCDIRECTION((0.,0.,1.));
#12838=IFCDIRECTION((1.,0.,0.));
#12842=IFCREPRESENTATIONMAP(#12843,#13037);
#12843=IFCAXIS2PLACEMENT3D(#12844,#12845,#12846);
#12844=IFCCARTESIANPOINT((0.,0.,0.));
#12845=IFCDIRECTION((0.,0.,1.));
#12846=IFCDIRECTION((1.,0.,0.));
#12890=IFCREPRESENTATIONMAP(#12891,#13060);
#12891=IFCAXIS2PLACEMENT3D(#12892,#12893,#12894);
#12892=IFCCARTESIANPOINT((0.,0.,0.));
#12893=IFCDIRECTION((0.,0.,1.));
#12894=IFCDIRECTION((1.,0.,0.));
#12912=IFCWINDOW('0jSW7G5KT1Lf7JLBoM73BH',$,'Window',$,$,#13085,#12921,$,0.89999997615814209,0.79761648178100586,$,.SINGLE_PANEL.,$);
#12913=IFCRELDEFINESBYTYPE('3w8W7F$Fn1ePnQodZc0s$O',$,$,$,(#12912),#12831);
#12914=IFCCARTESIANPOINT((0.,0.,0.));
#12915=IFCDIRECTION((1.,0.,0.));
#12916=IFCDIRECTION((0.,1.,0.));
#12917=IFCDIRECTION((0.,0.,1.));
#12918=IFCCARTESIANTRANSFORMATIONOPERATOR3D(#12915,#12916,#12914,1.,#12917);
#12919=IFCMAPPEDITEM(#12834,#12918);
#12920=IFCSHAPEREPRESENTATION(#18,'Profile','MappedRepresentation',(#12919));
#12921=IFCPRODUCTDEFINITIONSHAPE($,$,(#12920,#12928,#12935));
#12922=IFCCARTESIANPOINT((0.,0.,0.));
#12923=IFCDIRECTION((1.,0.,0.));
#12924=IFCDIRECTION((0.,1.,0.));
#12925=IFCDIRECTION((0.,0.,1.));
#12926=IFCCARTESIANTRANSFORMATIONOPERATOR3D(#12923,#12924,#12922,1.,#12925);
#12927=IFCMAPPEDITEM(#12842,#12926);
#12928=IFCSHAPEREPRESENTATION(#11,'Body','MappedRepresentation',(#12927));
#12929=IFCCARTESIANPOINT((0.,0.,0.));
#12930=IFCDIRECTION((1.,0.,0.));
#12931=IFCDIRECTION((0.,1.,0.));
#12932=IFCDIRECTION((0.,0.,1.));
#12933=IFCCARTESIANTRANSFORMATIONOPERATOR3D(#12930,#12931,#12929,1.,#12932);
#12934=IFCMAPPEDITEM(#12890,#12933);
#12935=IFCSHAPEREPRESENTATION(#24,'Body','MappedRepresentation',(#12934));
#12936=IFCOPENINGELEMENT('0QbJ$JowD6lOcgr3nAxBOb',$,'Opening',$,$,#13080,#12964,$,.OPENING.);
#12952=IFCCARTESIANPOINT((0.,0.,0.));
#12953=IFCDIRECTION((1.,0.,0.));
#12954=IFCDIRECTION((0.,0.,1.));
#12955=IFCAXIS2PLACEMENT3D(#12952,#12954,#12953);
#12956=IFCREPRESENTATIONMAP(#12955,#13070);
#12957=IFCCARTESIANPOINT((0.,0.,0.));
#12958=IFCDIRECTION((1.,0.,0.));
#12959=IFCDIRECTION((0.,1.,0.));
#12960=IFCDIRECTION((0.,0.,1.));
#12961=IFCCARTESIANTRANSFORMATIONOPERATOR3D(#12958,#12959,#12957,1.,#12960);
#12962=IFCMAPPEDITEM(#12956,#12961);
#12963=IFCSHAPEREPRESENTATION(#11,'Body','MappedRepresentation',(#12962));
#12964=IFCPRODUCTDEFINITIONSHAPE($,$,(#12963));
#12965=IFCRELVOIDSELEMENT('2j$Ggp0CPCoAt9VlF_WFEI',$,$,$,#7994,#12936);
#12971=IFCRELFILLSELEMENT('2IlELFu0r9e90665WrS1E7',$,$,$,#12936,#12912);
#12992=IFCCARTESIANPOINTLIST3D(((0.,0.,0.),(0.79761648178100586,0.,0.),(0.79761648178100586,0.,0.89999997615814209),(0.,0.,0.89999997615814209)));
#12993=IFCINDEXEDPOLYCURVE(#12992,(IFCLINEINDEX((1,2,3,4,1))),$);
#12994=IFCSHAPEREPRESENTATION(#18,'Profile','Curve3D',(#12993));
#12995=IFCCARTESIANPOINTLIST2D(((0.,0.),(0.79761648178100586,0.),(0.79761648178100586,0.89999997615814209),(0.,0.89999997615814209)));
#12996=IFCINDEXEDPOLYCURVE(#12995,(IFCLINEINDEX((1,2,3,4,1))),$);
#12997=IFCCARTESIANPOINTLIST2D(((0.02500000037252903,0.02500000037252903),(0.77261648140847683,0.02500000037252903),(0.77261648140847683,0.87499997578561306),(0.02500000037252903,0.87499997578561306)));
#12998=IFCINDEXEDPOLYCURVE(#12997,(IFCLINEINDEX((1,2,3,4,1))),$);
#12999=IFCARBITRARYPROFILEDEFWITHVOIDS(.AREA.,$,#12996,(#12998));
#13000=IFCCARTESIANPOINT((0.,0.090000001713633537,0.));
#13001=IFCDIRECTION((0.,-1.,0.));
#13002=IFCDIRECTION((1.,0.,0.));
#13003=IFCAXIS2PLACEMENT3D(#13000,#13001,#13002);
#13004=IFCDIRECTION((0.,0.,-1.));
#13005=IFCEXTRUDEDAREASOLID(#12999,#13003,#13004,0.0099999997764825821);
#13006=IFCCARTESIANPOINTLIST2D(((0.,0.),(0.79761648178100586,0.),(0.79761648178100586,0.89999997615814209),(0.,0.89999997615814209)));
#13007=IFCINDEXEDPOLYCURVE(#13006,(IFCLINEINDEX((1,2,3,4,1))),$);
#13008=IFCCARTESIANPOINTLIST2D(((0.05000000074505806,0.05000000074505806),(0.7476164810359478,0.05000000074505806),(0.7476164810359478,0.84999997541308403),(0.05000000074505806,0.84999997541308403)));
#13009=IFCINDEXEDPOLYCURVE(#13008,(IFCLINEINDEX((1,2,3,4,1))),$);
#13010=IFCARBITRARYPROFILEDEFWITHVOIDS(.AREA.,$,#13007,(#13009));
#13011=IFCCARTESIANPOINT((0.,0.05000000074505806,0.));
#13012=IFCDIRECTION((0.,-1.,0.));
#13013=IFCDIRECTION((1.,0.,0.));
#13014=IFCAXIS2PLACEMENT3D(#13011,#13012,#13013);
#13015=IFCDIRECTION((0.,0.,-1.));
#13016=IFCEXTRUDEDAREASOLID(#13010,#13014,#13015,0.040000000968575478);
#13017=IFCCARTESIANPOINTLIST2D(((0.,0.),(0.7476164810359478,0.),(0.7476164810359478,0.84999997541308403),(0.,0.84999997541308403)));
#13018=IFCINDEXEDPOLYCURVE(#13017,(IFCLINEINDEX((1,2,3,4,1))),$);
#13019=IFCCARTESIANPOINTLIST2D(((0.035000000149011612,0.035000000149011612),(0.71261648088693619,0.035000000149011612),(0.71261648088693619,0.81499997526407242),(0.035000000149011612,0.81499997526407242)));
#13020=IFCINDEXEDPOLYCURVE(#13019,(IFCLINEINDEX((1,2,3,4,1))),$);
#13021=IFCARBITRARYPROFILEDEFWITHVOIDS(.AREA.,$,#13018,(#13020));
#13022=IFCCARTESIANPOINT((0.02500000037252903,0.090000001713633537,0.02500000037252903));
#13023=IFCDIRECTION((0.,-1.,0.));
#13024=IFCDIRECTION((1.,0.,0.));
#13025=IFCAXIS2PLACEMENT3D(#13022,#13023,#13024);
#13026=IFCDIRECTION((0.,0.,-1.));
#13027=IFCEXTRUDEDAREASOLID(#13021,#13025,#13026,0.035000000149011612);
#13028=IFCINDEXEDPOLYCURVE(#13029,(IFCLINEINDEX((1,2,3,4,1))),$);
#13029=IFCCARTESIANPOINTLIST2D(((0.035000000149011612,0.035000000149011612),(0.71261648088693619,0.035000000149011612),(0.71261648088693619,0.81499997526407242),(0.035000000149011612,0.81499997526407242)));
#13030=IFCARBITRARYCLOSEDPROFILEDEF(.AREA.,$,#13028);
#13031=IFCCARTESIANPOINT((0.02500000037252903,0.10250000178813934,0.02500000037252903));
#13032=IFCDIRECTION((0.,-1.,0.));
#13033=IFCDIRECTION((1.,0.,0.));
#13034=IFCAXIS2PLACEMENT3D(#13031,#13032,#13033);
#13035=IFCDIRECTION((0.,0.,-1.));
#13036=IFCEXTRUDEDAREASOLID(#13030,#13034,#13035,0.01);
#13037=IFCSHAPEREPRESENTATION(#11,'Body','SweptSolid',(#13005,#13016,#13027,#13036));
#13038=IFCSHAPEREPRESENTATION(#11,'Body','SweptSolid',(#13005,#13016));
#13039=IFCSHAPEASPECT((#13038),'Lining',$,.T.,#12921);
#13040=IFCSHAPEREPRESENTATION(#11,'Body','SweptSolid',(#13027));
#13041=IFCSHAPEASPECT((#13040),'Framing',$,.T.,#12921);
#13042=IFCSHAPEREPRESENTATION(#11,'Body','SweptSolid',(#13036));
#13043=IFCSHAPEASPECT((#13042),'Glazing',$,.T.,#12921);
#13044=IFCCARTESIANPOINTLIST2D(((0.05000000074505806,0.05000000074505806),(0.7476164810359478,0.05000000074505806)));
#13045=IFCINDEXEDPOLYCURVE(#13044,$,$);
#13046=IFCCARTESIANPOINTLIST2D(((0.,0.10000000149011612),(0.02500000037252903,0.10000000149011612),(0.02500000037252903,0.090000001713633537),(0.05000000074505806,0.090000001713633537),(0.05000000074505806,0.05000000074505806),(0.,0.05000000074505806)));
#13047=IFCINDEXEDPOLYCURVE(#13046,(IFCLINEINDEX((1,2,3,4,5,6,1))),$);
#13048=IFCCARTESIANPOINTLIST2D(((0.79761648178100586,0.10000000149011612),(0.77261648140847683,0.10000000149011612),(0.77261648140847683,0.090000001713633537),(0.7476164810359478,0.090000001713633537),(0.7476164810359478,0.05000000074505806),(0.79761648178100586,0.05000000074505806)));
#13049=IFCINDEXEDPOLYCURVE(#13048,(IFCLINEINDEX((1,2,3,4,5,6,1))),$);
#13050=IFCCARTESIANPOINTLIST2D(((0.02500000037252903,0.090000001713633537),(0.060000000521540642,0.090000001713633537),(0.060000000521540642,0.12500000186264515),(0.02500000037252903,0.12500000186264515)));
#13051=IFCINDEXEDPOLYCURVE(#13050,(IFCLINEINDEX((1,2,3,4,1))),$);
#13052=IFCINDEXEDPOLYCURVE(#13053,(IFCLINEINDEX((1,2,3,4,1))),$);
#13053=IFCCARTESIANPOINTLIST2D(((0.77261648140847683,0.090000001713633537),(0.73761648125946522,0.090000001713633537),(0.73761648125946522,0.12500000186264515),(0.77261648140847683,0.12500000186264515)));
#13054=IFCCARTESIANPOINTLIST2D(((0.060000000521540642,0.090000001713633537),(0.73761648125946522,0.090000001713633537)));
#13055=IFCINDEXEDPOLYCURVE(#13054,$,$);
#13056=IFCINDEXEDPOLYCURVE(#13057,$,$);
#13057=IFCCARTESIANPOINTLIST2D(((0.060000000521540642,0.12500000186264515),(0.73761648125946522,0.12500000186264515)));
#13058=IFCINDEXEDPOLYCURVE(#13059,$,$);
#13059=IFCCARTESIANPOINTLIST2D(((0.060000000521540642,0.10750000178813934),(0.73761648125946522,0.10750000178813934)));
#13060=IFCSHAPEREPRESENTATION(#24,'Body','Curve2D',(#13045,#13047,#13049,#13051,#13052,#13055,#13056,#13058));
#13061=IFCCARTESIANPOINTLIST2D(((0.,0.),(0.79761648178100586,0.),(0.79761648178100586,0.89999997615814209),(0.,0.89999997615814209)));
#13062=IFCINDEXEDPOLYCURVE(#13061,(IFCLINEINDEX((1,2,3,4,1))),$);
#13063=IFCARBITRARYCLOSEDPROFILEDEF(.AREA.,$,#13062);
#13064=IFCCARTESIANPOINT((0.,-0.60000002384185791,0.));
#13065=IFCDIRECTION((0.,-1.,0.));
#13066=IFCDIRECTION((1.,0.,0.));
#13067=IFCAXIS2PLACEMENT3D(#13064,#13065,#13066);
#13068=IFCDIRECTION((0.,0.,-1.));
#13069=IFCEXTRUDEDAREASOLID(#13063,#13067,#13068,1.2);
#13070=IFCSHAPEREPRESENTATION(#11,'Body','SweptSolid',(#13069));
#13076=IFCCARTESIANPOINT((6.1228606025286521,9.6824841655518412E-07,1.));
#13077=IFCDIRECTION((0.,0.,1.));
#13078=IFCDIRECTION((0.99999999999999289,1.1920928244535129E-07,0.));
#13079=IFCAXIS2PLACEMENT3D(#13076,#13077,#13078);
#13080=IFCLOCALPLACEMENT(#8383,#13079);
#13081=IFCCARTESIANPOINT((0.,0.,0.));
#13082=IFCDIRECTION((0.,0.,1.));
#13083=IFCDIRECTION((1.,0.,0.));
#13084=IFCAXIS2PLACEMENT3D(#13081,#13082,#13083);
#13085=IFCLOCALPLACEMENT(#13080,#13084);
#13086=IFCWINDOWTYPE('2zRau2QV9Fdw$t_H2O1Y$G',$,'BEDROOM 2 - 2F',$,$,(#13087),(#13089,#13097,#13145),$,$,.WINDOW.,.SINGLE_PANEL.,$,$);
#13087=IFCPROPERTYSET('2wBqvV_$fFFB4F$GGf2_5_',$,'BBIM_Window',$,(#13088));
#13088=IFCPROPERTYSINGLEVALUE('Data',$,IFCTEXT('{"window_type": "DOUBLE_PANEL_VERTICAL", "overall_height": 0.8999999761581421, "overall_width": 1.2064476013183594, "lining_properties": {"lining_depth": 0.05000000074505806, "lining_thickness": 0.05000000074505806, "lining_offset": 0.05000000074505806, "lining_to_panel_offset_x": 0.02500000037252903, "lining_to_panel_offset_y": 0.02500000037252903, "mullion_thickness": 0.05000000074505806, "first_mullion_offset": 0.30000001192092896}, "panel_properties": {"frame_depth": [0.03500000014901161, 0.03500000014901161, 0.03500000014901161], "frame_thickness": [0.03500000014901161, 0.03500000014901161, 0.03500000014901161]}}'),$);
#13089=IFCREPRESENTATIONMAP(#13090,#13328);
#13090=IFCAXIS2PLACEMENT3D(#13091,#13092,#13093);
#13091=IFCCARTESIANPOINT((0.,0.,0.));
#13092=IFCDIRECTION((0.,0.,1.));
#13093=IFCDIRECTION((1.,0.,0.));
#13097=IFCREPRESENTATIONMAP(#13098,#13409);
#13098=IFCAXIS2PLACEMENT3D(#13099,#13100,#13101);
#13099=IFCCARTESIANPOINT((0.,0.,0.));
#13100=IFCDIRECTION((0.,0.,1.));
#13101=IFCDIRECTION((1.,0.,0.));
#13145=IFCREPRESENTATIONMAP(#13146,#13442);
#13146=IFCAXIS2PLACEMENT3D(#13147,#13148,#13149);
#13147=IFCCARTESIANPOINT((0.,0.,0.));
#13148=IFCDIRECTION((0.,0.,1.));
#13149=IFCDIRECTION((1.,0.,0.));
#13167=IFCWINDOW('1RcI1r9$T1KQ2iuVPR2x0o',$,'Window',$,$,#13634,#13176,$,0.89999997615814209,1.2064476013183594,$,.DOUBLE_PANEL_VERTICAL.,$);
#13168=IFCRELDEFINESBYTYPE('21PCYQ_aPA0edcjRve4AyQ',$,$,$,(#13167),#13086);
#13169=IFCCARTESIANPOINT((0.,0.,0.));
#13170=IFCDIRECTION((1.,0.,0.));
#13171=IFCDIRECTION((0.,1.,0.));
#13172=IFCDIRECTION((0.,0.,1.));
#13173=IFCCARTESIANTRANSFORMATIONOPERATOR3D(#13170,#13171,#13169,1.,#13172);
#13174=IFCMAPPEDITEM(#13089,#13173);
#13175=IFCSHAPEREPRESENTATION(#18,'Profile','MappedRepresentation',(#13174));
#13176=IFCPRODUCTDEFINITIONSHAPE($,$,(#13175,#13183,#13190));
#13177=IFCCARTESIANPOINT((0.,0.,0.));
#13178=IFCDIRECTION((1.,0.,0.));
#13179=IFCDIRECTION((0.,1.,0.));
#13180=IFCDIRECTION((0.,0.,1.));
#13181=IFCCARTESIANTRANSFORMATIONOPERATOR3D(#13178,#13179,#13177,1.,#13180);
#13182=IFCMAPPEDITEM(#13097,#13181);
#13183=IFCSHAPEREPRESENTATION(#11,'Body','MappedRepresentation',(#13182));
#13184=IFCCARTESIANPOINT((0.,0.,0.));
#13185=IFCDIRECTION((1.,0.,0.));
#13186=IFCDIRECTION((0.,1.,0.));
#13187=IFCDIRECTION((0.,0.,1.));
#13188=IFCCARTESIANTRANSFORMATIONOPERATOR3D(#13185,#13186,#13184,1.,#13187);
#13189=IFCMAPPEDITEM(#13145,#13188);
#13190=IFCSHAPEREPRESENTATION(#24,'Body','MappedRepresentation',(#13189));
#13191=IFCOPENINGELEMENT('2Ga_PF9vn4HQEoBRRhmlif',$,'Opening',$,$,#13477,#13219,$,.OPENING.);
#13207=IFCCARTESIANPOINT((0.,0.,0.));
#13208=IFCDIRECTION((1.,0.,0.));
#13209=IFCDIRECTION((0.,0.,1.));
#13210=IFCAXIS2PLACEMENT3D(#13207,#13209,#13208);
#13211=IFCREPRESENTATIONMAP(#13210,#13452);
#13212=IFCCARTESIANPOINT((0.,0.,0.));
#13213=IFCDIRECTION((1.,0.,0.));
#13214=IFCDIRECTION((0.,1.,0.));
#13215=IFCDIRECTION((0.,0.,1.));
#13216=IFCCARTESIANTRANSFORMATIONOPERATOR3D(#13213,#13214,#13212,1.,#13215);
#13217=IFCMAPPEDITEM(#13211,#13216);
#13218=IFCSHAPEREPRESENTATION(#11,'Body','MappedRepresentation',(#13217));
#13219=IFCPRODUCTDEFINITIONSHAPE($,$,(#13218));
#13220=IFCRELVOIDSELEMENT('1IGRRjGn1BZBxGC9YdXJzs',$,$,$,#8119,#13191);
#13226=IFCRELFILLSELEMENT('0OFw2uuUrD5fiLAJVZ6Twd',$,$,$,#13191,#13167);
#13235=IFCCARTESIANPOINTLIST2D(((0.,0.),(0.79761648178100586,0.),(0.79761648178100586,0.89999997615814209),(0.,0.89999997615814209)));
#13236=IFCINDEXEDPOLYCURVE(#13235,(IFCLINEINDEX((1,2,3,4,1))),$);
#13237=IFCCARTESIANPOINTLIST2D(((0.02500000037252903,0.02500000037252903),(0.77261648140847683,0.02500000037252903),(0.77261648140847683,0.87499997578561306),(0.02500000037252903,0.87499997578561306)));
#13238=IFCINDEXEDPOLYCURVE(#13237,(IFCLINEINDEX((1,2,3,4,1))),$);
#13239=IFCARBITRARYPROFILEDEFWITHVOIDS(.AREA.,$,#13236,(#13238));
#13240=IFCCARTESIANPOINT((0.,0.090000001713633537,0.));
#13241=IFCDIRECTION((0.,-1.,0.));
#13242=IFCDIRECTION((1.,0.,0.));
#13243=IFCAXIS2PLACEMENT3D(#13240,#13241,#13242);
#13244=IFCDIRECTION((0.,0.,-1.));
#13245=IFCEXTRUDEDAREASOLID(#13239,#13243,#13244,0.0099999997764825821);
#13246=IFCCARTESIANPOINTLIST2D(((0.,0.),(0.79761648178100586,0.),(0.79761648178100586,0.89999997615814209),(0.,0.89999997615814209)));
#13247=IFCINDEXEDPOLYCURVE(#13246,(IFCLINEINDEX((1,2,3,4,1))),$);
#13248=IFCCARTESIANPOINTLIST2D(((0.05000000074505806,0.05000000074505806),(0.7476164810359478,0.05000000074505806),(0.7476164810359478,0.84999997541308403),(0.05000000074505806,0.84999997541308403)));
#13249=IFCINDEXEDPOLYCURVE(#13248,(IFCLINEINDEX((1,2,3,4,1))),$);
#13250=IFCARBITRARYPROFILEDEFWITHVOIDS(.AREA.,$,#13247,(#13249));
#13251=IFCCARTESIANPOINT((0.,0.05000000074505806,0.));
#13252=IFCDIRECTION((0.,-1.,0.));
#13253=IFCDIRECTION((1.,0.,0.));
#13254=IFCAXIS2PLACEMENT3D(#13251,#13252,#13253);
#13255=IFCDIRECTION((0.,0.,-1.));
#13256=IFCEXTRUDEDAREASOLID(#13250,#13254,#13255,0.040000000968575478);
#13257=IFCCARTESIANPOINTLIST2D(((0.,0.),(0.7476164810359478,0.),(0.7476164810359478,0.84999997541308403),(0.,0.84999997541308403)));
#13258=IFCINDEXEDPOLYCURVE(#13257,(IFCLINEINDEX((1,2,3,4,1))),$);
#13259=IFCCARTESIANPOINTLIST2D(((0.035000000149011612,0.035000000149011612),(0.71261648088693619,0.035000000149011612),(0.71261648088693619,0.81499997526407242),(0.035000000149011612,0.81499997526407242)));
#13260=IFCINDEXEDPOLYCURVE(#13259,(IFCLINEINDEX((1,2,3,4,1))),$);
#13261=IFCARBITRARYPROFILEDEFWITHVOIDS(.AREA.,$,#13258,(#13260));
#13262=IFCCARTESIANPOINT((0.02500000037252903,0.090000001713633537,0.02500000037252903));
#13263=IFCDIRECTION((0.,-1.,0.));
#13264=IFCDIRECTION((1.,0.,0.));
#13265=IFCAXIS2PLACEMENT3D(#13262,#13263,#13264);
#13266=IFCDIRECTION((0.,0.,-1.));
#13267=IFCEXTRUDEDAREASOLID(#13261,#13265,#13266,0.035000000149011612);
#13268=IFCINDEXEDPOLYCURVE(#13269,(IFCLINEINDEX((1,2,3,4,1))),$);
#13269=IFCCARTESIANPOINTLIST2D(((0.035000000149011612,0.035000000149011612),(0.71261648088693619,0.035000000149011612),(0.71261648088693619,0.81499997526407242),(0.035000000149011612,0.81499997526407242)));
#13270=IFCARBITRARYCLOSEDPROFILEDEF(.AREA.,$,#13268);
#13271=IFCCARTESIANPOINT((0.02500000037252903,0.10250000178813934,0.02500000037252903));
#13272=IFCDIRECTION((0.,-1.,0.));
#13273=IFCDIRECTION((1.,0.,0.));
#13274=IFCAXIS2PLACEMENT3D(#13271,#13272,#13273);
#13275=IFCDIRECTION((0.,0.,-1.));
#13276=IFCEXTRUDEDAREASOLID(#13270,#13274,#13275,0.01);
#13278=IFCSHAPEREPRESENTATION(#11,'Body','SweptSolid',(#13245,#13337,#13377,#13388,#13348,#13256));
#13279=IFCSHAPEASPECT((#13278),'Lining',$,.T.,#13176);
#13280=IFCSHAPEREPRESENTATION(#11,'Body','SweptSolid',(#13267,#13399,#13359));
#13281=IFCSHAPEASPECT((#13280),'Framing',$,.T.,#13176);
#13282=IFCSHAPEREPRESENTATION(#11,'Body','SweptSolid',(#13408,#13368,#13276));
#13283=IFCSHAPEASPECT((#13282),'Glazing',$,.T.,#13176);
#13326=IFCCARTESIANPOINTLIST3D(((0.,0.,0.),(1.2064476013183594,0.,0.),(1.2064476013183594,0.,0.89999997615814209),(0.,0.,0.89999997615814209)));
#13327=IFCINDEXEDPOLYCURVE(#13326,(IFCLINEINDEX((1,2,3,4,1))),$);
#13328=IFCSHAPEREPRESENTATION(#18,'Profile','Curve3D',(#13327));
#13329=IFCCARTESIANPOINTLIST2D(((0.30000001192092896,0.),(0.,0.),(0.,0.89999997615814209),(0.30000001192092896,0.89999997615814209),(0.30000001192092896,0.87499997578561306),(0.02500000037252903,0.87499997578561306),(0.02500000037252903,0.02500000037252903),(0.30000001192092896,0.02500000037252903)));
#13330=IFCINDEXEDPOLYCURVE(#13329,(IFCLINEINDEX((1,2,3,4,5,6,7,8,1))),$);
#13331=IFCARBITRARYCLOSEDPROFILEDEF(.AREA.,$,#13330);
#13332=IFCCARTESIANPOINT((0.,0.090000001713633537,0.));
#13333=IFCDIRECTION((0.,-1.,0.));
#13334=IFCDIRECTION((1.,0.,0.));
#13335=IFCAXIS2PLACEMENT3D(#13332,#13333,#13334);
#13336=IFCDIRECTION((0.,0.,-1.));
#13337=IFCEXTRUDEDAREASOLID(#13331,#13335,#13336,0.0099999997764825821);
#13338=IFCCARTESIANPOINTLIST2D(((0.,0.),(0.30000001192092896,0.),(0.30000001192092896,0.89999997615814209),(0.,0.89999997615814209)));
#13339=IFCINDEXEDPOLYCURVE(#13338,(IFCLINEINDEX((1,2,3,4,1))),$);
#13340=IFCCARTESIANPOINTLIST2D(((0.05000000074505806,0.05000000074505806),(0.27500001154839993,0.05000000074505806),(0.27500001154839993,0.84999997541308403),(0.05000000074505806,0.84999997541308403)));
#13341=IFCINDEXEDPOLYCURVE(#13340,(IFCLINEINDEX((1,2,3,4,1))),$);
#13342=IFCARBITRARYPROFILEDEFWITHVOIDS(.AREA.,$,#13339,(#13341));
#13343=IFCCARTESIANPOINT((0.,0.05000000074505806,0.));
#13344=IFCDIRECTION((0.,-1.,0.));
#13345=IFCDIRECTION((1.,0.,0.));
#13346=IFCAXIS2PLACEMENT3D(#13343,#13344,#13345);
#13347=IFCDIRECTION((0.,0.,-1.));
#13348=IFCEXTRUDEDAREASOLID(#13342,#13346,#13347,0.040000000968575478);
#13349=IFCCARTESIANPOINTLIST2D(((0.,0.),(0.27500001154839993,0.),(0.27500001154839993,0.84999997541308403),(0.,0.84999997541308403)));
#13350=IFCINDEXEDPOLYCURVE(#13349,(IFCLINEINDEX((1,2,3,4,1))),$);
#13351=IFCCARTESIANPOINTLIST2D(((0.035000000149011612,0.035000000149011612),(0.24000001139938831,0.035000000149011612),(0.24000001139938831,0.81499997526407242),(0.035000000149011612,0.81499997526407242)));
#13352=IFCINDEXEDPOLYCURVE(#13351,(IFCLINEINDEX((1,2,3,4,1))),$);
#13353=IFCARBITRARYPROFILEDEFWITHVOIDS(.AREA.,$,#13350,(#13352));
#13354=IFCCARTESIANPOINT((0.02500000037252903,0.090000001713633537,0.02500000037252903));
#13355=IFCDIRECTION((0.,-1.,0.));
#13356=IFCDIRECTION((1.,0.,0.));
#13357=IFCAXIS2PLACEMENT3D(#13354,#13355,#13356);
#13358=IFCDIRECTION((0.,0.,-1.));
#13359=IFCEXTRUDEDAREASOLID(#13353,#13357,#13358,0.035000000149011612);
#13360=IFCINDEXEDPOLYCURVE(#13361,(IFCLINEINDEX((1,2,3,4,1))),$);
#13361=IFCCARTESIANPOINTLIST2D(((0.035000000149011612,0.035000000149011612),(0.24000001139938831,0.035000000149011612),(0.24000001139938831,0.81499997526407242),(0.035000000149011612,0.81499997526407242)));
#13362=IFCARBITRARYCLOSEDPROFILEDEF(.AREA.,$,#13360);
#13363=IFCCARTESIANPOINT((0.02500000037252903,0.10250000178813934,0.02500000037252903));
#13364=IFCDIRECTION((0.,-1.,0.));
#13365=IFCDIRECTION((1.,0.,0.));
#13366=IFCAXIS2PLACEMENT3D(#13363,#13364,#13365);
#13367=IFCDIRECTION((0.,0.,-1.));
#13368=IFCEXTRUDEDAREASOLID(#13362,#13366,#13367,0.01);
#13369=IFCCARTESIANPOINTLIST2D(((0.,0.89999997615814209),(0.90644758939743042,0.89999997615814209),(0.90644758939743042,0.),(0.,0.),(0.,0.02500000037252903),(0.88144758902490139,0.02500000037252903),(0.88144758902490139,0.87499997578561306),(0.,0.87499997578561306)));
#13370=IFCINDEXEDPOLYCURVE(#13369,(IFCLINEINDEX((1,2,3,4,5,6,7,8,1))),$);
#13371=IFCARBITRARYCLOSEDPROFILEDEF(.AREA.,$,#13370);
#13372=IFCCARTESIANPOINT((0.30000001192092896,0.090000001713633537,0.));
#13373=IFCDIRECTION((0.,-1.,0.));
#13374=IFCDIRECTION((1.,0.,0.));
#13375=IFCAXIS2PLACEMENT3D(#13372,#13373,#13374);
#13376=IFCDIRECTION((0.,0.,-1.));
#13377=IFCEXTRUDEDAREASOLID(#13371,#13375,#13376,0.0099999997764825821);
#13378=IFCCARTESIANPOINTLIST2D(((0.,0.),(0.90644758939743042,0.),(0.90644758939743042,0.89999997615814209),(0.,0.89999997615814209)));
#13379=IFCINDEXEDPOLYCURVE(#13378,(IFCLINEINDEX((1,2,3,4,1))),$);
#13380=IFCCARTESIANPOINTLIST2D(((0.02500000037252903,0.05000000074505806),(0.85644758865237236,0.05000000074505806),(0.85644758865237236,0.84999997541308403),(0.02500000037252903,0.84999997541308403)));
#13381=IFCINDEXEDPOLYCURVE(#13380,(IFCLINEINDEX((1,2,3,4,1))),$);
#13382=IFCARBITRARYPROFILEDEFWITHVOIDS(.AREA.,$,#13379,(#13381));
#13383=IFCCARTESIANPOINT((0.30000001192092896,0.05000000074505806,0.));
#13384=IFCDIRECTION((0.,-1.,0.));
#13385=IFCDIRECTION((1.,0.,0.));
#13386=IFCAXIS2PLACEMENT3D(#13383,#13384,#13385);
#13387=IFCDIRECTION((0.,0.,-1.));
#13388=IFCEXTRUDEDAREASOLID(#13382,#13386,#13387,0.040000000968575478);
#13389=IFCCARTESIANPOINTLIST2D(((0.,0.),(0.88144758902490139,0.),(0.88144758902490139,0.84999997541308403),(0.,0.84999997541308403)));
#13390=IFCINDEXEDPOLYCURVE(#13389,(IFCLINEINDEX((1,2,3,4,1))),$);
#13391=IFCCARTESIANPOINTLIST2D(((0.035000000149011612,0.035000000149011612),(0.84644758887588978,0.035000000149011612),(0.84644758887588978,0.81499997526407242),(0.035000000149011612,0.81499997526407242)));
#13392=IFCINDEXEDPOLYCURVE(#13391,(IFCLINEINDEX((1,2,3,4,1))),$);
#13393=IFCARBITRARYPROFILEDEFWITHVOIDS(.AREA.,$,#13390,(#13392));
#13394=IFCCARTESIANPOINT((0.30000001192092896,0.090000001713633537,0.02500000037252903));
#13395=IFCDIRECTION((0.,-1.,0.));
#13396=IFCDIRECTION((1.,0.,0.));
#13397=IFCAXIS2PLACEMENT3D(#13394,#13395,#13396);
#13398=IFCDIRECTION((0.,0.,-1.));
#13399=IFCEXTRUDEDAREASOLID(#13393,#13397,#13398,0.035000000149011612);
#13400=IFCINDEXEDPOLYCURVE(#13401,(IFCLINEINDEX((1,2,3,4,1))),$);
#13401=IFCCARTESIANPOINTLIST2D(((0.035000000149011612,0.035000000149011612),(0.84644758887588978,0.035000000149011612),(0.84644758887588978,0.81499997526407242),(0.035000000149011612,0.81499997526407242)));
#13402=IFCARBITRARYCLOSEDPROFILEDEF(.AREA.,$,#13400);
#13403=IFCCARTESIANPOINT((0.30000001192092896,0.10250000178813934,0.02500000037252903));
#13404=IFCDIRECTION((0.,-1.,0.));
#13405=IFCDIRECTION((1.,0.,0.));
#13406=IFCAXIS2PLACEMENT3D(#13403,#13404,#13405);
#13407=IFCDIRECTION((0.,0.,-1.));
#13408=IFCEXTRUDEDAREASOLID(#13402,#13406,#13407,0.01);
#13409=IFCSHAPEREPRESENTATION(#11,'Body','SweptSolid',(#13337,#13348,#13359,#13368,#13377,#13388,#13399,#13408));
#13410=IFCCARTESIANPOINTLIST2D(((0.05000000074505806,0.05000000074505806),(0.27500001154839993,0.05000000074505806)));
#13411=IFCINDEXEDPOLYCURVE(#13410,$,$);
#13412=IFCCARTESIANPOINTLIST2D(((0.,0.10000000149011612),(0.02500000037252903,0.10000000149011612),(0.02500000037252903,0.090000001713633537),(0.05000000074505806,0.090000001713633537),(0.05000000074505806,0.05000000074505806),(0.,0.05000000074505806)));
#13413=IFCINDEXEDPOLYCURVE(#13412,(IFCLINEINDEX((1,2,3,4,5,6,1))),$);
#13414=IFCCARTESIANPOINTLIST2D(((0.30000001192092896,0.10000000149011612),(0.30000001192092896,0.10000000149011612),(0.30000001192092896,0.090000001713633537),(0.27500001154839993,0.090000001713633537),(0.27500001154839993,0.05000000074505806),(0.30000001192092896,0.05000000074505806)));
#13415=IFCINDEXEDPOLYCURVE(#13414,$,$);
#13416=IFCCARTESIANPOINTLIST2D(((0.02500000037252903,0.090000001713633537),(0.060000000521540642,0.090000001713633537),(0.060000000521540642,0.12500000186264515),(0.02500000037252903,0.12500000186264515)));
#13417=IFCINDEXEDPOLYCURVE(#13416,(IFCLINEINDEX((1,2,3,4,1))),$);
#13418=IFCINDEXEDPOLYCURVE(#13419,(IFCLINEINDEX((1,2,3,4,1))),$);
#13419=IFCCARTESIANPOINTLIST2D(((0.30000001192092896,0.090000001713633537),(0.26500001177191734,0.090000001713633537),(0.26500001177191734,0.12500000186264515),(0.30000001192092896,0.12500000186264515)));
#13420=IFCCARTESIANPOINTLIST2D(((0.060000000521540642,0.090000001713633537),(0.26500001177191734,0.090000001713633537)));
#13421=IFCINDEXEDPOLYCURVE(#13420,$,$);
#13422=IFCINDEXEDPOLYCURVE(#13423,$,$);
#13423=IFCCARTESIANPOINTLIST2D(((0.060000000521540642,0.12500000186264515),(0.26500001177191734,0.12500000186264515)));
#13424=IFCINDEXEDPOLYCURVE(#13425,$,$);
#13425=IFCCARTESIANPOINTLIST2D(((0.060000000521540642,0.10750000178813934),(0.26500001177191734,0.10750000178813934)));
#13426=IFCCARTESIANPOINTLIST2D(((0.32500001229345798,0.05000000074505806),(1.1564476005733013,0.05000000074505806)));
#13427=IFCINDEXEDPOLYCURVE(#13426,$,$);
#13428=IFCCARTESIANPOINTLIST2D(((0.30000001192092896,0.10000000149011612),(0.30000001192092896,0.10000000149011612),(0.30000001192092896,0.090000001713633537),(0.32500001229345798,0.090000001713633537),(0.32500001229345798,0.05000000074505806),(0.30000001192092896,0.05000000074505806)));
#13429=IFCINDEXEDPOLYCURVE(#13428,$,$);
#13430=IFCCARTESIANPOINTLIST2D(((1.2064476013183594,0.10000000149011612),(1.1814476009458303,0.10000000149011612),(1.1814476009458303,0.090000001713633537),(1.1564476005733013,0.090000001713633537),(1.1564476005733013,0.05000000074505806),(1.2064476013183594,0.05000000074505806)));
#13431=IFCINDEXEDPOLYCURVE(#13430,(IFCLINEINDEX((1,2,3,4,5,6,1))),$);
#13432=IFCCARTESIANPOINTLIST2D(((0.30000001192092896,0.090000001713633537),(0.33500001206994057,0.090000001713633537),(0.33500001206994057,0.12500000186264515),(0.30000001192092896,0.12500000186264515)));
#13433=IFCINDEXEDPOLYCURVE(#13432,(IFCLINEINDEX((1,2,3,4,1))),$);
#13434=IFCINDEXEDPOLYCURVE(#13435,(IFCLINEINDEX((1,2,3,4,1))),$);
#13435=IFCCARTESIANPOINTLIST2D(((1.1814476009458303,0.090000001713633537),(1.1464476007968187,0.090000001713633537),(1.1464476007968187,0.12500000186264515),(1.1814476009458303,0.12500000186264515)));
#13436=IFCCARTESIANPOINTLIST2D(((0.33500001206994057,0.090000001713633537),(1.1464476007968187,0.090000001713633537)));
#13437=IFCINDEXEDPOLYCURVE(#13436,$,$);
#13438=IFCINDEXEDPOLYCURVE(#13439,$,$);
#13439=IFCCARTESIANPOINTLIST2D(((0.33500001206994057,0.12500000186264515),(1.1464476007968187,0.12500000186264515)));
#13440=IFCINDEXEDPOLYCURVE(#13441,$,$);
#13441=IFCCARTESIANPOINTLIST2D(((0.33500001206994057,0.10750000178813934),(1.1464476007968187,0.10750000178813934)));
#13442=IFCSHAPEREPRESENTATION(#24,'Body','Curve2D',(#13411,#13413,#13415,#13417,#13418,#13421,#13422,#13424,#13427,#13429,#13431,#13433,#13434,#13437,#13438,#13440));
#13443=IFCCARTESIANPOINTLIST2D(((0.,0.),(1.2064476013183594,0.),(1.2064476013183594,0.89999997615814209),(0.,0.89999997615814209)));
#13444=IFCINDEXEDPOLYCURVE(#13443,(IFCLINEINDEX((1,2,3,4,1))),$);
#13445=IFCARBITRARYCLOSEDPROFILEDEF(.AREA.,$,#13444);
#13446=IFCCARTESIANPOINT((0.,-0.60000002384185791,0.));
#13447=IFCDIRECTION((0.,-1.,0.));
#13448=IFCDIRECTION((1.,0.,0.));
#13449=IFCAXIS2PLACEMENT3D(#13446,#13447,#13448);
#13450=IFCDIRECTION((0.,0.,-1.));
#13451=IFCEXTRUDEDAREASOLID(#13445,#13449,#13450,1.2);
#13452=IFCSHAPEREPRESENTATION(#11,'Body','SweptSolid',(#13451));
#13473=IFCCARTESIANPOINT((0.32361235976335889,2.384185791015625E-07,1.));
#13474=IFCDIRECTION((0.,0.,1.));
#13475=IFCDIRECTION((0.99999999999997158,-2.3841857910155572E-07,0.));
#13476=IFCAXIS2PLACEMENT3D(#13473,#13474,#13475);
#13477=IFCLOCALPLACEMENT(#8543,#13476);
#13625=IFCCARTESIANPOINT((0.,-8.8817841970012523E-16,0.));
#13626=IFCDIRECTION((0.,0.,1.));
#13627=IFCDIRECTION((1.,2.1175823681357508E-22,0.));
#13628=IFCAXIS2PLACEMENT3D(#13625,#13626,#13627);
#13629=IFCLOCALPLACEMENT(#12184,#13628);
#13630=IFCCARTESIANPOINT((0.,0.,0.));
#13631=IFCDIRECTION((0.,0.,1.));
#13632=IFCDIRECTION((1.,0.,0.));
#13633=IFCAXIS2PLACEMENT3D(#13630,#13631,#13632);
#13634=IFCLOCALPLACEMENT(#13477,#13633);
#13635=IFCCARTESIANPOINT((0.,0.,6.));
#13636=IFCDIRECTION((0.,0.,1.));
#13637=IFCDIRECTION((1.,0.,0.));
#13638=IFCAXIS2PLACEMENT3D(#13635,#13636,#13637);
#13639=IFCLOCALPLACEMENT(#56,#13638);
#13662=IFCSLAB('2ZOGs42Lr5tPCMipxeTOFO',$,'Slab',$,$,#13670,#13677,$,$);
#13663=IFCRELCONTAINEDINSPATIALSTRUCTURE('1sjZeBT6TEc85RB9GlrT5c',$,$,$,(#13685,#13662),#7790);
#13664=IFCMATERIALLAYERSETUSAGE(#1121,.AXIS3.,.POSITIVE.,-0.10000000149011612,$);
#13665=IFCRELASSOCIATESMATERIAL('1wNbBcssb7bewdGnKuc$yk',$,$,$,(#13662),#13664);
#13666=IFCCARTESIANPOINT((4.2266049385070801,-3.1012935638427734,0.));
#13667=IFCDIRECTION((0.,0.,1.));
#13668=IFCDIRECTION((1.,0.,0.));
#13669=IFCAXIS2PLACEMENT3D(#13666,#13667,#13668);
#13670=IFCLOCALPLACEMENT(#13639,#13669);
#13671=IFCCARTESIANPOINTLIST2D(((0.,0.),(1.9073486328125E-06,9.6111879348754883),(-3.9999983310699463,9.6111888885498047),(-3.9999978542327881,8.6111888885498047),(-7.4999980926513672,8.6111898422241211),(-7.4999966621398926,1.5111889839172363),(-3.9999997615814209,1.5111889839172363),(-4.,0.89999961853027344),(-2.3953061103820801,0.90000009536743164),(-2.3953061103820801,0.),(0.,0.)));
#13672=IFCINDEXEDPOLYCURVE(#13671,$,$);
#13673=IFCDIRECTION((0.,0.,1.));
#13674=IFCARBITRARYCLOSEDPROFILEDEF(.AREA.,$,#13672);
#13675=IFCEXTRUDEDAREASOLID(#13674,#13684,#13673,0.10000000000000001);
#13676=IFCSHAPEREPRESENTATION(#11,'Body','SweptSolid',(#13675));
#13677=IFCPRODUCTDEFINITIONSHAPE($,$,(#13676));
#13678=IFCPROPERTYSET('2AE6gvEwX5BP70OJb0D2kH',$,'EPset_Parametric',$,(#13680));
#13679=IFCRELDEFINESBYPROPERTIES('0ds5X7qKb5FhbuPmC743gd',$,$,$,(#13662),#13678);
#13680=IFCPROPERTYSINGLEVALUE('Engine',$,IFCLABEL('Bonsai.DumbLayer3'),$);
#13681=IFCCARTESIANPOINT((-0.,-0.,-0.10000000149011612));
#13682=IFCDIRECTION((0.,0.,1.));
#13683=IFCDIRECTION((1.,0.,0.));
#13684=IFCAXIS2PLACEMENT3D(#13681,#13682,#13683);
#13685=IFCROOF('2WMQY489jC2ATx_StmnF81',$,'Roof',$,$,#13711,#13694,$,$);
#13686=IFCRELDEFINESBYTYPE('3C5GQofvr7dgd9ntrdSD7s',$,$,$,(#13685),#7677);
#13687=IFCCARTESIANPOINT((0.,0.,0.));
#13688=IFCDIRECTION((1.,0.,0.));
#13689=IFCDIRECTION((0.,1.,0.));
#13690=IFCDIRECTION((0.,0.,1.));
#13691=IFCCARTESIANTRANSFORMATIONOPERATOR3D(#13688,#13689,#13687,1.,#13690);
#13692=IFCMAPPEDITEM(#7707,#13691);
#13693=IFCSHAPEREPRESENTATION(#11,'Body','MappedRepresentation',(#13692));
#13694=IFCPRODUCTDEFINITIONSHAPE($,$,(#13693,#13701));
#13695=IFCCARTESIANPOINT((0.,0.,0.));
#13696=IFCDIRECTION((1.,0.,0.));
#13697=IFCDIRECTION((0.,1.,0.));
#13698=IFCDIRECTION((0.,0.,1.));
#13699=IFCCARTESIANTRANSFORMATIONOPERATOR3D(#13696,#13697,#13695,1.,#13698);
#13700=IFCMAPPEDITEM(#7735,#13699);
#13701=IFCSHAPEREPRESENTATION(#13,'Box','MappedRepresentation',(#13700));
#13707=IFCCARTESIANPOINT((1.028952956199646,1.6543009281158447,0.10154247283935547));
#13708=IFCDIRECTION((0.,0.,1.));
#13709=IFCDIRECTION((1.,0.,0.));
#13710=IFCAXIS2PLACEMENT3D(#13707,#13708,#13709);
#13711=IFCLOCALPLACEMENT(#13639,#13710);
ENDSEC;
END-ISO-10303-21;
